{
    "$schema": "https://vega.github.io/schema/vega-lite/v5.json",


    "title": {
    "text": "Inflation - since 1800",
    "subtitle": "RPI: long series: annual percentage change ",
    "subtitleFontStyle":"italic",
    "subtitleFontSize":10,
    "anchor": "start",
    "color": "black"
  },


    "width":300,
    "height":300,


    "XYZdata": {
      "name":"myData",
      "url": "https://api.allorigins.win/raw?url=https://api.ons.gov.uk/timeseries/CDSI/dataset/mm23/data",
      "format": {
        "type":"json",
        "property": "years"
      }},

      "data": {
        "name":"myData",
        "url": "https://raw.githubusercontent.com/RDeconomist/RDeconomist.github.io/main/charts/ONSinflation/data_MM23-CDSI.json",
        "format": {
          "type":"json",
          "property": "years"
        }},
  


    "mark":{
      "type": "line",
      "color":"#00BFFF",
      "strokeWidth":2,
      "opacity":1
    },

    "transform": [
      {"filter": "datum.year>minYear"},
      {"filter": "datum.year<maxYear"}
    ],

    "params": [    
      {"name":"minYear", "value":1800,
         "bind":{
           "input": "range",
           "min": 1800, 
           "max": 2021, 
           "step": 1,
           "name": "Start year:"}
      },

      {"name":"maxYear", "value":2021,
         "bind":{
           "input": "range",
           "min": 1800, 
           "max": 2021, 
           "step": 1,
           "name": "End year:"}
      }
    ],


    "encoding": {
      
      "x": {
        "field": "date",
        "type": "temporal",
        "title":null
        },
  
      "y": {
        "field": "value",                
        "type": "quantitative",
        "title":null,
        "scale":{
          "domain":{
            "data": "myData", 
            "field": "value"}}
        }
  }
}