{
  "$schema": "https://vega.github.io/schema/vega-lite/v5.json",


  "title": {
  "text": "Tea v Coffee v Hot Cholocolate",
  "subtitle": "Percentage 12-month price change for CPI items",
  "subtitleFontStyle":"italic",
  "subtitleFontSize":10,
  "anchor": "start",
  "color": "black"
},


  "width":300,
  "height":300,

  "encoding": {"x": {"field": "dateClean", "type": "temporal", "title":null}},

  "layer":[
    
    {"data": {"url": "https://raw.githubusercontent.com/RDeconomist/RDeconomist.github.io/main/charts/ONSinflation/data_MM23-L7LM.json",
    "format": {"type":"json", "property": "months"}},

    "transform": [

      {"calculate":"replace(datum.date, ' JAN', '-01')", "as":"date1"},
      {"calculate":"replace(datum.date1, ' FEB', '-02')", "as":"date2"},
      {"calculate":"replace(datum.date2, ' MAR', '-03')", "as":"date3"},
      {"calculate":"replace(datum.date3, ' APR', '-04')", "as":"date4"},
      {"calculate":"replace(datum.date4, ' MAY', '-05')", "as":"date5"},
      {"calculate":"replace(datum.date5, ' JUN', '-06')", "as":"date6"},
      {"calculate":"replace(datum.date6, ' JUL', '-07')", "as":"date7"},
      {"calculate":"replace(datum.date7, ' AUG', '-08')", "as":"date8"},
      {"calculate":"replace(datum.date8, ' SEP', '-09')", "as":"date9"},
      {"calculate":"replace(datum.date9, ' OCT', '-10')", "as":"date10"},
      {"calculate":"replace(datum.date10, ' NOV', '-11')", "as":"date11"},
      {"calculate":"replace(datum.date11, ' DEC', '-12')", "as":"date12"},
  
      {"calculate":"timeParse(datum.date12, '%Y-%m')", "as": "dateClean"}
    
  
      
    ],

    "mark":{"type": "line", "color":"#00BFFF"},

    "encoding": {"y": {"field": "value", "type": "quantitative","title":null}}
  },

  {"data": {"url": "https://raw.githubusercontent.com/RDeconomist/RDeconomist.github.io/main/charts/ONSinflation/data_MM23-L7LN.json",
    "format": {"type":"json", "property": "months"}},

    "transform": [

      {"calculate":"replace(datum.date, ' JAN', '-01')", "as":"date1"},
      {"calculate":"replace(datum.date1, ' FEB', '-02')", "as":"date2"},
      {"calculate":"replace(datum.date2, ' MAR', '-03')", "as":"date3"},
      {"calculate":"replace(datum.date3, ' APR', '-04')", "as":"date4"},
      {"calculate":"replace(datum.date4, ' MAY', '-05')", "as":"date5"},
      {"calculate":"replace(datum.date5, ' JUN', '-06')", "as":"date6"},
      {"calculate":"replace(datum.date6, ' JUL', '-07')", "as":"date7"},
      {"calculate":"replace(datum.date7, ' AUG', '-08')", "as":"date8"},
      {"calculate":"replace(datum.date8, ' SEP', '-09')", "as":"date9"},
      {"calculate":"replace(datum.date9, ' OCT', '-10')", "as":"date10"},
      {"calculate":"replace(datum.date10, ' NOV', '-11')", "as":"date11"},
      {"calculate":"replace(datum.date11, ' DEC', '-12')", "as":"date12"},
  
      {"calculate":"timeParse(datum.date12, '%Y-%m')", "as": "dateClean"}
    ],

    "mark":{"type": "line", "color":"blue"},

    "encoding": {"y": {"field": "value", "type": "quantitative","title":null}}
  },

  {"data": {"url": "https://raw.githubusercontent.com/RDeconomist/RDeconomist.github.io/main/charts/ONSinflation/data_MM23-L7LO.json.json",
    "format": {"type":"json", "property": "months"}},

    "transform": [

      {"calculate":"replace(datum.date, ' JAN', '-01')", "as":"date1"},
      {"calculate":"replace(datum.date1, ' FEB', '-02')", "as":"date2"},
      {"calculate":"replace(datum.date2, ' MAR', '-03')", "as":"date3"},
      {"calculate":"replace(datum.date3, ' APR', '-04')", "as":"date4"},
      {"calculate":"replace(datum.date4, ' MAY', '-05')", "as":"date5"},
      {"calculate":"replace(datum.date5, ' JUN', '-06')", "as":"date6"},
      {"calculate":"replace(datum.date6, ' JUL', '-07')", "as":"date7"},
      {"calculate":"replace(datum.date7, ' AUG', '-08')", "as":"date8"},
      {"calculate":"replace(datum.date8, ' SEP', '-09')", "as":"date9"},
      {"calculate":"replace(datum.date9, ' OCT', '-10')", "as":"date10"},
      {"calculate":"replace(datum.date10, ' NOV', '-11')", "as":"date11"},
      {"calculate":"replace(datum.date11, ' DEC', '-12')", "as":"date12"},
  
      {"calculate":"timeParse(datum.date12, '%Y-%m')", "as": "dateClean"}
    ],

    "mark":{"type": "line", "color":"#0276FD"},

    "encoding": {"y": {"field": "value", "type": "quantitative","title":null}}
  }
  
  ]
 
}