{
    "description": {
        "cdid": "L7LO",
        "contact": {
            "email": "cpi@ons.gov.uk",
            "name": "Chris Payne",
            "telephone": "Consumer price inflation enquiries: +44 1633 456900. Consumer price inflation recorded message (available after 8:00 on release day): + 44 800 011 3703 "
        },
        "datasetId": "MM23",
        "datasetUri": "/economy/inflationandpriceindices/datasets/consumerpriceindices",
        "date": "2021 AUG",
        "nextRelease": "15 September 2021",
        "number": "-1.0",
        "preUnit": "",
        "releaseDate": "2021-08-17T23:00:00.000Z",
        "sampleSize": "0",
        "source": "",
        "title": "CPI ANNUAL RATE 01.2.1.3 Cocoa and powdered chocolate 2015=100",
        "unit": ""
    },
    "months": [
        {
            "date": "2016 JAN",
            "label": "2016 JAN",
            "month": "January",
            "quarter": "",
            "sourceDataset": "MM23",
            "updateDate": "2017-03-14T00:00:00.000Z",
            "value": "6.5",
            "year": "2016"
        },
        {
            "date": "2016 FEB",
            "label": "2016 FEB",
            "month": "February",
            "quarter": "",
            "sourceDataset": "MM23",
            "updateDate": "2017-03-14T00:00:00.000Z",
            "value": "-2.8",
            "year": "2016"
        },
        {
            "date": "2016 MAR",
            "label": "2016 MAR",
            "month": "March",
            "quarter": "",
            "sourceDataset": "MM23",
            "updateDate": "2017-03-14T00:00:00.000Z",
            "value": "8.2",
            "year": "2016"
        },
        {
            "date": "2016 APR",
            "label": "2016 APR",
            "month": "April",
            "quarter": "",
            "sourceDataset": "MM23",
            "updateDate": "2017-03-14T00:00:00.000Z",
            "value": "-0.4",
            "year": "2016"
        },
        {
            "date": "2016 MAY",
            "label": "2016 MAY",
            "month": "May",
            "quarter": "",
            "sourceDataset": "MM23",
            "updateDate": "2017-03-14T00:00:00.000Z",
            "value": "6.5",
            "year": "2016"
        },
        {
            "date": "2016 JUN",
            "label": "2016 JUN",
            "month": "June",
            "quarter": "",
            "sourceDataset": "MM23",
            "updateDate": "2017-03-14T00:00:00.000Z",
            "value": "0.5",
            "year": "2016"
        },
        {
            "date": "2016 JUL",
            "label": "2016 JUL",
            "month": "July",
            "quarter": "",
            "sourceDataset": "MM23",
            "updateDate": "2017-03-14T00:00:00.000Z",
            "value": "-0.4",
            "year": "2016"
        },
        {
            "date": "2016 AUG",
            "label": "2016 AUG",
            "month": "August",
            "quarter": "",
            "sourceDataset": "MM23",
            "updateDate": "2017-03-14T00:00:00.000Z",
            "value": "1.3",
            "year": "2016"
        },
        {
            "date": "2016 SEP",
            "label": "2016 SEP",
            "month": "September",
            "quarter": "",
            "sourceDataset": "MM23",
            "updateDate": "2017-03-14T00:00:00.000Z",
            "value": "-2.2",
            "year": "2016"
        },
        {
            "date": "2016 OCT",
            "label": "2016 OCT",
            "month": "October",
            "quarter": "",
            "sourceDataset": "MM23",
            "updateDate": "2017-03-14T00:00:00.000Z",
            "value": "-0.8",
            "year": "2016"
        },
        {
            "date": "2016 NOV",
            "label": "2016 NOV",
            "month": "November",
            "quarter": "",
            "sourceDataset": "MM23",
            "updateDate": "2017-03-14T00:00:00.000Z",
            "value": "12.0",
            "year": "2016"
        },
        {
            "date": "2016 DEC",
            "label": "2016 DEC",
            "month": "December",
            "quarter": "",
            "sourceDataset": "MM23",
            "updateDate": "2017-03-14T00:00:00.000Z",
            "value": "-5.4",
            "year": "2016"
        },
        {
            "date": "2017 JAN",
            "label": "2017 JAN",
            "month": "January",
            "quarter": "",
            "sourceDataset": "MM23",
            "updateDate": "2017-03-14T00:00:00.000Z",
            "value": "-0.5",
            "year": "2017"
        },
        {
            "date": "2017 FEB",
            "label": "2017 FEB",
            "month": "February",
            "quarter": "",
            "sourceDataset": "MM23",
            "updateDate": "2017-03-21T00:00:00.000Z",
            "value": "0.2",
            "year": "2017"
        },
        {
            "date": "2017 MAR",
            "label": "2017 MAR",
            "month": "March",
            "quarter": "",
            "sourceDataset": "MM23",
            "updateDate": "2017-04-10T23:00:00.000Z",
            "value": "0.7",
            "year": "2017"
        },
        {
            "date": "2017 APR",
            "label": "2017 APR",
            "month": "April",
            "quarter": "",
            "sourceDataset": "MM23",
            "updateDate": "2017-05-15T23:00:00.000Z",
            "value": "4.9",
            "year": "2017"
        },
        {
            "date": "2017 MAY",
            "label": "2017 MAY",
            "month": "May",
            "quarter": "",
            "sourceDataset": "MM23",
            "updateDate": "2017-06-12T23:00:00.000Z",
            "value": "-1.3",
            "year": "2017"
        },
        {
            "date": "2017 JUN",
            "label": "2017 JUN",
            "month": "June",
            "quarter": "",
            "sourceDataset": "MM23",
            "updateDate": "2017-07-17T23:00:00.000Z",
            "value": "3.6",
            "year": "2017"
        },
        {
            "date": "2017 JUL",
            "label": "2017 JUL",
            "month": "July",
            "quarter": "",
            "sourceDataset": "MM23",
            "updateDate": "2017-08-14T23:00:00.000Z",
            "value": "1.3",
            "year": "2017"
        },
        {
            "date": "2017 AUG",
            "label": "2017 AUG",
            "month": "August",
            "quarter": "",
            "sourceDataset": "MM23",
            "updateDate": "2017-09-11T23:00:00.000Z",
            "value": "-0.7",
            "year": "2017"
        },
        {
            "date": "2017 SEP",
            "label": "2017 SEP",
            "month": "September",
            "quarter": "",
            "sourceDataset": "MM23",
            "updateDate": "2017-10-16T23:00:00.000Z",
            "value": "3.7",
            "year": "2017"
        },
        {
            "date": "2017 OCT",
            "label": "2017 OCT",
            "month": "October",
            "quarter": "",
            "sourceDataset": "MM23",
            "updateDate": "2017-11-14T00:00:00.000Z",
            "value": "0.5",
            "year": "2017"
        },
        {
            "date": "2017 NOV",
            "label": "2017 NOV",
            "month": "November",
            "quarter": "",
            "sourceDataset": "MM23",
            "updateDate": "2017-12-12T00:00:00.000Z",
            "value": "-6.1",
            "year": "2017"
        },
        {
            "date": "2017 DEC",
            "label": "2017 DEC",
            "month": "December",
            "quarter": "",
            "sourceDataset": "MM23",
            "updateDate": "2018-01-16T00:00:00.000Z",
            "value": "10.8",
            "year": "2017"
        },
        {
            "date": "2018 JAN",
            "label": "2018 JAN",
            "month": "January",
            "quarter": "",
            "sourceDataset": "MM23",
            "updateDate": "2018-02-13T00:00:00.000Z",
            "value": "-1.4",
            "year": "2018"
        },
        {
            "date": "2018 FEB",
            "label": "2018 FEB",
            "month": "February",
            "quarter": "",
            "sourceDataset": "MM23",
            "updateDate": "2018-03-20T00:00:00.000Z",
            "value": "-1.0",
            "year": "2018"
        },
        {
            "date": "2018 MAR",
            "label": "2018 MAR",
            "month": "March",
            "quarter": "",
            "sourceDataset": "MM23",
            "updateDate": "2018-04-17T23:00:00.000Z",
            "value": "3.7",
            "year": "2018"
        },
        {
            "date": "2018 APR",
            "label": "2018 APR",
            "month": "April",
            "quarter": "",
            "sourceDataset": "MM23",
            "updateDate": "2018-05-22T23:00:00.000Z",
            "value": "-3.8",
            "year": "2018"
        },
        {
            "date": "2018 MAY",
            "label": "2018 MAY",
            "month": "May",
            "quarter": "",
            "sourceDataset": "MM23",
            "updateDate": "2018-06-12T23:00:00.000Z",
            "value": "1.6",
            "year": "2018"
        },
        {
            "date": "2018 JUN",
            "label": "2018 JUN",
            "month": "June",
            "quarter": "",
            "sourceDataset": "MM23",
            "updateDate": "2018-07-17T23:00:00.000Z",
            "value": "-0.7",
            "year": "2018"
        },
        {
            "date": "2018 JUL",
            "label": "2018 JUL",
            "month": "July",
            "quarter": "",
            "sourceDataset": "MM23",
            "updateDate": "2018-08-14T23:00:00.000Z",
            "value": "0.5",
            "year": "2018"
        },
        {
            "date": "2018 AUG",
            "label": "2018 AUG",
            "month": "August",
            "quarter": "",
            "sourceDataset": "MM23",
            "updateDate": "2018-09-18T23:00:00.000Z",
            "value": "0.2",
            "year": "2018"
        },
        {
            "date": "2018 SEP",
            "label": "2018 SEP",
            "month": "September",
            "quarter": "",
            "sourceDataset": "MM23",
            "updateDate": "2018-10-16T23:00:00.000Z",
            "value": "-0.3",
            "year": "2018"
        },
        {
            "date": "2018 OCT",
            "label": "2018 OCT",
            "month": "October",
            "quarter": "",
            "sourceDataset": "MM23",
            "updateDate": "2018-11-14T00:00:00.000Z",
            "value": "-0.8",
            "year": "2018"
        },
        {
            "date": "2018 NOV",
            "label": "2018 NOV",
            "month": "November",
            "quarter": "",
            "sourceDataset": "MM23",
            "updateDate": "2018-12-19T00:00:00.000Z",
            "value": "-2.8",
            "year": "2018"
        },
        {
            "date": "2018 DEC",
            "label": "2018 DEC",
            "month": "December",
            "quarter": "",
            "sourceDataset": "MM23",
            "updateDate": "2019-01-16T00:00:00.000Z",
            "value": "-1.7",
            "year": "2018"
        },
        {
            "date": "2019 JAN",
            "label": "2019 JAN",
            "month": "January",
            "quarter": "",
            "sourceDataset": "MM23",
            "updateDate": "2019-02-13T00:00:00.000Z",
            "value": "-0.1",
            "year": "2019"
        },
        {
            "date": "2019 FEB",
            "label": "2019 FEB",
            "month": "February",
            "quarter": "",
            "sourceDataset": "MM23",
            "updateDate": "2019-03-20T00:00:00.000Z",
            "value": "4.2",
            "year": "2019"
        },
        {
            "date": "2019 MAR",
            "label": "2019 MAR",
            "month": "March",
            "quarter": "",
            "sourceDataset": "MM23",
            "updateDate": "2019-04-16T23:00:00.000Z",
            "value": "-5.1",
            "year": "2019"
        },
        {
            "date": "2019 APR",
            "label": "2019 APR",
            "month": "April",
            "quarter": "",
            "sourceDataset": "MM23",
            "updateDate": "2019-05-21T23:00:00.000Z",
            "value": "-3.0",
            "year": "2019"
        },
        {
            "date": "2019 MAY",
            "label": "2019 MAY",
            "month": "May",
            "quarter": "",
            "sourceDataset": "MM23",
            "updateDate": "2019-06-18T23:00:00.000Z",
            "value": "3.5",
            "year": "2019"
        },
        {
            "date": "2019 JUN",
            "label": "2019 JUN",
            "month": "June",
            "quarter": "",
            "sourceDataset": "MM23",
            "updateDate": "2019-07-16T23:00:00.000Z",
            "value": "-1.0",
            "year": "2019"
        },
        {
            "date": "2019 JUL",
            "label": "2019 JUL",
            "month": "July",
            "quarter": "",
            "sourceDataset": "MM23",
            "updateDate": "2019-08-13T23:00:00.000Z",
            "value": "0.5",
            "year": "2019"
        },
        {
            "date": "2019 AUG",
            "label": "2019 AUG",
            "month": "August",
            "quarter": "",
            "sourceDataset": "MM23",
            "updateDate": "2019-09-17T23:00:00.000Z",
            "value": "1.2",
            "year": "2019"
        },
        {
            "date": "2019 SEP",
            "label": "2019 SEP",
            "month": "September",
            "quarter": "",
            "sourceDataset": "MM23",
            "updateDate": "2019-10-15T23:00:00.000Z",
            "value": "-5.0",
            "year": "2019"
        },
        {
            "date": "2019 OCT",
            "label": "2019 OCT",
            "month": "October",
            "quarter": "",
            "sourceDataset": "MM23",
            "updateDate": "2019-11-13T00:00:00.000Z",
            "value": "3.8",
            "year": "2019"
        },
        {
            "date": "2019 NOV",
            "label": "2019 NOV",
            "month": "November",
            "quarter": "",
            "sourceDataset": "MM23",
            "updateDate": "2019-12-18T00:00:00.000Z",
            "value": "7.7",
            "year": "2019"
        },
        {
            "date": "2019 DEC",
            "label": "2019 DEC",
            "month": "December",
            "quarter": "",
            "sourceDataset": "MM23",
            "updateDate": "2020-01-15T00:00:00.000Z",
            "value": "0.6",
            "year": "2019"
        },
        {
            "date": "2020 JAN",
            "label": "2020 JAN",
            "month": "January",
            "quarter": "",
            "sourceDataset": "MM23",
            "updateDate": "2020-02-19T00:00:00.000Z",
            "value": "1.7",
            "year": "2020"
        },
        {
            "date": "2020 FEB",
            "label": "2020 FEB",
            "month": "February",
            "quarter": "",
            "sourceDataset": "MM23",
            "updateDate": "2020-03-25T00:00:00.000Z",
            "value": "-0.5",
            "year": "2020"
        },
        {
            "date": "2020 MAR",
            "label": "2020 MAR",
            "month": "March",
            "quarter": "",
            "sourceDataset": "MM23",
            "updateDate": "2020-04-21T23:00:00.000Z",
            "value": "10.2",
            "year": "2020"
        },
        {
            "date": "2020 APR",
            "label": "2020 APR",
            "month": "April",
            "quarter": "",
            "sourceDataset": "MM23",
            "updateDate": "2020-05-19T23:00:00.000Z",
            "value": "8.0",
            "year": "2020"
        },
        {
            "date": "2020 MAY",
            "label": "2020 MAY",
            "month": "May",
            "quarter": "",
            "sourceDataset": "MM23",
            "updateDate": "2020-06-16T23:00:00.000Z",
            "value": "1.6",
            "year": "2020"
        },
        {
            "date": "2020 JUN",
            "label": "2020 JUN",
            "month": "June",
            "quarter": "",
            "sourceDataset": "MM23",
            "updateDate": "2020-07-14T23:00:00.000Z",
            "value": "-4.8",
            "year": "2020"
        },
        {
            "date": "2020 JUL",
            "label": "2020 JUL",
            "month": "July",
            "quarter": "",
            "sourceDataset": "MM23",
            "updateDate": "2020-08-18T23:00:00.000Z",
            "value": "-0.9",
            "year": "2020"
        },
        {
            "date": "2020 AUG",
            "label": "2020 AUG",
            "month": "August",
            "quarter": "",
            "sourceDataset": "MM23",
            "updateDate": "2020-09-15T23:00:00.000Z",
            "value": "1.7",
            "year": "2020"
        },
        {
            "date": "2020 SEP",
            "label": "2020 SEP",
            "month": "September",
            "quarter": "",
            "sourceDataset": "MM23",
            "updateDate": "2020-10-20T23:00:00.000Z",
            "value": "4.7",
            "year": "2020"
        },
        {
            "date": "2020 OCT",
            "label": "2020 OCT",
            "month": "October",
            "quarter": "",
            "sourceDataset": "MM23",
            "updateDate": "2020-11-18T00:00:00.000Z",
            "value": "0.6",
            "year": "2020"
        },
        {
            "date": "2020 NOV",
            "label": "2020 NOV",
            "month": "November",
            "quarter": "",
            "sourceDataset": "MM23",
            "updateDate": "2020-12-16T00:00:00.000Z",
            "value": "-4.0",
            "year": "2020"
        },
        {
            "date": "2020 DEC",
            "label": "2020 DEC",
            "month": "December",
            "quarter": "",
            "sourceDataset": "MM23",
            "updateDate": "2021-01-20T00:00:00.000Z",
            "value": "1.7",
            "year": "2020"
        },
        {
            "date": "2021 JAN",
            "label": "2021 JAN",
            "month": "January",
            "quarter": "",
            "sourceDataset": "MM23",
            "updateDate": "2021-02-17T00:00:00.000Z",
            "value": "3.1",
            "year": "2021"
        },
        {
            "date": "2021 FEB",
            "label": "2021 FEB",
            "month": "February",
            "quarter": "",
            "sourceDataset": "MM23",
            "updateDate": "2021-03-24T00:00:00.000Z",
            "value": "-3.2",
            "year": "2021"
        },
        {
            "date": "2021 MAR",
            "label": "2021 MAR",
            "month": "March",
            "quarter": "",
            "sourceDataset": "MM23",
            "updateDate": "2021-04-20T23:00:00.000Z",
            "value": "-0.8",
            "year": "2021"
        },
        {
            "date": "2021 APR",
            "label": "2021 APR",
            "month": "April",
            "quarter": "",
            "sourceDataset": "MM23",
            "updateDate": "2021-05-18T23:00:00.000Z",
            "value": "0.6",
            "year": "2021"
        },
        {
            "date": "2021 MAY",
            "label": "2021 MAY",
            "month": "May",
            "quarter": "",
            "sourceDataset": "MM23",
            "updateDate": "2021-06-15T23:00:00.000Z",
            "value": "0.5",
            "year": "2021"
        },
        {
            "date": "2021 JUN",
            "label": "2021 JUN",
            "month": "June",
            "quarter": "",
            "sourceDataset": "MM23",
            "updateDate": "2021-07-13T23:00:00.000Z",
            "value": "8.4",
            "year": "2021"
        },
        {
            "date": "2021 JUL",
            "label": "2021 JUL",
            "month": "July",
            "quarter": "",
            "sourceDataset": "MM23",
            "updateDate": "2021-08-17T23:00:00.000Z",
            "value": "1.5",
            "year": "2021"
        },
        {
            "date": "2021 AUG",
            "label": "2021 AUG",
            "month": "August",
            "quarter": "",
            "sourceDataset": "MM23",
            "updateDate": "2021-08-17T23:00:00.000Z",
            "value": "-1.0",
            "year": "2021"
        }
    ],
    "quarters": [
        {
            "date": "2016 Q1",
            "label": "2016 Q1",
            "month": "",
            "quarter": "Q1",
            "sourceDataset": "MM23",
            "updateDate": "2017-03-14T00:00:00.000Z",
            "value": "3.8",
            "year": "2016"
        },
        {
            "date": "2016 Q2",
            "label": "2016 Q2",
            "month": "",
            "quarter": "Q2",
            "sourceDataset": "MM23",
            "updateDate": "2017-03-14T00:00:00.000Z",
            "value": "2.1",
            "year": "2016"
        },
        {
            "date": "2016 Q3",
            "label": "2016 Q3",
            "month": "",
            "quarter": "Q3",
            "sourceDataset": "MM23",
            "updateDate": "2017-03-14T00:00:00.000Z",
            "value": "-0.4",
            "year": "2016"
        },
        {
            "date": "2016 Q4",
            "label": "2016 Q4",
            "month": "",
            "quarter": "Q4",
            "sourceDataset": "MM23",
            "updateDate": "2017-03-14T00:00:00.000Z",
            "value": "1.8",
            "year": "2016"
        },
        {
            "date": "2017 Q1",
            "label": "2017 Q1",
            "month": "",
            "quarter": "Q1",
            "sourceDataset": "MM23",
            "updateDate": "2017-04-10T23:00:00.000Z",
            "value": "0.1",
            "year": "2017"
        },
        {
            "date": "2017 Q2",
            "label": "2017 Q2",
            "month": "",
            "quarter": "Q2",
            "sourceDataset": "MM23",
            "updateDate": "2017-07-17T23:00:00.000Z",
            "value": "2.4",
            "year": "2017"
        },
        {
            "date": "2017 Q3",
            "label": "2017 Q3",
            "month": "",
            "quarter": "Q3",
            "sourceDataset": "MM23",
            "updateDate": "2017-10-16T23:00:00.000Z",
            "value": "1.4",
            "year": "2017"
        },
        {
            "date": "2017 Q4",
            "label": "2017 Q4",
            "month": "",
            "quarter": "Q4",
            "sourceDataset": "MM23",
            "updateDate": "2018-01-16T00:00:00.000Z",
            "value": "1.4",
            "year": "2017"
        },
        {
            "date": "2018 Q1",
            "label": "2018 Q1",
            "month": "",
            "quarter": "Q1",
            "sourceDataset": "MM23",
            "updateDate": "2018-04-17T23:00:00.000Z",
            "value": "0.4",
            "year": "2018"
        },
        {
            "date": "2018 Q2",
            "label": "2018 Q2",
            "month": "",
            "quarter": "Q2",
            "sourceDataset": "MM23",
            "updateDate": "2018-07-17T23:00:00.000Z",
            "value": "-1.0",
            "year": "2018"
        },
        {
            "date": "2018 Q3",
            "label": "2018 Q3",
            "month": "",
            "quarter": "Q3",
            "sourceDataset": "MM23",
            "updateDate": "2018-10-16T23:00:00.000Z",
            "value": "0.1",
            "year": "2018"
        },
        {
            "date": "2018 Q4",
            "label": "2018 Q4",
            "month": "",
            "quarter": "Q4",
            "sourceDataset": "MM23",
            "updateDate": "2019-01-16T00:00:00.000Z",
            "value": "-1.8",
            "year": "2018"
        },
        {
            "date": "2019 Q1",
            "label": "2019 Q1",
            "month": "",
            "quarter": "Q1",
            "sourceDataset": "MM23",
            "updateDate": "2019-04-16T23:00:00.000Z",
            "value": "-0.4",
            "year": "2019"
        },
        {
            "date": "2019 Q2",
            "label": "2019 Q2",
            "month": "",
            "quarter": "Q2",
            "sourceDataset": "MM23",
            "updateDate": "2019-07-16T23:00:00.000Z",
            "value": "-0.2",
            "year": "2019"
        },
        {
            "date": "2019 Q3",
            "label": "2019 Q3",
            "month": "",
            "quarter": "Q3",
            "sourceDataset": "MM23",
            "updateDate": "2019-10-15T23:00:00.000Z",
            "value": "-1.1",
            "year": "2019"
        },
        {
            "date": "2019 Q4",
            "label": "2019 Q4",
            "month": "",
            "quarter": "Q4",
            "sourceDataset": "MM23",
            "updateDate": "2020-01-15T00:00:00.000Z",
            "value": "4.0",
            "year": "2019"
        },
        {
            "date": "2020 Q1",
            "label": "2020 Q1",
            "month": "",
            "quarter": "Q1",
            "sourceDataset": "MM23",
            "updateDate": "2020-04-21T23:00:00.000Z",
            "value": "3.7",
            "year": "2020"
        },
        {
            "date": "2020 Q2",
            "label": "2020 Q2",
            "month": "",
            "quarter": "Q2",
            "sourceDataset": "MM23",
            "updateDate": "2020-07-14T23:00:00.000Z",
            "value": "1.5",
            "year": "2020"
        },
        {
            "date": "2020 Q3",
            "label": "2020 Q3",
            "month": "",
            "quarter": "Q3",
            "sourceDataset": "MM23",
            "updateDate": "2020-10-20T23:00:00.000Z",
            "value": "1.7",
            "year": "2020"
        },
        {
            "date": "2020 Q4",
            "label": "2020 Q4",
            "month": "",
            "quarter": "Q4",
            "sourceDataset": "MM23",
            "updateDate": "2021-01-20T00:00:00.000Z",
            "value": "-0.6",
            "year": "2020"
        },
        {
            "date": "2021 Q1",
            "label": "2021 Q1",
            "month": "",
            "quarter": "Q1",
            "sourceDataset": "MM23",
            "updateDate": "2021-04-20T23:00:00.000Z",
            "value": "-0.3",
            "year": "2021"
        },
        {
            "date": "2021 Q2",
            "label": "2021 Q2",
            "month": "",
            "quarter": "Q2",
            "sourceDataset": "MM23",
            "updateDate": "2021-07-13T23:00:00.000Z",
            "value": "3.1",
            "year": "2021"
        }
    ],
    "relatedDatasets": [
        {
            "uri": "/economy/inflationandpriceindices/datasets/consumerpriceindices"
        }
    ],
    "relatedDocuments": [
        {
            "uri": "/economy/inflationandpriceindices/bulletins/consumerpriceinflation/latest"
        }
    ],
    "sourceDatasets": [],
    "type": "timeseries",
    "uri": "/economy/inflationandpriceindices/timeseries/l7lo/mm23",
    "versions": [
        {
            "correctionNotice": "",
            "label": "v1",
            "updateDate": "2017-03-21T09:30:00.000Z",
            "uri": "/economy/inflationandpriceindices/timeseries/l7lo/mm23/previous/v1"
        },
        {
            "correctionNotice": "",
            "label": "v2",
            "updateDate": "2017-04-11T08:30:00.000Z",
            "uri": "/economy/inflationandpriceindices/timeseries/l7lo/mm23/previous/v2"
        },
        {
            "correctionNotice": "",
            "label": "v3",
            "updateDate": "2017-05-16T08:30:00.000Z",
            "uri": "/economy/inflationandpriceindices/timeseries/l7lo/mm23/previous/v3"
        },
        {
            "correctionNotice": "",
            "label": "v4",
            "updateDate": "2017-06-13T08:30:00.000Z",
            "uri": "/economy/inflationandpriceindices/timeseries/l7lo/mm23/previous/v4"
        },
        {
            "correctionNotice": "",
            "label": "v5",
            "updateDate": "2017-07-18T08:30:00.000Z",
            "uri": "/economy/inflationandpriceindices/timeseries/l7lo/mm23/previous/v5"
        },
        {
            "correctionNotice": "",
            "label": "v6",
            "updateDate": "2017-08-15T08:30:00.000Z",
            "uri": "/economy/inflationandpriceindices/timeseries/l7lo/mm23/previous/v6"
        },
        {
            "correctionNotice": "",
            "label": "v7",
            "updateDate": "2017-09-12T08:30:00.000Z",
            "uri": "/economy/inflationandpriceindices/timeseries/l7lo/mm23/previous/v7"
        },
        {
            "correctionNotice": "",
            "label": "v8",
            "updateDate": "2017-10-17T08:30:00.000Z",
            "uri": "/economy/inflationandpriceindices/timeseries/l7lo/mm23/previous/v8"
        },
        {
            "correctionNotice": "",
            "label": "v9",
            "updateDate": "2017-11-14T09:30:00.000Z",
            "uri": "/economy/inflationandpriceindices/timeseries/l7lo/mm23/previous/v9"
        },
        {
            "correctionNotice": "",
            "label": "v10",
            "updateDate": "2017-12-12T09:30:00.000Z",
            "uri": "/economy/inflationandpriceindices/timeseries/l7lo/mm23/previous/v10"
        },
        {
            "correctionNotice": "",
            "label": "v11",
            "updateDate": "2018-01-16T09:30:00.000Z",
            "uri": "/economy/inflationandpriceindices/timeseries/l7lo/mm23/previous/v11"
        },
        {
            "correctionNotice": "",
            "label": "v12",
            "updateDate": "2018-02-13T09:30:00.000Z",
            "uri": "/economy/inflationandpriceindices/timeseries/l7lo/mm23/previous/v12"
        },
        {
            "correctionNotice": "",
            "label": "v13",
            "updateDate": "2018-03-20T09:30:00.000Z",
            "uri": "/economy/inflationandpriceindices/timeseries/l7lo/mm23/previous/v13"
        },
        {
            "correctionNotice": "",
            "label": "v14",
            "updateDate": "2018-04-18T08:30:00.000Z",
            "uri": "/economy/inflationandpriceindices/timeseries/l7lo/mm23/previous/v14"
        },
        {
            "correctionNotice": "",
            "label": "v15",
            "updateDate": "2018-05-23T08:30:00.000Z",
            "uri": "/economy/inflationandpriceindices/timeseries/l7lo/mm23/previous/v15"
        },
        {
            "correctionNotice": "",
            "label": "v16",
            "updateDate": "2018-06-13T08:30:00.000Z",
            "uri": "/economy/inflationandpriceindices/timeseries/l7lo/mm23/previous/v16"
        },
        {
            "correctionNotice": "",
            "label": "v17",
            "updateDate": "2018-07-18T08:30:00.000Z",
            "uri": "/economy/inflationandpriceindices/timeseries/l7lo/mm23/previous/v17"
        },
        {
            "correctionNotice": "",
            "label": "v18",
            "updateDate": "2018-08-15T08:30:00.000Z",
            "uri": "/economy/inflationandpriceindices/timeseries/l7lo/mm23/previous/v18"
        },
        {
            "correctionNotice": "",
            "label": "v19",
            "updateDate": "2018-09-19T08:30:00.000Z",
            "uri": "/economy/inflationandpriceindices/timeseries/l7lo/mm23/previous/v19"
        },
        {
            "correctionNotice": "",
            "label": "v20",
            "updateDate": "2018-10-17T08:30:00.000Z",
            "uri": "/economy/inflationandpriceindices/timeseries/l7lo/mm23/previous/v20"
        },
        {
            "correctionNotice": "",
            "label": "v21",
            "updateDate": "2018-11-14T08:22:13.085Z",
            "uri": "/economy/inflationandpriceindices/timeseries/l7lo/mm23/previous/v21"
        },
        {
            "correctionNotice": "",
            "label": "v22",
            "updateDate": "2018-12-19T09:30:00.000Z",
            "uri": "/economy/inflationandpriceindices/timeseries/l7lo/mm23/previous/v22"
        },
        {
            "correctionNotice": "",
            "label": "v23",
            "updateDate": "2019-01-16T09:30:00.000Z",
            "uri": "/economy/inflationandpriceindices/timeseries/l7lo/mm23/previous/v23"
        },
        {
            "correctionNotice": "",
            "label": "v24",
            "updateDate": "2019-02-13T09:30:00.000Z",
            "uri": "/economy/inflationandpriceindices/timeseries/l7lo/mm23/previous/v24"
        },
        {
            "correctionNotice": "",
            "label": "v25",
            "updateDate": "2019-03-20T07:55:41.647Z",
            "uri": "/economy/inflationandpriceindices/timeseries/l7lo/mm23/previous/v25"
        },
        {
            "correctionNotice": "",
            "label": "v26",
            "updateDate": "2019-04-17T08:30:00.000Z",
            "uri": "/economy/inflationandpriceindices/timeseries/l7lo/mm23/previous/v26"
        },
        {
            "correctionNotice": "",
            "label": "v27",
            "updateDate": "2019-05-22T06:34:19.407Z",
            "uri": "/economy/inflationandpriceindices/timeseries/l7lo/mm23/previous/v27"
        },
        {
            "correctionNotice": "",
            "label": "v28",
            "updateDate": "2019-06-19T08:30:00.000Z",
            "uri": "/economy/inflationandpriceindices/timeseries/l7lo/mm23/previous/v28"
        },
        {
            "correctionNotice": "",
            "label": "v29",
            "updateDate": "2019-07-17T08:30:00.000Z",
            "uri": "/economy/inflationandpriceindices/timeseries/l7lo/mm23/previous/v29"
        },
        {
            "correctionNotice": "",
            "label": "v30",
            "updateDate": "2019-08-14T07:07:31.311Z",
            "uri": "/economy/inflationandpriceindices/timeseries/l7lo/mm23/previous/v30"
        },
        {
            "correctionNotice": "",
            "label": "v31",
            "updateDate": "2019-09-18T08:30:00.000Z",
            "uri": "/economy/inflationandpriceindices/timeseries/l7lo/mm23/previous/v31"
        },
        {
            "correctionNotice": "",
            "label": "v32",
            "updateDate": "2019-10-16T08:30:00.000Z",
            "uri": "/economy/inflationandpriceindices/timeseries/l7lo/mm23/previous/v32"
        },
        {
            "correctionNotice": "",
            "label": "v33",
            "updateDate": "2019-11-13T09:30:00.000Z",
            "uri": "/economy/inflationandpriceindices/timeseries/l7lo/mm23/previous/v33"
        },
        {
            "correctionNotice": "",
            "label": "v34",
            "updateDate": "2019-12-18T08:07:40.737Z",
            "uri": "/economy/inflationandpriceindices/timeseries/l7lo/mm23/previous/v34"
        },
        {
            "correctionNotice": "",
            "label": "v35",
            "updateDate": "2020-01-15T09:30:00.000Z",
            "uri": "/economy/inflationandpriceindices/timeseries/l7lo/mm23/previous/v35"
        },
        {
            "correctionNotice": "",
            "label": "v36",
            "updateDate": "2020-02-19T09:30:00.000Z",
            "uri": "/economy/inflationandpriceindices/timeseries/l7lo/mm23/previous/v36"
        },
        {
            "correctionNotice": "",
            "label": "v37",
            "updateDate": "2020-03-25T06:11:49.792Z",
            "uri": "/economy/inflationandpriceindices/timeseries/l7lo/mm23/previous/v37"
        },
        {
            "correctionNotice": "",
            "label": "v38",
            "updateDate": "2020-04-22T05:07:24.513Z",
            "uri": "/economy/inflationandpriceindices/timeseries/l7lo/mm23/previous/v38"
        },
        {
            "correctionNotice": "",
            "label": "v39",
            "updateDate": "2020-05-20T05:05:56.020Z",
            "uri": "/economy/inflationandpriceindices/timeseries/l7lo/mm23/previous/v39"
        },
        {
            "correctionNotice": "",
            "label": "v40",
            "updateDate": "2020-06-17T06:00:00.000Z",
            "uri": "/economy/inflationandpriceindices/timeseries/l7lo/mm23/previous/v40"
        },
        {
            "correctionNotice": "",
            "label": "v41",
            "updateDate": "2020-07-15T05:19:51.609Z",
            "uri": "/economy/inflationandpriceindices/timeseries/l7lo/mm23/previous/v41"
        },
        {
            "correctionNotice": "",
            "label": "v42",
            "updateDate": "2020-08-19T05:08:43.252Z",
            "uri": "/economy/inflationandpriceindices/timeseries/l7lo/mm23/previous/v42"
        },
        {
            "correctionNotice": "",
            "label": "v43",
            "updateDate": "2020-09-16T05:10:22.689Z",
            "uri": "/economy/inflationandpriceindices/timeseries/l7lo/mm23/previous/v43"
        },
        {
            "correctionNotice": "",
            "label": "v44",
            "updateDate": "2020-10-21T06:00:00.000Z",
            "uri": "/economy/inflationandpriceindices/timeseries/l7lo/mm23/previous/v44"
        },
        {
            "correctionNotice": "",
            "label": "v45",
            "updateDate": "2020-11-18T07:00:00.000Z",
            "uri": "/economy/inflationandpriceindices/timeseries/l7lo/mm23/previous/v45"
        },
        {
            "correctionNotice": "",
            "label": "v46",
            "updateDate": "2020-12-07T07:00:00.000Z",
            "uri": "/economy/inflationandpriceindices/timeseries/l7lo/mm23/previous/v46"
        },
        {
            "correctionNotice": "",
            "label": "v47",
            "updateDate": "2021-01-20T06:06:03.859Z",
            "uri": "/economy/inflationandpriceindices/timeseries/l7lo/mm23/previous/v47"
        },
        {
            "correctionNotice": "",
            "label": "v48",
            "updateDate": "2021-02-17T07:00:00.000Z",
            "uri": "/economy/inflationandpriceindices/timeseries/l7lo/mm23/previous/v48"
        },
        {
            "correctionNotice": "",
            "label": "v49",
            "updateDate": "2021-03-24T07:00:00.000Z",
            "uri": "/economy/inflationandpriceindices/timeseries/l7lo/mm23/previous/v49"
        },
        {
            "correctionNotice": "",
            "label": "v50",
            "updateDate": "2021-04-21T06:34:00.108Z",
            "uri": "/economy/inflationandpriceindices/timeseries/l7lo/mm23/previous/v50"
        },
        {
            "correctionNotice": "",
            "label": "v51",
            "updateDate": "2021-05-19T06:00:00.000Z",
            "uri": "/economy/inflationandpriceindices/timeseries/l7lo/mm23/previous/v51"
        },
        {
            "correctionNotice": "",
            "label": "v52",
            "updateDate": "2021-06-16T06:00:00.000Z",
            "uri": "/economy/inflationandpriceindices/timeseries/l7lo/mm23/previous/v52"
        },
        {
            "correctionNotice": "",
            "label": "v53",
            "updateDate": "2021-07-14T06:00:00.000Z",
            "uri": "/economy/inflationandpriceindices/timeseries/l7lo/mm23/previous/v53"
        },
        {
            "correctionNotice": "",
            "label": "v54",
            "updateDate": "2021-08-18T06:00:00.000Z",
            "uri": "/economy/inflationandpriceindices/timeseries/l7lo/mm23/previous/v54"
        },
        {
            "correctionNotice": "",
            "label": "v55",
            "updateDate": "2021-09-15T06:00:00.000Z",
            "uri": "/economy/inflationandpriceindices/timeseries/l7lo/mm23/previous/v55"
        }
    ],
    "years": [
        {
            "date": "2016",
            "label": "2016",
            "month": "",
            "quarter": "",
            "sourceDataset": "MM23",
            "updateDate": "2017-03-14T00:00:00.000Z",
            "value": "1.8",
            "year": "2016"
        },
        {
            "date": "2017",
            "label": "2017",
            "month": "",
            "quarter": "",
            "sourceDataset": "MM23",
            "updateDate": "2018-01-16T00:00:00.000Z",
            "value": "1.3",
            "year": "2017"
        },
        {
            "date": "2018",
            "label": "2018",
            "month": "",
            "quarter": "",
            "sourceDataset": "MM23",
            "updateDate": "2019-01-16T00:00:00.000Z",
            "value": "-0.5",
            "year": "2018"
        },
        {
            "date": "2019",
            "label": "2019",
            "month": "",
            "quarter": "",
            "sourceDataset": "MM23",
            "updateDate": "2020-01-15T00:00:00.000Z",
            "value": "0.6",
            "year": "2019"
        },
        {
            "date": "2020",
            "label": "2020",
            "month": "",
            "quarter": "",
            "sourceDataset": "MM23",
            "updateDate": "2021-01-20T00:00:00.000Z",
            "value": "1.6",
            "year": "2020"
        }
    ]
}