{
    "description": {
        "cdid": "L5D4",
        "contact": {
            "email": "cpi@ons.gov.uk",
            "name": "Chris Payne",
            "telephone": "Consumer price inflation enquiries: +44 1633 456900. Consumer price inflation recorded message (available after 8:00 on release day): + 44 800 011 3703 "
        },
        "datasetId": "MM23",
        "datasetUri": "/economy/inflationandpriceindices/datasets/consumerpriceindices",
        "date": "2021",
        "nextRelease": "15 September 2021",
        "number": "328",
        "preUnit": "",
        "releaseDate": "2021-08-17T23:00:00.000Z",
        "sampleSize": "0",
        "source": "",
        "title": "CPIH WEIGHTS 04 : HOUSING, WATER AND FUELS",
        "unit": "Parts per 1000"
    },
    "months": [],
    "quarters": [],
    "relatedData": [
        {
            "uri": "/economy/inflationandpriceindices/timeseries/l5pg"
        },
        {
            "uri": "/economy/inflationandpriceindices/timeseries/l55s"
        }
    ],
    "relatedDatasets": [
        {
            "uri": "/economy/inflationandpriceindices/datasets/consumerpriceindices"
        }
    ],
    "relatedDocuments": [
        {
            "uri": "/economy/inflationandpriceindices/bulletins/consumerpriceinflation/latest"
        }
    ],
    "sourceDatasets": [],
    "type": "timeseries",
    "uri": "/economy/inflationandpriceindices/timeseries/l5d4/mm23",
    "versions": [
        {
            "correctionNotice": "",
            "label": "v1",
            "updateDate": "2016-02-16T09:30:00.000Z",
            "uri": "/economy/inflationandpriceindices/timeseries/l5d4/mm23/previous/v1"
        },
        {
            "correctionNotice": "",
            "label": "v2",
            "updateDate": "2017-02-14T09:30:00.000Z",
            "uri": "/economy/inflationandpriceindices/timeseries/l5d4/mm23/previous/v2"
        },
        {
            "correctionNotice": "",
            "label": "v3",
            "updateDate": "2017-03-14T09:30:00.000Z",
            "uri": "/economy/inflationandpriceindices/timeseries/l5d4/mm23/previous/v3"
        },
        {
            "correctionNotice": "",
            "label": "v4",
            "updateDate": "2017-03-21T09:30:00.000Z",
            "uri": "/economy/inflationandpriceindices/timeseries/l5d4/mm23/previous/v4"
        },
        {
            "correctionNotice": "",
            "label": "v5",
            "updateDate": "2018-02-13T09:30:00.000Z",
            "uri": "/economy/inflationandpriceindices/timeseries/l5d4/mm23/previous/v5"
        },
        {
            "correctionNotice": "",
            "label": "v6",
            "updateDate": "2018-03-20T09:30:00.000Z",
            "uri": "/economy/inflationandpriceindices/timeseries/l5d4/mm23/previous/v6"
        },
        {
            "correctionNotice": "",
            "label": "v7",
            "updateDate": "2019-01-16T09:30:00.000Z",
            "uri": "/economy/inflationandpriceindices/timeseries/l5d4/mm23/previous/v7"
        },
        {
            "correctionNotice": "",
            "label": "v8",
            "updateDate": "2019-02-13T09:30:00.000Z",
            "uri": "/economy/inflationandpriceindices/timeseries/l5d4/mm23/previous/v8"
        },
        {
            "correctionNotice": "",
            "label": "v9",
            "updateDate": "2020-02-19T09:30:00.000Z",
            "uri": "/economy/inflationandpriceindices/timeseries/l5d4/mm23/previous/v9"
        },
        {
            "correctionNotice": "",
            "label": "v10",
            "updateDate": "2020-03-25T06:11:49.792Z",
            "uri": "/economy/inflationandpriceindices/timeseries/l5d4/mm23/previous/v10"
        },
        {
            "correctionNotice": "",
            "label": "v11",
            "updateDate": "2021-02-17T07:00:00.000Z",
            "uri": "/economy/inflationandpriceindices/timeseries/l5d4/mm23/previous/v11"
        }
    ],
    "years": [
        {
            "date": "1988",
            "label": "1988",
            "month": "",
            "quarter": "",
            "sourceDataset": "MM23",
            "updateDate": "2021-02-17T00:00:00.000Z",
            "value": "328",
            "year": "1988"
        },
        {
            "date": "1989",
            "label": "1989",
            "month": "",
            "quarter": "",
            "sourceDataset": "MM23",
            "updateDate": "2021-02-17T00:00:00.000Z",
            "value": "339",
            "year": "1989"
        },
        {
            "date": "1990",
            "label": "1990",
            "month": "",
            "quarter": "",
            "sourceDataset": "MM23",
            "updateDate": "2021-02-17T00:00:00.000Z",
            "value": "320",
            "year": "1990"
        },
        {
            "date": "1991",
            "label": "1991",
            "month": "",
            "quarter": "",
            "sourceDataset": "MM23",
            "updateDate": "2021-02-17T00:00:00.000Z",
            "value": "321",
            "year": "1991"
        },
        {
            "date": "1992",
            "label": "1992",
            "month": "",
            "quarter": "",
            "sourceDataset": "MM23",
            "updateDate": "2021-02-17T00:00:00.000Z",
            "value": "326",
            "year": "1992"
        },
        {
            "date": "1993",
            "label": "1993",
            "month": "",
            "quarter": "",
            "sourceDataset": "MM23",
            "updateDate": "2021-02-17T00:00:00.000Z",
            "value": "348",
            "year": "1993"
        },
        {
            "date": "1994",
            "label": "1994",
            "month": "",
            "quarter": "",
            "sourceDataset": "MM23",
            "updateDate": "2021-02-17T00:00:00.000Z",
            "value": "336",
            "year": "1994"
        },
        {
            "date": "1995",
            "label": "1995",
            "month": "",
            "quarter": "",
            "sourceDataset": "MM23",
            "updateDate": "2021-02-17T00:00:00.000Z",
            "value": "344",
            "year": "1995"
        },
        {
            "date": "1996",
            "label": "1996",
            "month": "",
            "quarter": "",
            "sourceDataset": "MM23",
            "updateDate": "2021-02-17T00:00:00.000Z",
            "value": "329",
            "year": "1996"
        },
        {
            "date": "1997",
            "label": "1997",
            "month": "",
            "quarter": "",
            "sourceDataset": "MM23",
            "updateDate": "2021-02-17T00:00:00.000Z",
            "value": "327",
            "year": "1997"
        },
        {
            "date": "1998",
            "label": "1998",
            "month": "",
            "quarter": "",
            "sourceDataset": "MM23",
            "updateDate": "2021-02-17T00:00:00.000Z",
            "value": "326",
            "year": "1998"
        },
        {
            "date": "1999",
            "label": "1999",
            "month": "",
            "quarter": "",
            "sourceDataset": "MM23",
            "updateDate": "2021-02-17T00:00:00.000Z",
            "value": "325",
            "year": "1999"
        },
        {
            "date": "2000",
            "label": "2000",
            "month": "",
            "quarter": "",
            "sourceDataset": "MM23",
            "updateDate": "2021-02-17T00:00:00.000Z",
            "value": "302",
            "year": "2000"
        },
        {
            "date": "2001",
            "label": "2001",
            "month": "",
            "quarter": "",
            "sourceDataset": "MM23",
            "updateDate": "2021-02-17T00:00:00.000Z",
            "value": "298",
            "year": "2001"
        },
        {
            "date": "2002",
            "label": "2002",
            "month": "",
            "quarter": "",
            "sourceDataset": "MM23",
            "updateDate": "2021-02-17T00:00:00.000Z",
            "value": "292",
            "year": "2002"
        },
        {
            "date": "2003",
            "label": "2003",
            "month": "",
            "quarter": "",
            "sourceDataset": "MM23",
            "updateDate": "2021-02-17T00:00:00.000Z",
            "value": "289",
            "year": "2003"
        },
        {
            "date": "2004",
            "label": "2004",
            "month": "",
            "quarter": "",
            "sourceDataset": "MM23",
            "updateDate": "2021-02-17T00:00:00.000Z",
            "value": "285",
            "year": "2004"
        },
        {
            "date": "2005",
            "label": "2005",
            "month": "",
            "quarter": "",
            "sourceDataset": "MM23",
            "updateDate": "2021-02-17T00:00:00.000Z",
            "value": "299",
            "year": "2005"
        },
        {
            "date": "2006",
            "label": "2006",
            "month": "",
            "quarter": "",
            "sourceDataset": "MM23",
            "updateDate": "2021-02-17T00:00:00.000Z",
            "value": "298",
            "year": "2006"
        },
        {
            "date": "2007",
            "label": "2007",
            "month": "",
            "quarter": "",
            "sourceDataset": "MM23",
            "updateDate": "2021-02-17T00:00:00.000Z",
            "value": "299",
            "year": "2007"
        },
        {
            "date": "2008",
            "label": "2008",
            "month": "",
            "quarter": "",
            "sourceDataset": "MM23",
            "updateDate": "2021-02-17T00:00:00.000Z",
            "value": "296",
            "year": "2008"
        },
        {
            "date": "2009",
            "label": "2009",
            "month": "",
            "quarter": "",
            "sourceDataset": "MM23",
            "updateDate": "2021-02-17T00:00:00.000Z",
            "value": "303",
            "year": "2009"
        },
        {
            "date": "2010",
            "label": "2010",
            "month": "",
            "quarter": "",
            "sourceDataset": "MM23",
            "updateDate": "2021-02-17T00:00:00.000Z",
            "value": "300",
            "year": "2010"
        },
        {
            "date": "2011",
            "label": "2011",
            "month": "",
            "quarter": "",
            "sourceDataset": "MM23",
            "updateDate": "2021-02-17T00:00:00.000Z",
            "value": "302",
            "year": "2011"
        },
        {
            "date": "2012",
            "label": "2012",
            "month": "",
            "quarter": "",
            "sourceDataset": "MM23",
            "updateDate": "2021-02-17T00:00:00.000Z",
            "value": "311",
            "year": "2012"
        },
        {
            "date": "2013",
            "label": "2013",
            "month": "",
            "quarter": "",
            "sourceDataset": "MM23",
            "updateDate": "2021-02-17T00:00:00.000Z",
            "value": "304",
            "year": "2013"
        },
        {
            "date": "2014",
            "label": "2014",
            "month": "",
            "quarter": "",
            "sourceDataset": "MM23",
            "updateDate": "2021-02-17T00:00:00.000Z",
            "value": "299",
            "year": "2014"
        },
        {
            "date": "2015",
            "label": "2015",
            "month": "",
            "quarter": "",
            "sourceDataset": "MM23",
            "updateDate": "2021-02-17T00:00:00.000Z",
            "value": "299",
            "year": "2015"
        },
        {
            "date": "2016",
            "label": "2016",
            "month": "",
            "quarter": "",
            "sourceDataset": "MM23",
            "updateDate": "2021-02-17T00:00:00.000Z",
            "value": "294",
            "year": "2016"
        },
        {
            "date": "2017",
            "label": "2017",
            "month": "",
            "quarter": "",
            "sourceDataset": "MM23",
            "updateDate": "2021-02-17T00:00:00.000Z",
            "value": "294",
            "year": "2017"
        },
        {
            "date": "2018",
            "label": "2018",
            "month": "",
            "quarter": "",
            "sourceDataset": "MM23",
            "updateDate": "2021-02-17T00:00:00.000Z",
            "value": "301",
            "year": "2018"
        },
        {
            "date": "2019",
            "label": "2019",
            "month": "",
            "quarter": "",
            "sourceDataset": "MM23",
            "updateDate": "2021-02-17T00:00:00.000Z",
            "value": "298",
            "year": "2019"
        },
        {
            "date": "2020",
            "label": "2020",
            "month": "",
            "quarter": "",
            "sourceDataset": "MM23",
            "updateDate": "2021-02-17T00:00:00.000Z",
            "value": "296",
            "year": "2020"
        },
        {
            "date": "2021",
            "label": "2021",
            "month": "",
            "quarter": "",
            "sourceDataset": "MM23",
            "updateDate": "2021-02-17T00:00:00.000Z",
            "value": "328",
            "year": "2021"
        }
    ]
}