{
    "description": {
        "cdid": "CDSI",
        "contact": {
            "email": "cpi@ons.gov.uk",
            "name": "Chris Payne",
            "telephone": "Consumer price inflation enquiries: +44 1633 456900. Consumer price inflation recorded message (available after 8:00 on release day): + 44 800 011 3703 "
        },
        "datasetId": "MM23",
        "datasetUri": "/economy/inflationandpriceindices/datasets/consumerpriceindices",
        "date": "2020",
        "nextRelease": "15 September 2021",
        "number": "1.5",
        "preUnit": "",
        "releaseDate": "2021-08-17T23:00:00.000Z",
        "sampleSize": "0",
        "source": "",
        "title": "Retail Prices Index: Long run series: annual percentage change",
        "unit": "%"
    },
    "months": [],
    "quarters": [],
    "relatedDatasets": [
        {
            "uri": "/economy/inflationandpriceindices/datasets/consumerpriceindices"
        }
    ],
    "relatedDocuments": [
        {
            "uri": "/economy/inflationandpriceindices/bulletins/consumerpriceinflation/latest"
        }
    ],
    "sourceDatasets": [],
    "type": "timeseries",
    "uri": "/economy/inflationandpriceindices/timeseries/cdsi/mm23",
    "versions": [
        {
            "correctionNotice": "",
            "label": "v1",
            "updateDate": "2016-01-19T09:30:00.000Z",
            "uri": "/economy/inflationandpriceindices/timeseries/cdsi/mm23/previous/v1"
        },
        {
            "correctionNotice": "",
            "label": "v2",
            "updateDate": "2017-01-17T09:30:00.000Z",
            "uri": "/economy/inflationandpriceindices/timeseries/cdsi/mm23/previous/v2"
        },
        {
            "correctionNotice": "",
            "label": "v3",
            "updateDate": "2018-01-16T09:30:00.000Z",
            "uri": "/economy/inflationandpriceindices/timeseries/cdsi/mm23/previous/v3"
        },
        {
            "correctionNotice": "",
            "label": "v4",
            "updateDate": "2019-01-16T09:30:00.000Z",
            "uri": "/economy/inflationandpriceindices/timeseries/cdsi/mm23/previous/v4"
        },
        {
            "correctionNotice": "",
            "label": "v5",
            "updateDate": "2020-01-15T09:30:00.000Z",
            "uri": "/economy/inflationandpriceindices/timeseries/cdsi/mm23/previous/v5"
        },
        {
            "correctionNotice": "",
            "label": "v6",
            "updateDate": "2021-01-20T06:06:03.859Z",
            "uri": "/economy/inflationandpriceindices/timeseries/cdsi/mm23/previous/v6"
        }
    ],
    "years": [
        {
            "date": "1800",
            "label": "1800",
            "month": "",
            "quarter": "",
            "sourceDataset": "MM23",
            "updateDate": "2015-10-12T23:00:00.000Z",
            "value": "36.5",
            "year": "1800"
        },
        {
            "date": "1801",
            "label": "1801",
            "month": "",
            "quarter": "",
            "sourceDataset": "MM23",
            "updateDate": "2015-10-12T23:00:00.000Z",
            "value": "11.7",
            "year": "1801"
        },
        {
            "date": "1802",
            "label": "1802",
            "month": "",
            "quarter": "",
            "sourceDataset": "MM23",
            "updateDate": "2015-10-12T23:00:00.000Z",
            "value": "-23.0",
            "year": "1802"
        },
        {
            "date": "1803",
            "label": "1803",
            "month": "",
            "quarter": "",
            "sourceDataset": "MM23",
            "updateDate": "2015-10-12T23:00:00.000Z",
            "value": "-5.9",
            "year": "1803"
        },
        {
            "date": "1804",
            "label": "1804",
            "month": "",
            "quarter": "",
            "sourceDataset": "MM23",
            "updateDate": "2015-10-12T23:00:00.000Z",
            "value": "3.2",
            "year": "1804"
        },
        {
            "date": "1805",
            "label": "1805",
            "month": "",
            "quarter": "",
            "sourceDataset": "MM23",
            "updateDate": "2015-10-12T23:00:00.000Z",
            "value": "16.2",
            "year": "1805"
        },
        {
            "date": "1806",
            "label": "1806",
            "month": "",
            "quarter": "",
            "sourceDataset": "MM23",
            "updateDate": "2015-10-12T23:00:00.000Z",
            "value": "-4.4",
            "year": "1806"
        },
        {
            "date": "1807",
            "label": "1807",
            "month": "",
            "quarter": "",
            "sourceDataset": "MM23",
            "updateDate": "2015-10-12T23:00:00.000Z",
            "value": "-1.9",
            "year": "1807"
        },
        {
            "date": "1808",
            "label": "1808",
            "month": "",
            "quarter": "",
            "sourceDataset": "MM23",
            "updateDate": "2015-10-12T23:00:00.000Z",
            "value": "3.4",
            "year": "1808"
        },
        {
            "date": "1809",
            "label": "1809",
            "month": "",
            "quarter": "",
            "sourceDataset": "MM23",
            "updateDate": "2015-10-12T23:00:00.000Z",
            "value": "9.7",
            "year": "1809"
        },
        {
            "date": "1810",
            "label": "1810",
            "month": "",
            "quarter": "",
            "sourceDataset": "MM23",
            "updateDate": "2015-10-12T23:00:00.000Z",
            "value": "3.2",
            "year": "1810"
        },
        {
            "date": "1811",
            "label": "1811",
            "month": "",
            "quarter": "",
            "sourceDataset": "MM23",
            "updateDate": "2015-10-12T23:00:00.000Z",
            "value": "-2.9",
            "year": "1811"
        },
        {
            "date": "1812",
            "label": "1812",
            "month": "",
            "quarter": "",
            "sourceDataset": "MM23",
            "updateDate": "2015-10-12T23:00:00.000Z",
            "value": "13.2",
            "year": "1812"
        },
        {
            "date": "1813",
            "label": "1813",
            "month": "",
            "quarter": "",
            "sourceDataset": "MM23",
            "updateDate": "2015-10-12T23:00:00.000Z",
            "value": "2.5",
            "year": "1813"
        },
        {
            "date": "1814",
            "label": "1814",
            "month": "",
            "quarter": "",
            "sourceDataset": "MM23",
            "updateDate": "2015-10-12T23:00:00.000Z",
            "value": "-12.7",
            "year": "1814"
        },
        {
            "date": "1815",
            "label": "1815",
            "month": "",
            "quarter": "",
            "sourceDataset": "MM23",
            "updateDate": "2015-10-12T23:00:00.000Z",
            "value": "-10.7",
            "year": "1815"
        },
        {
            "date": "1816",
            "label": "1816",
            "month": "",
            "quarter": "",
            "sourceDataset": "MM23",
            "updateDate": "2015-10-12T23:00:00.000Z",
            "value": "-8.4",
            "year": "1816"
        },
        {
            "date": "1817",
            "label": "1817",
            "month": "",
            "quarter": "",
            "sourceDataset": "MM23",
            "updateDate": "2015-10-12T23:00:00.000Z",
            "value": "13.5",
            "year": "1817"
        },
        {
            "date": "1818",
            "label": "1818",
            "month": "",
            "quarter": "",
            "sourceDataset": "MM23",
            "updateDate": "2015-10-12T23:00:00.000Z",
            "value": "0.3",
            "year": "1818"
        },
        {
            "date": "1819",
            "label": "1819",
            "month": "",
            "quarter": "",
            "sourceDataset": "MM23",
            "updateDate": "2015-10-12T23:00:00.000Z",
            "value": "-2.5",
            "year": "1819"
        },
        {
            "date": "1820",
            "label": "1820",
            "month": "",
            "quarter": "",
            "sourceDataset": "MM23",
            "updateDate": "2015-10-12T23:00:00.000Z",
            "value": "-9.3",
            "year": "1820"
        },
        {
            "date": "1821",
            "label": "1821",
            "month": "",
            "quarter": "",
            "sourceDataset": "MM23",
            "updateDate": "2015-10-12T23:00:00.000Z",
            "value": "-12.0",
            "year": "1821"
        },
        {
            "date": "1822",
            "label": "1822",
            "month": "",
            "quarter": "",
            "sourceDataset": "MM23",
            "updateDate": "2015-10-12T23:00:00.000Z",
            "value": "-13.5",
            "year": "1822"
        },
        {
            "date": "1823",
            "label": "1823",
            "month": "",
            "quarter": "",
            "sourceDataset": "MM23",
            "updateDate": "2015-10-12T23:00:00.000Z",
            "value": "6.8",
            "year": "1823"
        },
        {
            "date": "1824",
            "label": "1824",
            "month": "",
            "quarter": "",
            "sourceDataset": "MM23",
            "updateDate": "2015-10-12T23:00:00.000Z",
            "value": "8.6",
            "year": "1824"
        },
        {
            "date": "1825",
            "label": "1825",
            "month": "",
            "quarter": "",
            "sourceDataset": "MM23",
            "updateDate": "2015-10-12T23:00:00.000Z",
            "value": "17.4",
            "year": "1825"
        },
        {
            "date": "1826",
            "label": "1826",
            "month": "",
            "quarter": "",
            "sourceDataset": "MM23",
            "updateDate": "2015-10-12T23:00:00.000Z",
            "value": "-5.5",
            "year": "1826"
        },
        {
            "date": "1827",
            "label": "1827",
            "month": "",
            "quarter": "",
            "sourceDataset": "MM23",
            "updateDate": "2015-10-12T23:00:00.000Z",
            "value": "-6.5",
            "year": "1827"
        },
        {
            "date": "1828",
            "label": "1828",
            "month": "",
            "quarter": "",
            "sourceDataset": "MM23",
            "updateDate": "2015-10-12T23:00:00.000Z",
            "value": "-2.9",
            "year": "1828"
        },
        {
            "date": "1829",
            "label": "1829",
            "month": "",
            "quarter": "",
            "sourceDataset": "MM23",
            "updateDate": "2015-10-12T23:00:00.000Z",
            "value": "-1.0",
            "year": "1829"
        },
        {
            "date": "1830",
            "label": "1830",
            "month": "",
            "quarter": "",
            "sourceDataset": "MM23",
            "updateDate": "2015-10-12T23:00:00.000Z",
            "value": "-3.6",
            "year": "1830"
        },
        {
            "date": "1831",
            "label": "1831",
            "month": "",
            "quarter": "",
            "sourceDataset": "MM23",
            "updateDate": "2015-10-12T23:00:00.000Z",
            "value": "9.9",
            "year": "1831"
        },
        {
            "date": "1832",
            "label": "1832",
            "month": "",
            "quarter": "",
            "sourceDataset": "MM23",
            "updateDate": "2015-10-12T23:00:00.000Z",
            "value": "-7.4",
            "year": "1832"
        },
        {
            "date": "1833",
            "label": "1833",
            "month": "",
            "quarter": "",
            "sourceDataset": "MM23",
            "updateDate": "2015-10-12T23:00:00.000Z",
            "value": "-6.1",
            "year": "1833"
        },
        {
            "date": "1834",
            "label": "1834",
            "month": "",
            "quarter": "",
            "sourceDataset": "MM23",
            "updateDate": "2015-10-12T23:00:00.000Z",
            "value": "-7.8",
            "year": "1834"
        },
        {
            "date": "1835",
            "label": "1835",
            "month": "",
            "quarter": "",
            "sourceDataset": "MM23",
            "updateDate": "2015-10-12T23:00:00.000Z",
            "value": "1.7",
            "year": "1835"
        },
        {
            "date": "1836",
            "label": "1836",
            "month": "",
            "quarter": "",
            "sourceDataset": "MM23",
            "updateDate": "2015-10-12T23:00:00.000Z",
            "value": "11.0",
            "year": "1836"
        },
        {
            "date": "1837",
            "label": "1837",
            "month": "",
            "quarter": "",
            "sourceDataset": "MM23",
            "updateDate": "2015-10-12T23:00:00.000Z",
            "value": "2.5",
            "year": "1837"
        },
        {
            "date": "1838",
            "label": "1838",
            "month": "",
            "quarter": "",
            "sourceDataset": "MM23",
            "updateDate": "2015-10-12T23:00:00.000Z",
            "value": "0.7",
            "year": "1838"
        },
        {
            "date": "1839",
            "label": "1839",
            "month": "",
            "quarter": "",
            "sourceDataset": "MM23",
            "updateDate": "2015-10-12T23:00:00.000Z",
            "value": "7.3",
            "year": "1839"
        },
        {
            "date": "1840",
            "label": "1840",
            "month": "",
            "quarter": "",
            "sourceDataset": "MM23",
            "updateDate": "2015-10-12T23:00:00.000Z",
            "value": "1.8",
            "year": "1840"
        },
        {
            "date": "1841",
            "label": "1841",
            "month": "",
            "quarter": "",
            "sourceDataset": "MM23",
            "updateDate": "2015-10-12T23:00:00.000Z",
            "value": "-2.3",
            "year": "1841"
        },
        {
            "date": "1842",
            "label": "1842",
            "month": "",
            "quarter": "",
            "sourceDataset": "MM23",
            "updateDate": "2015-10-12T23:00:00.000Z",
            "value": "-7.6",
            "year": "1842"
        },
        {
            "date": "1843",
            "label": "1843",
            "month": "",
            "quarter": "",
            "sourceDataset": "MM23",
            "updateDate": "2015-10-12T23:00:00.000Z",
            "value": "-11.3",
            "year": "1843"
        },
        {
            "date": "1844",
            "label": "1844",
            "month": "",
            "quarter": "",
            "sourceDataset": "MM23",
            "updateDate": "2015-10-12T23:00:00.000Z",
            "value": "-0.1",
            "year": "1844"
        },
        {
            "date": "1845",
            "label": "1845",
            "month": "",
            "quarter": "",
            "sourceDataset": "MM23",
            "updateDate": "2015-10-12T23:00:00.000Z",
            "value": "4.9",
            "year": "1845"
        },
        {
            "date": "1846",
            "label": "1846",
            "month": "",
            "quarter": "",
            "sourceDataset": "MM23",
            "updateDate": "2015-10-12T23:00:00.000Z",
            "value": "4.0",
            "year": "1846"
        },
        {
            "date": "1847",
            "label": "1847",
            "month": "",
            "quarter": "",
            "sourceDataset": "MM23",
            "updateDate": "2015-10-12T23:00:00.000Z",
            "value": "12.0",
            "year": "1847"
        },
        {
            "date": "1848",
            "label": "1848",
            "month": "",
            "quarter": "",
            "sourceDataset": "MM23",
            "updateDate": "2015-10-12T23:00:00.000Z",
            "value": "-12.1",
            "year": "1848"
        },
        {
            "date": "1849",
            "label": "1849",
            "month": "",
            "quarter": "",
            "sourceDataset": "MM23",
            "updateDate": "2015-10-12T23:00:00.000Z",
            "value": "-6.3",
            "year": "1849"
        },
        {
            "date": "1850",
            "label": "1850",
            "month": "",
            "quarter": "",
            "sourceDataset": "MM23",
            "updateDate": "2015-10-12T23:00:00.000Z",
            "value": "-6.4",
            "year": "1850"
        },
        {
            "date": "1851",
            "label": "1851",
            "month": "",
            "quarter": "",
            "sourceDataset": "MM23",
            "updateDate": "2015-10-12T23:00:00.000Z",
            "value": "-3.0",
            "year": "1851"
        },
        {
            "date": "1852",
            "label": "1852",
            "month": "",
            "quarter": "",
            "sourceDataset": "MM23",
            "updateDate": "2015-10-12T23:00:00.000Z",
            "value": "0.0",
            "year": "1852"
        },
        {
            "date": "1853",
            "label": "1853",
            "month": "",
            "quarter": "",
            "sourceDataset": "MM23",
            "updateDate": "2015-10-12T23:00:00.000Z",
            "value": "9.3",
            "year": "1853"
        },
        {
            "date": "1854",
            "label": "1854",
            "month": "",
            "quarter": "",
            "sourceDataset": "MM23",
            "updateDate": "2015-10-12T23:00:00.000Z",
            "value": "15.1",
            "year": "1854"
        },
        {
            "date": "1855",
            "label": "1855",
            "month": "",
            "quarter": "",
            "sourceDataset": "MM23",
            "updateDate": "2015-10-12T23:00:00.000Z",
            "value": "3.3",
            "year": "1855"
        },
        {
            "date": "1856",
            "label": "1856",
            "month": "",
            "quarter": "",
            "sourceDataset": "MM23",
            "updateDate": "2015-10-12T23:00:00.000Z",
            "value": "0.0",
            "year": "1856"
        },
        {
            "date": "1857",
            "label": "1857",
            "month": "",
            "quarter": "",
            "sourceDataset": "MM23",
            "updateDate": "2015-10-12T23:00:00.000Z",
            "value": "-5.6",
            "year": "1857"
        },
        {
            "date": "1858",
            "label": "1858",
            "month": "",
            "quarter": "",
            "sourceDataset": "MM23",
            "updateDate": "2015-10-12T23:00:00.000Z",
            "value": "-8.4",
            "year": "1858"
        },
        {
            "date": "1859",
            "label": "1859",
            "month": "",
            "quarter": "",
            "sourceDataset": "MM23",
            "updateDate": "2015-10-12T23:00:00.000Z",
            "value": "-1.8",
            "year": "1859"
        },
        {
            "date": "1860",
            "label": "1860",
            "month": "",
            "quarter": "",
            "sourceDataset": "MM23",
            "updateDate": "2015-10-12T23:00:00.000Z",
            "value": "3.7",
            "year": "1860"
        },
        {
            "date": "1861",
            "label": "1861",
            "month": "",
            "quarter": "",
            "sourceDataset": "MM23",
            "updateDate": "2015-10-12T23:00:00.000Z",
            "value": "2.7",
            "year": "1861"
        },
        {
            "date": "1862",
            "label": "1862",
            "month": "",
            "quarter": "",
            "sourceDataset": "MM23",
            "updateDate": "2015-10-12T23:00:00.000Z",
            "value": "-2.6",
            "year": "1862"
        },
        {
            "date": "1863",
            "label": "1863",
            "month": "",
            "quarter": "",
            "sourceDataset": "MM23",
            "updateDate": "2015-10-12T23:00:00.000Z",
            "value": "-3.6",
            "year": "1863"
        },
        {
            "date": "1864",
            "label": "1864",
            "month": "",
            "quarter": "",
            "sourceDataset": "MM23",
            "updateDate": "2015-10-12T23:00:00.000Z",
            "value": "-0.9",
            "year": "1864"
        },
        {
            "date": "1865",
            "label": "1865",
            "month": "",
            "quarter": "",
            "sourceDataset": "MM23",
            "updateDate": "2015-10-12T23:00:00.000Z",
            "value": "0.9",
            "year": "1865"
        },
        {
            "date": "1866",
            "label": "1866",
            "month": "",
            "quarter": "",
            "sourceDataset": "MM23",
            "updateDate": "2015-10-12T23:00:00.000Z",
            "value": "6.5",
            "year": "1866"
        },
        {
            "date": "1867",
            "label": "1867",
            "month": "",
            "quarter": "",
            "sourceDataset": "MM23",
            "updateDate": "2015-10-12T23:00:00.000Z",
            "value": "6.1",
            "year": "1867"
        },
        {
            "date": "1868",
            "label": "1868",
            "month": "",
            "quarter": "",
            "sourceDataset": "MM23",
            "updateDate": "2015-10-12T23:00:00.000Z",
            "value": "-1.7",
            "year": "1868"
        },
        {
            "date": "1869",
            "label": "1869",
            "month": "",
            "quarter": "",
            "sourceDataset": "MM23",
            "updateDate": "2015-10-12T23:00:00.000Z",
            "value": "-5.0",
            "year": "1869"
        },
        {
            "date": "1870",
            "label": "1870",
            "month": "",
            "quarter": "",
            "sourceDataset": "MM23",
            "updateDate": "2015-10-12T23:00:00.000Z",
            "value": "0.0",
            "year": "1870"
        },
        {
            "date": "1871",
            "label": "1871",
            "month": "",
            "quarter": "",
            "sourceDataset": "MM23",
            "updateDate": "2015-10-12T23:00:00.000Z",
            "value": "1.4",
            "year": "1871"
        },
        {
            "date": "1872",
            "label": "1872",
            "month": "",
            "quarter": "",
            "sourceDataset": "MM23",
            "updateDate": "2015-10-12T23:00:00.000Z",
            "value": "4.7",
            "year": "1872"
        },
        {
            "date": "1873",
            "label": "1873",
            "month": "",
            "quarter": "",
            "sourceDataset": "MM23",
            "updateDate": "2015-10-12T23:00:00.000Z",
            "value": "3.1",
            "year": "1873"
        },
        {
            "date": "1874",
            "label": "1874",
            "month": "",
            "quarter": "",
            "sourceDataset": "MM23",
            "updateDate": "2015-10-12T23:00:00.000Z",
            "value": "-3.3",
            "year": "1874"
        },
        {
            "date": "1875",
            "label": "1875",
            "month": "",
            "quarter": "",
            "sourceDataset": "MM23",
            "updateDate": "2015-10-12T23:00:00.000Z",
            "value": "-1.9",
            "year": "1875"
        },
        {
            "date": "1876",
            "label": "1876",
            "month": "",
            "quarter": "",
            "sourceDataset": "MM23",
            "updateDate": "2015-10-12T23:00:00.000Z",
            "value": "-0.3",
            "year": "1876"
        },
        {
            "date": "1877",
            "label": "1877",
            "month": "",
            "quarter": "",
            "sourceDataset": "MM23",
            "updateDate": "2015-10-12T23:00:00.000Z",
            "value": "-0.7",
            "year": "1877"
        },
        {
            "date": "1878",
            "label": "1878",
            "month": "",
            "quarter": "",
            "sourceDataset": "MM23",
            "updateDate": "2015-10-12T23:00:00.000Z",
            "value": "-2.2",
            "year": "1878"
        },
        {
            "date": "1879",
            "label": "1879",
            "month": "",
            "quarter": "",
            "sourceDataset": "MM23",
            "updateDate": "2015-10-12T23:00:00.000Z",
            "value": "-4.4",
            "year": "1879"
        },
        {
            "date": "1880",
            "label": "1880",
            "month": "",
            "quarter": "",
            "sourceDataset": "MM23",
            "updateDate": "2015-10-12T23:00:00.000Z",
            "value": "3.0",
            "year": "1880"
        },
        {
            "date": "1881",
            "label": "1881",
            "month": "",
            "quarter": "",
            "sourceDataset": "MM23",
            "updateDate": "2015-10-12T23:00:00.000Z",
            "value": "-1.1",
            "year": "1881"
        },
        {
            "date": "1882",
            "label": "1882",
            "month": "",
            "quarter": "",
            "sourceDataset": "MM23",
            "updateDate": "2015-10-12T23:00:00.000Z",
            "value": "1.0",
            "year": "1882"
        },
        {
            "date": "1883",
            "label": "1883",
            "month": "",
            "quarter": "",
            "sourceDataset": "MM23",
            "updateDate": "2015-10-12T23:00:00.000Z",
            "value": "-0.5",
            "year": "1883"
        },
        {
            "date": "1884",
            "label": "1884",
            "month": "",
            "quarter": "",
            "sourceDataset": "MM23",
            "updateDate": "2015-10-12T23:00:00.000Z",
            "value": "-2.7",
            "year": "1884"
        },
        {
            "date": "1885",
            "label": "1885",
            "month": "",
            "quarter": "",
            "sourceDataset": "MM23",
            "updateDate": "2015-10-12T23:00:00.000Z",
            "value": "-3.0",
            "year": "1885"
        },
        {
            "date": "1886",
            "label": "1886",
            "month": "",
            "quarter": "",
            "sourceDataset": "MM23",
            "updateDate": "2015-10-12T23:00:00.000Z",
            "value": "-1.6",
            "year": "1886"
        },
        {
            "date": "1887",
            "label": "1887",
            "month": "",
            "quarter": "",
            "sourceDataset": "MM23",
            "updateDate": "2015-10-12T23:00:00.000Z",
            "value": "-0.5",
            "year": "1887"
        },
        {
            "date": "1888",
            "label": "1888",
            "month": "",
            "quarter": "",
            "sourceDataset": "MM23",
            "updateDate": "2015-10-12T23:00:00.000Z",
            "value": "0.7",
            "year": "1888"
        },
        {
            "date": "1889",
            "label": "1889",
            "month": "",
            "quarter": "",
            "sourceDataset": "MM23",
            "updateDate": "2015-10-12T23:00:00.000Z",
            "value": "1.4",
            "year": "1889"
        },
        {
            "date": "1890",
            "label": "1890",
            "month": "",
            "quarter": "",
            "sourceDataset": "MM23",
            "updateDate": "2015-10-12T23:00:00.000Z",
            "value": "0.2",
            "year": "1890"
        },
        {
            "date": "1891",
            "label": "1891",
            "month": "",
            "quarter": "",
            "sourceDataset": "MM23",
            "updateDate": "2015-10-12T23:00:00.000Z",
            "value": "0.7",
            "year": "1891"
        },
        {
            "date": "1892",
            "label": "1892",
            "month": "",
            "quarter": "",
            "sourceDataset": "MM23",
            "updateDate": "2015-10-12T23:00:00.000Z",
            "value": "0.4",
            "year": "1892"
        },
        {
            "date": "1893",
            "label": "1893",
            "month": "",
            "quarter": "",
            "sourceDataset": "MM23",
            "updateDate": "2015-10-12T23:00:00.000Z",
            "value": "-0.7",
            "year": "1893"
        },
        {
            "date": "1894",
            "label": "1894",
            "month": "",
            "quarter": "",
            "sourceDataset": "MM23",
            "updateDate": "2015-10-12T23:00:00.000Z",
            "value": "-2.0",
            "year": "1894"
        },
        {
            "date": "1895",
            "label": "1895",
            "month": "",
            "quarter": "",
            "sourceDataset": "MM23",
            "updateDate": "2015-10-12T23:00:00.000Z",
            "value": "-1.0",
            "year": "1895"
        },
        {
            "date": "1896",
            "label": "1896",
            "month": "",
            "quarter": "",
            "sourceDataset": "MM23",
            "updateDate": "2015-10-12T23:00:00.000Z",
            "value": "-0.3",
            "year": "1896"
        },
        {
            "date": "1897",
            "label": "1897",
            "month": "",
            "quarter": "",
            "sourceDataset": "MM23",
            "updateDate": "2015-10-12T23:00:00.000Z",
            "value": "1.5",
            "year": "1897"
        },
        {
            "date": "1898",
            "label": "1898",
            "month": "",
            "quarter": "",
            "sourceDataset": "MM23",
            "updateDate": "2015-10-12T23:00:00.000Z",
            "value": "0.3",
            "year": "1898"
        },
        {
            "date": "1899",
            "label": "1899",
            "month": "",
            "quarter": "",
            "sourceDataset": "MM23",
            "updateDate": "2015-10-12T23:00:00.000Z",
            "value": "0.7",
            "year": "1899"
        },
        {
            "date": "1900",
            "label": "1900",
            "month": "",
            "quarter": "",
            "sourceDataset": "MM23",
            "updateDate": "2015-10-12T23:00:00.000Z",
            "value": "5.1",
            "year": "1900"
        },
        {
            "date": "1901",
            "label": "1901",
            "month": "",
            "quarter": "",
            "sourceDataset": "MM23",
            "updateDate": "2015-10-12T23:00:00.000Z",
            "value": "0.5",
            "year": "1901"
        },
        {
            "date": "1902",
            "label": "1902",
            "month": "",
            "quarter": "",
            "sourceDataset": "MM23",
            "updateDate": "2015-10-12T23:00:00.000Z",
            "value": "0.0",
            "year": "1902"
        },
        {
            "date": "1903",
            "label": "1903",
            "month": "",
            "quarter": "",
            "sourceDataset": "MM23",
            "updateDate": "2015-10-12T23:00:00.000Z",
            "value": "0.4",
            "year": "1903"
        },
        {
            "date": "1904",
            "label": "1904",
            "month": "",
            "quarter": "",
            "sourceDataset": "MM23",
            "updateDate": "2015-10-12T23:00:00.000Z",
            "value": "-0.2",
            "year": "1904"
        },
        {
            "date": "1905",
            "label": "1905",
            "month": "",
            "quarter": "",
            "sourceDataset": "MM23",
            "updateDate": "2015-10-12T23:00:00.000Z",
            "value": "0.4",
            "year": "1905"
        },
        {
            "date": "1906",
            "label": "1906",
            "month": "",
            "quarter": "",
            "sourceDataset": "MM23",
            "updateDate": "2015-10-12T23:00:00.000Z",
            "value": "0.0",
            "year": "1906"
        },
        {
            "date": "1907",
            "label": "1907",
            "month": "",
            "quarter": "",
            "sourceDataset": "MM23",
            "updateDate": "2015-10-12T23:00:00.000Z",
            "value": "1.2",
            "year": "1907"
        },
        {
            "date": "1908",
            "label": "1908",
            "month": "",
            "quarter": "",
            "sourceDataset": "MM23",
            "updateDate": "2015-10-12T23:00:00.000Z",
            "value": "0.5",
            "year": "1908"
        },
        {
            "date": "1909",
            "label": "1909",
            "month": "",
            "quarter": "",
            "sourceDataset": "MM23",
            "updateDate": "2015-10-12T23:00:00.000Z",
            "value": "0.5",
            "year": "1909"
        },
        {
            "date": "1910",
            "label": "1910",
            "month": "",
            "quarter": "",
            "sourceDataset": "MM23",
            "updateDate": "2015-10-12T23:00:00.000Z",
            "value": "0.9",
            "year": "1910"
        },
        {
            "date": "1911",
            "label": "1911",
            "month": "",
            "quarter": "",
            "sourceDataset": "MM23",
            "updateDate": "2015-10-12T23:00:00.000Z",
            "value": "0.1",
            "year": "1911"
        },
        {
            "date": "1912",
            "label": "1912",
            "month": "",
            "quarter": "",
            "sourceDataset": "MM23",
            "updateDate": "2015-10-12T23:00:00.000Z",
            "value": "3.0",
            "year": "1912"
        },
        {
            "date": "1913",
            "label": "1913",
            "month": "",
            "quarter": "",
            "sourceDataset": "MM23",
            "updateDate": "2015-10-12T23:00:00.000Z",
            "value": "-0.4",
            "year": "1913"
        },
        {
            "date": "1914",
            "label": "1914",
            "month": "",
            "quarter": "",
            "sourceDataset": "MM23",
            "updateDate": "2015-10-12T23:00:00.000Z",
            "value": "-0.3",
            "year": "1914"
        },
        {
            "date": "1915",
            "label": "1915",
            "month": "",
            "quarter": "",
            "sourceDataset": "MM23",
            "updateDate": "2015-10-12T23:00:00.000Z",
            "value": "12.5",
            "year": "1915"
        },
        {
            "date": "1916",
            "label": "1916",
            "month": "",
            "quarter": "",
            "sourceDataset": "MM23",
            "updateDate": "2015-10-12T23:00:00.000Z",
            "value": "18.1",
            "year": "1916"
        },
        {
            "date": "1917",
            "label": "1917",
            "month": "",
            "quarter": "",
            "sourceDataset": "MM23",
            "updateDate": "2015-10-12T23:00:00.000Z",
            "value": "25.2",
            "year": "1917"
        },
        {
            "date": "1918",
            "label": "1918",
            "month": "",
            "quarter": "",
            "sourceDataset": "MM23",
            "updateDate": "2015-10-12T23:00:00.000Z",
            "value": "22.0",
            "year": "1918"
        },
        {
            "date": "1919",
            "label": "1919",
            "month": "",
            "quarter": "",
            "sourceDataset": "MM23",
            "updateDate": "2015-10-12T23:00:00.000Z",
            "value": "10.1",
            "year": "1919"
        },
        {
            "date": "1920",
            "label": "1920",
            "month": "",
            "quarter": "",
            "sourceDataset": "MM23",
            "updateDate": "2015-10-12T23:00:00.000Z",
            "value": "15.4",
            "year": "1920"
        },
        {
            "date": "1921",
            "label": "1921",
            "month": "",
            "quarter": "",
            "sourceDataset": "MM23",
            "updateDate": "2015-10-12T23:00:00.000Z",
            "value": "-8.6",
            "year": "1921"
        },
        {
            "date": "1922",
            "label": "1922",
            "month": "",
            "quarter": "",
            "sourceDataset": "MM23",
            "updateDate": "2015-10-12T23:00:00.000Z",
            "value": "-14.0",
            "year": "1922"
        },
        {
            "date": "1923",
            "label": "1923",
            "month": "",
            "quarter": "",
            "sourceDataset": "MM23",
            "updateDate": "2015-10-12T23:00:00.000Z",
            "value": "-6.0",
            "year": "1923"
        },
        {
            "date": "1924",
            "label": "1924",
            "month": "",
            "quarter": "",
            "sourceDataset": "MM23",
            "updateDate": "2015-10-12T23:00:00.000Z",
            "value": "-0.7",
            "year": "1924"
        },
        {
            "date": "1925",
            "label": "1925",
            "month": "",
            "quarter": "",
            "sourceDataset": "MM23",
            "updateDate": "2015-10-12T23:00:00.000Z",
            "value": "0.3",
            "year": "1925"
        },
        {
            "date": "1926",
            "label": "1926",
            "month": "",
            "quarter": "",
            "sourceDataset": "MM23",
            "updateDate": "2015-10-12T23:00:00.000Z",
            "value": "-0.8",
            "year": "1926"
        },
        {
            "date": "1927",
            "label": "1927",
            "month": "",
            "quarter": "",
            "sourceDataset": "MM23",
            "updateDate": "2015-10-12T23:00:00.000Z",
            "value": "-2.4",
            "year": "1927"
        },
        {
            "date": "1928",
            "label": "1928",
            "month": "",
            "quarter": "",
            "sourceDataset": "MM23",
            "updateDate": "2015-10-12T23:00:00.000Z",
            "value": "-0.3",
            "year": "1928"
        },
        {
            "date": "1929",
            "label": "1929",
            "month": "",
            "quarter": "",
            "sourceDataset": "MM23",
            "updateDate": "2015-10-12T23:00:00.000Z",
            "value": "-0.9",
            "year": "1929"
        },
        {
            "date": "1930",
            "label": "1930",
            "month": "",
            "quarter": "",
            "sourceDataset": "MM23",
            "updateDate": "2015-10-12T23:00:00.000Z",
            "value": "-2.8",
            "year": "1930"
        },
        {
            "date": "1931",
            "label": "1931",
            "month": "",
            "quarter": "",
            "sourceDataset": "MM23",
            "updateDate": "2015-10-12T23:00:00.000Z",
            "value": "-4.3",
            "year": "1931"
        },
        {
            "date": "1932",
            "label": "1932",
            "month": "",
            "quarter": "",
            "sourceDataset": "MM23",
            "updateDate": "2015-10-12T23:00:00.000Z",
            "value": "-2.6",
            "year": "1932"
        },
        {
            "date": "1933",
            "label": "1933",
            "month": "",
            "quarter": "",
            "sourceDataset": "MM23",
            "updateDate": "2015-10-12T23:00:00.000Z",
            "value": "-2.1",
            "year": "1933"
        },
        {
            "date": "1934",
            "label": "1934",
            "month": "",
            "quarter": "",
            "sourceDataset": "MM23",
            "updateDate": "2015-10-12T23:00:00.000Z",
            "value": "0.0",
            "year": "1934"
        },
        {
            "date": "1935",
            "label": "1935",
            "month": "",
            "quarter": "",
            "sourceDataset": "MM23",
            "updateDate": "2015-10-12T23:00:00.000Z",
            "value": "0.7",
            "year": "1935"
        },
        {
            "date": "1936",
            "label": "1936",
            "month": "",
            "quarter": "",
            "sourceDataset": "MM23",
            "updateDate": "2015-10-12T23:00:00.000Z",
            "value": "0.7",
            "year": "1936"
        },
        {
            "date": "1937",
            "label": "1937",
            "month": "",
            "quarter": "",
            "sourceDataset": "MM23",
            "updateDate": "2015-10-12T23:00:00.000Z",
            "value": "3.4",
            "year": "1937"
        },
        {
            "date": "1938",
            "label": "1938",
            "month": "",
            "quarter": "",
            "sourceDataset": "MM23",
            "updateDate": "2015-10-12T23:00:00.000Z",
            "value": "1.6",
            "year": "1938"
        },
        {
            "date": "1939",
            "label": "1939",
            "month": "",
            "quarter": "",
            "sourceDataset": "MM23",
            "updateDate": "2015-10-12T23:00:00.000Z",
            "value": "2.8",
            "year": "1939"
        },
        {
            "date": "1940",
            "label": "1940",
            "month": "",
            "quarter": "",
            "sourceDataset": "MM23",
            "updateDate": "2015-10-12T23:00:00.000Z",
            "value": "16.8",
            "year": "1940"
        },
        {
            "date": "1941",
            "label": "1941",
            "month": "",
            "quarter": "",
            "sourceDataset": "MM23",
            "updateDate": "2015-10-12T23:00:00.000Z",
            "value": "10.8",
            "year": "1941"
        },
        {
            "date": "1942",
            "label": "1942",
            "month": "",
            "quarter": "",
            "sourceDataset": "MM23",
            "updateDate": "2015-10-12T23:00:00.000Z",
            "value": "7.1",
            "year": "1942"
        },
        {
            "date": "1943",
            "label": "1943",
            "month": "",
            "quarter": "",
            "sourceDataset": "MM23",
            "updateDate": "2015-10-12T23:00:00.000Z",
            "value": "3.4",
            "year": "1943"
        },
        {
            "date": "1944",
            "label": "1944",
            "month": "",
            "quarter": "",
            "sourceDataset": "MM23",
            "updateDate": "2015-10-12T23:00:00.000Z",
            "value": "2.7",
            "year": "1944"
        },
        {
            "date": "1945",
            "label": "1945",
            "month": "",
            "quarter": "",
            "sourceDataset": "MM23",
            "updateDate": "2015-10-12T23:00:00.000Z",
            "value": "2.8",
            "year": "1945"
        },
        {
            "date": "1946",
            "label": "1946",
            "month": "",
            "quarter": "",
            "sourceDataset": "MM23",
            "updateDate": "2015-10-12T23:00:00.000Z",
            "value": "3.1",
            "year": "1946"
        },
        {
            "date": "1947",
            "label": "1947",
            "month": "",
            "quarter": "",
            "sourceDataset": "MM23",
            "updateDate": "2015-10-12T23:00:00.000Z",
            "value": "7.0",
            "year": "1947"
        },
        {
            "date": "1948",
            "label": "1948",
            "month": "",
            "quarter": "",
            "sourceDataset": "MM23",
            "updateDate": "2015-10-12T23:00:00.000Z",
            "value": "7.7",
            "year": "1948"
        },
        {
            "date": "1949",
            "label": "1949",
            "month": "",
            "quarter": "",
            "sourceDataset": "MM23",
            "updateDate": "2015-10-12T23:00:00.000Z",
            "value": "2.8",
            "year": "1949"
        },
        {
            "date": "1950",
            "label": "1950",
            "month": "",
            "quarter": "",
            "sourceDataset": "MM23",
            "updateDate": "2015-10-12T23:00:00.000Z",
            "value": "3.1",
            "year": "1950"
        },
        {
            "date": "1951",
            "label": "1951",
            "month": "",
            "quarter": "",
            "sourceDataset": "MM23",
            "updateDate": "2015-10-12T23:00:00.000Z",
            "value": "9.1",
            "year": "1951"
        },
        {
            "date": "1952",
            "label": "1952",
            "month": "",
            "quarter": "",
            "sourceDataset": "MM23",
            "updateDate": "2015-10-12T23:00:00.000Z",
            "value": "9.2",
            "year": "1952"
        },
        {
            "date": "1953",
            "label": "1953",
            "month": "",
            "quarter": "",
            "sourceDataset": "MM23",
            "updateDate": "2015-10-12T23:00:00.000Z",
            "value": "3.1",
            "year": "1953"
        },
        {
            "date": "1954",
            "label": "1954",
            "month": "",
            "quarter": "",
            "sourceDataset": "MM23",
            "updateDate": "2015-10-12T23:00:00.000Z",
            "value": "1.8",
            "year": "1954"
        },
        {
            "date": "1955",
            "label": "1955",
            "month": "",
            "quarter": "",
            "sourceDataset": "MM23",
            "updateDate": "2015-10-12T23:00:00.000Z",
            "value": "4.5",
            "year": "1955"
        },
        {
            "date": "1956",
            "label": "1956",
            "month": "",
            "quarter": "",
            "sourceDataset": "MM23",
            "updateDate": "2015-10-12T23:00:00.000Z",
            "value": "4.9",
            "year": "1956"
        },
        {
            "date": "1957",
            "label": "1957",
            "month": "",
            "quarter": "",
            "sourceDataset": "MM23",
            "updateDate": "2015-10-12T23:00:00.000Z",
            "value": "3.7",
            "year": "1957"
        },
        {
            "date": "1958",
            "label": "1958",
            "month": "",
            "quarter": "",
            "sourceDataset": "MM23",
            "updateDate": "2015-10-12T23:00:00.000Z",
            "value": "3.0",
            "year": "1958"
        },
        {
            "date": "1959",
            "label": "1959",
            "month": "",
            "quarter": "",
            "sourceDataset": "MM23",
            "updateDate": "2015-10-12T23:00:00.000Z",
            "value": "0.6",
            "year": "1959"
        },
        {
            "date": "1960",
            "label": "1960",
            "month": "",
            "quarter": "",
            "sourceDataset": "MM23",
            "updateDate": "2015-10-12T23:00:00.000Z",
            "value": "1.0",
            "year": "1960"
        },
        {
            "date": "1961",
            "label": "1961",
            "month": "",
            "quarter": "",
            "sourceDataset": "MM23",
            "updateDate": "2015-10-12T23:00:00.000Z",
            "value": "3.4",
            "year": "1961"
        },
        {
            "date": "1962",
            "label": "1962",
            "month": "",
            "quarter": "",
            "sourceDataset": "MM23",
            "updateDate": "2015-10-12T23:00:00.000Z",
            "value": "4.3",
            "year": "1962"
        },
        {
            "date": "1963",
            "label": "1963",
            "month": "",
            "quarter": "",
            "sourceDataset": "MM23",
            "updateDate": "2015-10-12T23:00:00.000Z",
            "value": "2.0",
            "year": "1963"
        },
        {
            "date": "1964",
            "label": "1964",
            "month": "",
            "quarter": "",
            "sourceDataset": "MM23",
            "updateDate": "2015-10-12T23:00:00.000Z",
            "value": "3.3",
            "year": "1964"
        },
        {
            "date": "1965",
            "label": "1965",
            "month": "",
            "quarter": "",
            "sourceDataset": "MM23",
            "updateDate": "2015-10-12T23:00:00.000Z",
            "value": "4.8",
            "year": "1965"
        },
        {
            "date": "1966",
            "label": "1966",
            "month": "",
            "quarter": "",
            "sourceDataset": "MM23",
            "updateDate": "2015-10-12T23:00:00.000Z",
            "value": "3.9",
            "year": "1966"
        },
        {
            "date": "1967",
            "label": "1967",
            "month": "",
            "quarter": "",
            "sourceDataset": "MM23",
            "updateDate": "2015-10-12T23:00:00.000Z",
            "value": "2.5",
            "year": "1967"
        },
        {
            "date": "1968",
            "label": "1968",
            "month": "",
            "quarter": "",
            "sourceDataset": "MM23",
            "updateDate": "2015-10-12T23:00:00.000Z",
            "value": "4.7",
            "year": "1968"
        },
        {
            "date": "1969",
            "label": "1969",
            "month": "",
            "quarter": "",
            "sourceDataset": "MM23",
            "updateDate": "2015-10-12T23:00:00.000Z",
            "value": "5.4",
            "year": "1969"
        },
        {
            "date": "1970",
            "label": "1970",
            "month": "",
            "quarter": "",
            "sourceDataset": "MM23",
            "updateDate": "2015-10-12T23:00:00.000Z",
            "value": "6.4",
            "year": "1970"
        },
        {
            "date": "1971",
            "label": "1971",
            "month": "",
            "quarter": "",
            "sourceDataset": "MM23",
            "updateDate": "2015-10-12T23:00:00.000Z",
            "value": "9.4",
            "year": "1971"
        },
        {
            "date": "1972",
            "label": "1972",
            "month": "",
            "quarter": "",
            "sourceDataset": "MM23",
            "updateDate": "2015-10-12T23:00:00.000Z",
            "value": "7.1",
            "year": "1972"
        },
        {
            "date": "1973",
            "label": "1973",
            "month": "",
            "quarter": "",
            "sourceDataset": "MM23",
            "updateDate": "2015-10-12T23:00:00.000Z",
            "value": "9.2",
            "year": "1973"
        },
        {
            "date": "1974",
            "label": "1974",
            "month": "",
            "quarter": "",
            "sourceDataset": "MM23",
            "updateDate": "2015-10-12T23:00:00.000Z",
            "value": "16.0",
            "year": "1974"
        },
        {
            "date": "1975",
            "label": "1975",
            "month": "",
            "quarter": "",
            "sourceDataset": "MM23",
            "updateDate": "2015-10-12T23:00:00.000Z",
            "value": "24.2",
            "year": "1975"
        },
        {
            "date": "1976",
            "label": "1976",
            "month": "",
            "quarter": "",
            "sourceDataset": "MM23",
            "updateDate": "2015-10-12T23:00:00.000Z",
            "value": "16.5",
            "year": "1976"
        },
        {
            "date": "1977",
            "label": "1977",
            "month": "",
            "quarter": "",
            "sourceDataset": "MM23",
            "updateDate": "2015-10-12T23:00:00.000Z",
            "value": "15.8",
            "year": "1977"
        },
        {
            "date": "1978",
            "label": "1978",
            "month": "",
            "quarter": "",
            "sourceDataset": "MM23",
            "updateDate": "2015-10-12T23:00:00.000Z",
            "value": "8.3",
            "year": "1978"
        },
        {
            "date": "1979",
            "label": "1979",
            "month": "",
            "quarter": "",
            "sourceDataset": "MM23",
            "updateDate": "2015-10-12T23:00:00.000Z",
            "value": "13.4",
            "year": "1979"
        },
        {
            "date": "1980",
            "label": "1980",
            "month": "",
            "quarter": "",
            "sourceDataset": "MM23",
            "updateDate": "2015-10-12T23:00:00.000Z",
            "value": "18.0",
            "year": "1980"
        },
        {
            "date": "1981",
            "label": "1981",
            "month": "",
            "quarter": "",
            "sourceDataset": "MM23",
            "updateDate": "2015-10-12T23:00:00.000Z",
            "value": "11.9",
            "year": "1981"
        },
        {
            "date": "1982",
            "label": "1982",
            "month": "",
            "quarter": "",
            "sourceDataset": "MM23",
            "updateDate": "2015-10-12T23:00:00.000Z",
            "value": "8.6",
            "year": "1982"
        },
        {
            "date": "1983",
            "label": "1983",
            "month": "",
            "quarter": "",
            "sourceDataset": "MM23",
            "updateDate": "2015-10-12T23:00:00.000Z",
            "value": "4.6",
            "year": "1983"
        },
        {
            "date": "1984",
            "label": "1984",
            "month": "",
            "quarter": "",
            "sourceDataset": "MM23",
            "updateDate": "2015-10-12T23:00:00.000Z",
            "value": "5.0",
            "year": "1984"
        },
        {
            "date": "1985",
            "label": "1985",
            "month": "",
            "quarter": "",
            "sourceDataset": "MM23",
            "updateDate": "2015-10-12T23:00:00.000Z",
            "value": "6.1",
            "year": "1985"
        },
        {
            "date": "1986",
            "label": "1986",
            "month": "",
            "quarter": "",
            "sourceDataset": "MM23",
            "updateDate": "2015-10-12T23:00:00.000Z",
            "value": "3.4",
            "year": "1986"
        },
        {
            "date": "1987",
            "label": "1987",
            "month": "",
            "quarter": "",
            "sourceDataset": "MM23",
            "updateDate": "2015-10-12T23:00:00.000Z",
            "value": "4.2",
            "year": "1987"
        },
        {
            "date": "1988",
            "label": "1988",
            "month": "",
            "quarter": "",
            "sourceDataset": "MM23",
            "updateDate": "2015-10-12T23:00:00.000Z",
            "value": "4.9",
            "year": "1988"
        },
        {
            "date": "1989",
            "label": "1989",
            "month": "",
            "quarter": "",
            "sourceDataset": "MM23",
            "updateDate": "2015-10-12T23:00:00.000Z",
            "value": "7.8",
            "year": "1989"
        },
        {
            "date": "1990",
            "label": "1990",
            "month": "",
            "quarter": "",
            "sourceDataset": "MM23",
            "updateDate": "2015-10-12T23:00:00.000Z",
            "value": "9.5",
            "year": "1990"
        },
        {
            "date": "1991",
            "label": "1991",
            "month": "",
            "quarter": "",
            "sourceDataset": "MM23",
            "updateDate": "2015-10-12T23:00:00.000Z",
            "value": "5.9",
            "year": "1991"
        },
        {
            "date": "1992",
            "label": "1992",
            "month": "",
            "quarter": "",
            "sourceDataset": "MM23",
            "updateDate": "2015-10-12T23:00:00.000Z",
            "value": "3.7",
            "year": "1992"
        },
        {
            "date": "1993",
            "label": "1993",
            "month": "",
            "quarter": "",
            "sourceDataset": "MM23",
            "updateDate": "2015-10-12T23:00:00.000Z",
            "value": "1.6",
            "year": "1993"
        },
        {
            "date": "1994",
            "label": "1994",
            "month": "",
            "quarter": "",
            "sourceDataset": "MM23",
            "updateDate": "2015-10-12T23:00:00.000Z",
            "value": "2.4",
            "year": "1994"
        },
        {
            "date": "1995",
            "label": "1995",
            "month": "",
            "quarter": "",
            "sourceDataset": "MM23",
            "updateDate": "2015-10-12T23:00:00.000Z",
            "value": "3.5",
            "year": "1995"
        },
        {
            "date": "1996",
            "label": "1996",
            "month": "",
            "quarter": "",
            "sourceDataset": "MM23",
            "updateDate": "2015-10-12T23:00:00.000Z",
            "value": "2.4",
            "year": "1996"
        },
        {
            "date": "1997",
            "label": "1997",
            "month": "",
            "quarter": "",
            "sourceDataset": "MM23",
            "updateDate": "2015-10-12T23:00:00.000Z",
            "value": "3.1",
            "year": "1997"
        },
        {
            "date": "1998",
            "label": "1998",
            "month": "",
            "quarter": "",
            "sourceDataset": "MM23",
            "updateDate": "2015-10-12T23:00:00.000Z",
            "value": "3.4",
            "year": "1998"
        },
        {
            "date": "1999",
            "label": "1999",
            "month": "",
            "quarter": "",
            "sourceDataset": "MM23",
            "updateDate": "2015-10-12T23:00:00.000Z",
            "value": "1.5",
            "year": "1999"
        },
        {
            "date": "2000",
            "label": "2000",
            "month": "",
            "quarter": "",
            "sourceDataset": "MM23",
            "updateDate": "2015-10-12T23:00:00.000Z",
            "value": "3.0",
            "year": "2000"
        },
        {
            "date": "2001",
            "label": "2001",
            "month": "",
            "quarter": "",
            "sourceDataset": "MM23",
            "updateDate": "2015-10-12T23:00:00.000Z",
            "value": "1.8",
            "year": "2001"
        },
        {
            "date": "2002",
            "label": "2002",
            "month": "",
            "quarter": "",
            "sourceDataset": "MM23",
            "updateDate": "2015-10-12T23:00:00.000Z",
            "value": "1.7",
            "year": "2002"
        },
        {
            "date": "2003",
            "label": "2003",
            "month": "",
            "quarter": "",
            "sourceDataset": "MM23",
            "updateDate": "2015-10-12T23:00:00.000Z",
            "value": "2.9",
            "year": "2003"
        },
        {
            "date": "2004",
            "label": "2004",
            "month": "",
            "quarter": "",
            "sourceDataset": "MM23",
            "updateDate": "2015-10-12T23:00:00.000Z",
            "value": "3.0",
            "year": "2004"
        },
        {
            "date": "2005",
            "label": "2005",
            "month": "",
            "quarter": "",
            "sourceDataset": "MM23",
            "updateDate": "2015-10-12T23:00:00.000Z",
            "value": "2.8",
            "year": "2005"
        },
        {
            "date": "2006",
            "label": "2006",
            "month": "",
            "quarter": "",
            "sourceDataset": "MM23",
            "updateDate": "2015-10-12T23:00:00.000Z",
            "value": "3.2",
            "year": "2006"
        },
        {
            "date": "2007",
            "label": "2007",
            "month": "",
            "quarter": "",
            "sourceDataset": "MM23",
            "updateDate": "2015-10-12T23:00:00.000Z",
            "value": "4.3",
            "year": "2007"
        },
        {
            "date": "2008",
            "label": "2008",
            "month": "",
            "quarter": "",
            "sourceDataset": "MM23",
            "updateDate": "2015-10-12T23:00:00.000Z",
            "value": "4.0",
            "year": "2008"
        },
        {
            "date": "2009",
            "label": "2009",
            "month": "",
            "quarter": "",
            "sourceDataset": "MM23",
            "updateDate": "2015-10-12T23:00:00.000Z",
            "value": "-0.5",
            "year": "2009"
        },
        {
            "date": "2010",
            "label": "2010",
            "month": "",
            "quarter": "",
            "sourceDataset": "MM23",
            "updateDate": "2015-10-12T23:00:00.000Z",
            "value": "4.6",
            "year": "2010"
        },
        {
            "date": "2011",
            "label": "2011",
            "month": "",
            "quarter": "",
            "sourceDataset": "MM23",
            "updateDate": "2015-10-12T23:00:00.000Z",
            "value": "5.2",
            "year": "2011"
        },
        {
            "date": "2012",
            "label": "2012",
            "month": "",
            "quarter": "",
            "sourceDataset": "MM23",
            "updateDate": "2015-10-12T23:00:00.000Z",
            "value": "3.2",
            "year": "2012"
        },
        {
            "date": "2013",
            "label": "2013",
            "month": "",
            "quarter": "",
            "sourceDataset": "MM23",
            "updateDate": "2015-10-12T23:00:00.000Z",
            "value": "3.0",
            "year": "2013"
        },
        {
            "date": "2014",
            "label": "2014",
            "month": "",
            "quarter": "",
            "sourceDataset": "MM23",
            "updateDate": "2015-10-12T23:00:00.000Z",
            "value": "2.4",
            "year": "2014"
        },
        {
            "date": "2015",
            "label": "2015",
            "month": "",
            "quarter": "",
            "sourceDataset": "MM23",
            "updateDate": "2016-01-19T09:30:00.000Z",
            "value": "1.0",
            "year": "2015"
        },
        {
            "date": "2016",
            "label": "2016",
            "month": "",
            "quarter": "",
            "sourceDataset": "MM23",
            "updateDate": "2017-01-17T00:00:00.000Z",
            "value": "1.7",
            "year": "2016"
        },
        {
            "date": "2017",
            "label": "2017",
            "month": "",
            "quarter": "",
            "sourceDataset": "MM23",
            "updateDate": "2018-01-16T00:00:00.000Z",
            "value": "3.6",
            "year": "2017"
        },
        {
            "date": "2018",
            "label": "2018",
            "month": "",
            "quarter": "",
            "sourceDataset": "MM23",
            "updateDate": "2019-01-16T00:00:00.000Z",
            "value": "3.3",
            "year": "2018"
        },
        {
            "date": "2019",
            "label": "2019",
            "month": "",
            "quarter": "",
            "sourceDataset": "MM23",
            "updateDate": "2020-01-15T00:00:00.000Z",
            "value": "2.6",
            "year": "2019"
        },
        {
            "date": "2020",
            "label": "2020",
            "month": "",
            "quarter": "",
            "sourceDataset": "MM23",
            "updateDate": "2021-01-20T00:00:00.000Z",
            "value": "1.5",
            "year": "2020"
        }
    ]
}