{
    "$schema": "https://vega.github.io/schema/vega-lite/v4.json",
  
    "description": "Hospital admissions",
  
  "title": {
      "text": "Vaccination rate - old and young",
      "subtitle":"Complete coverage, %, by age group",
      "subtitleFontStyle":"italic",
      "subtitleFontSize":10,
      "anchor": "start",
      "color": "black"
    },
  
    "data": {
      "url": "https://api.coronavirus.data.gov.uk/v2/data?areaType=nation&metric=vaccinationsAgeDemographics&format=csv",
      "format": {"type": "csv"}
    },
  
    "height": 300,
    
    "width": 100,
    
    "mark": {
      "type": "line", 
      "strokeWidth":2},
    
    "transform": [
       
       {"filter": {
          "field": "date",
          "range": [
            {"year": 2019, "month": "feb", "date": 1},
            {"year": 2050, "month": "dec", "date": 30}
          ]}
       }
        ,
  
        {"filter": {
          "field": "age",
          "oneOf": ["18_24", "18_29",  "80+", "90+"]
        }
        }
    ],
    
    "encoding": {
      
      "x": {
        "field": "date", 
        "type": "temporal", 
        "title": null},
      
      "y": {
        "field": "cumVaccinationCompleteCoverageByVaccinationDatePercentage",
        "type": "quantitative",
        "title": null},
  
      "color":{
        "field":"age",
        "title":"Age range"
      },
  
      "facet": {
        "field": "areaName",
        "type": "nominal",
        "columns": 2,
        "title": null
      },
  
      "tooltip": [
        {"field": "date", "type": "temporal", "title": "Date"},
        {"field": "cumVaccinationCompleteCoverageByVaccinationDatePercentage","type": "quantitative","title": "Vacination rate (%)"},
        {"field": "age", "title": "Age group"},
        {"field": "areaName", "title": "Country"}
      ]
  
      
    },
    "XYZresolve": {"scale": {"y": "independent"}}
  }
  
