year,region,measure_n,value,measure
1997,East Anglia,1,190.7133319973946,Basket cost
1997,East Anglia,2,7.829999923706055,Median wage
1997,East Anglia,3,24.35674667358398,Cost: hours worked
1997,East Midlands,1,184.983562707901,Basket cost
1997,East Midlands,2,7.159999847412109,Median wage
1997,East Midlands,3,25.835693359375,Cost: hours worked
1997,London,1,180.2633307874203,Basket cost
1997,London,2,10.23999977111816,Median wage
1997,London,3,17.60384178161621,Cost: hours worked
1997,North,1,186.6674230098724,Basket cost
1997,North,2,7.25,Median wage
1997,North,3,25.74723052978516,Cost: hours worked
1997,North West,1,175.6037776172161,Basket cost
1997,North West,2,7.519999980926514,Median wage
1997,North West,3,23.35156631469727,Cost: hours worked
1997,Northern Ireland,1,185.8542219400406,Basket cost
1997,Northern Ireland,2,6.920000076293945,Median wage
1997,Northern Ireland,3,26.85754585266113,Cost: hours worked
1997,Scotland,1,201.2312853634357,Basket cost
1997,Scotland,2,7.28000020980835,Median wage
1997,Scotland,3,27.64165878295898,Cost: hours worked
1997,South East,1,180.8285458683968,Basket cost
1997,South East,2,8.170000076293945,Median wage
1997,South East,3,22.13323593139648,Cost: hours worked
1997,South West,1,182.3403769135475,Basket cost
1997,South West,2,7.349999904632568,Median wage
1997,South West,3,24.80821418762207,Cost: hours worked
1997,Wales,1,178.7435472309589,Basket cost
1997,Wales,2,7.329999923706055,Median wage
1997,Wales,3,24.38520431518555,Cost: hours worked
1997,West Midlands,1,174.6678692698479,Basket cost
1997,West Midlands,2,7.349999904632568,Median wage
1997,West Midlands,3,23.76433563232422,Cost: hours worked
1997,Yorkshire & Humber,1,185.6914993822575,Basket cost
1997,Yorkshire & Humber,2,7.110000133514404,Median wage
1997,Yorkshire & Humber,3,26.11694717407227,Cost: hours worked
1998,East Anglia,1,204.6444701254368,Basket cost
1998,East Anglia,2,8.140000343322754,Median wage
1998,East Anglia,3,25.14059638977051,Cost: hours worked
1998,East Midlands,1,190.3715333342552,Basket cost
1998,East Midlands,2,7.360000133514404,Median wage
1998,East Midlands,3,25.86569786071777,Cost: hours worked
1998,London,1,197.3908551037312,Basket cost
1998,London,2,10.69999980926514,Median wage
1998,London,3,18.44774436950684,Cost: hours worked
1998,North,1,176.4681159555912,Basket cost
1998,North,2,7.360000133514404,Median wage
1998,North,3,23.97664642333984,Cost: hours worked
1998,North West,1,180.2642552256584,Basket cost
1998,North West,2,7.699999809265137,Median wage
1998,North West,3,23.41094207763672,Cost: hours worked
1998,Northern Ireland,1,203.4968798160553,Basket cost
1998,Northern Ireland,2,7.340000152587891,Median wage
1998,Northern Ireland,3,27.72436904907227,Cost: hours worked
1998,Scotland,1,192.7452781796455,Basket cost
1998,Scotland,2,7.630000114440918,Median wage
1998,Scotland,3,25.26150321960449,Cost: hours worked
1998,South East,1,195.0144869983196,Basket cost
1998,South East,2,8.539999961853027,Median wage
1998,South East,3,22.83542060852051,Cost: hours worked
1998,South West,1,190.3813001513481,Basket cost
1998,South West,2,7.630000114440918,Median wage
1998,South West,3,24.9516773223877,Cost: hours worked
1998,Wales,1,189.9744859039783,Basket cost
1998,Wales,2,7.449999809265137,Median wage
1998,Wales,3,25.49993133544922,Cost: hours worked
1998,West Midlands,1,185.7592553496361,Basket cost
1998,West Midlands,2,7.769999980926514,Median wage
1998,West Midlands,3,23.90723991394043,Cost: hours worked
1998,Yorkshire & Humber,1,200.0835626423359,Basket cost
1998,Yorkshire & Humber,2,7.46999979019165,Median wage
1998,Yorkshire & Humber,3,26.78494834899902,Cost: hours worked
1999,East Anglia,1,201.5499997138977,Basket cost
1999,East Anglia,2,8.449999809265137,Median wage
1999,East Anglia,3,23.85207176208496,Cost: hours worked
1999,East Midlands,1,196.3700007796288,Basket cost
1999,East Midlands,2,7.710000038146973,Median wage
1999,East Midlands,3,25.46952056884766,Cost: hours worked
1999,London,1,208.9849978685379,Basket cost
1999,London,2,11.14999961853027,Median wage
1999,London,3,18.74304962158203,Cost: hours worked
1999,North,1,200.3999990820885,Basket cost
1999,North,2,7.670000076293945,Median wage
1999,North,3,26.12776947021484,Cost: hours worked
1999,North West,1,189.8149987459183,Basket cost
1999,North West,2,8.029999732971191,Median wage
1999,North West,3,23.63823318481445,Cost: hours worked
1999,Northern Ireland,1,203.7799994945526,Basket cost
1999,Northern Ireland,2,7.570000171661377,Median wage
1999,Northern Ireland,3,26.91941833496094,Cost: hours worked
1999,Scotland,1,199.5199993252754,Basket cost
1999,Scotland,2,8.079999923706055,Median wage
1999,Scotland,3,24.69306945800781,Cost: hours worked
1999,South East,1,199.3699994981289,Basket cost
1999,South East,2,8.869999885559082,Median wage
1999,South East,3,22.47688865661621,Cost: hours worked
1999,South West,1,189.9149987995625,Basket cost
1999,South West,2,7.809999942779541,Median wage
1999,South West,3,24.31690216064453,Cost: hours worked
1999,Wales,1,195.9099991321564,Basket cost
1999,Wales,2,7.730000019073486,Median wage
1999,Wales,3,25.34411430358887,Cost: hours worked
1999,West Midlands,1,192.6949986517429,Basket cost
1999,West Midlands,2,8.079999923706055,Median wage
1999,West Midlands,3,23.84839057922363,Cost: hours worked
1999,Yorkshire & Humber,1,210.0200002789497,Basket cost
1999,Yorkshire & Humber,2,7.710000038146973,Median wage
1999,Yorkshire & Humber,3,27.23994827270508,Cost: hours worked
2000,East Anglia,1,201.8099994659424,Basket cost
2000,East Anglia,2,8.649999618530273,Median wage
2000,East Anglia,3,23.33063697814941,Cost: hours worked
2000,East Midlands,1,187.0099998116493,Basket cost
2000,East Midlands,2,7.909999847412109,Median wage
2000,East Midlands,3,23.64222526550293,Cost: hours worked
2000,London,1,210.5500008165836,Basket cost
2000,London,2,11.72999954223633,Median wage
2000,London,3,17.94970321655273,Cost: hours worked
2000,North,1,198.190000385046,Basket cost
2000,North,2,8,Median wage
2000,North,3,24.77375030517578,Cost: hours worked
2000,North West,1,193.3649996817112,Basket cost
2000,North West,2,8.289999961853027,Median wage
2000,North West,3,23.3250904083252,Cost: hours worked
2000,Northern Ireland,1,197.3049989938736,Basket cost
2000,Northern Ireland,2,7.78000020980835,Median wage
2000,Northern Ireland,3,25.36053848266602,Cost: hours worked
2000,Scotland,1,188.4199989438057,Basket cost
2000,Scotland,2,8.229999542236328,Median wage
2000,Scotland,3,22.89429092407227,Cost: hours worked
2000,South East,1,195.2649992108345,Basket cost
2000,South East,2,9.220000267028809,Median wage
2000,South East,3,21.17841529846191,Cost: hours worked
2000,South West,1,211.9400012493134,Basket cost
2000,South West,2,8.079999923706055,Median wage
2000,South West,3,26.23019790649414,Cost: hours worked
2000,Wales,1,190.76999771595,Basket cost
2000,Wales,2,8.010000228881836,Median wage
2000,Wales,3,23.81647872924805,Cost: hours worked
2000,West Midlands,1,197.9749998152256,Basket cost
2000,West Midlands,2,8.25,Median wage
2000,West Midlands,3,23.99696922302246,Cost: hours worked
2000,Yorkshire & Humber,1,202.8149982690811,Basket cost
2000,Yorkshire & Humber,2,7.949999809265137,Median wage
2000,Yorkshire & Humber,3,25.51132202148438,Cost: hours worked
2001,East Anglia,1,235.8549990653992,Basket cost
2001,East Anglia,2,9.109999656677246,Median wage
2001,East Anglia,3,25.88968276977539,Cost: hours worked
2001,East Midlands,1,219.3300018012524,Basket cost
2001,East Midlands,2,8.210000038146973,Median wage
2001,East Midlands,3,26.71498107910156,Cost: hours worked
2001,London,1,227.970000565052,Basket cost
2001,London,2,12.39999961853027,Median wage
2001,London,3,18.38467788696289,Cost: hours worked
2001,North,1,199.3550019264221,Basket cost
2001,North,2,8.170000076293945,Median wage
2001,North,3,24.40085601806641,Cost: hours worked
2001,North West,1,209.3799991607666,Basket cost
2001,North West,2,8.640000343322754,Median wage
2001,North West,3,24.23379516601563,Cost: hours worked
2001,Northern Ireland,1,196.5749995112419,Basket cost
2001,Northern Ireland,2,8,Median wage
2001,Northern Ireland,3,24.57187461853027,Cost: hours worked
2001,Scotland,1,213.0549999475479,Basket cost
2001,Scotland,2,8.640000343322754,Median wage
2001,Scotland,3,24.65914344787598,Cost: hours worked
2001,South East,1,206.9999997615814,Basket cost
2001,South East,2,9.720000267028809,Median wage
2001,South East,3,21.29629516601563,Cost: hours worked
2001,South West,1,220.710000783205,Basket cost
2001,South West,2,8.560000419616699,Median wage
2001,South West,3,25.78387641906738,Cost: hours worked
2001,Wales,1,204.3349999189377,Basket cost
2001,Wales,2,8.270000457763672,Median wage
2001,Wales,3,24.70797920227051,Cost: hours worked
2001,West Midlands,1,206.6050010919571,Basket cost
2001,West Midlands,2,8.75,Median wage
2001,West Midlands,3,23.61199951171875,Cost: hours worked
2001,Yorkshire & Humber,1,212.1250003576279,Basket cost
2001,Yorkshire & Humber,2,8.310000419616699,Median wage
2001,Yorkshire & Humber,3,25.5264720916748,Cost: hours worked
2002,East Anglia,1,248.8599972128868,Basket cost
2002,East Anglia,2,9.539999961853027,Median wage
2002,East Anglia,3,26.08595275878906,Cost: hours worked
2002,East Midlands,1,227.3599988222122,Basket cost
2002,East Midlands,2,8.649999618530273,Median wage
2002,East Midlands,3,26.28439331054688,Cost: hours worked
2002,London,1,218.8799995779991,Basket cost
2002,London,2,13.06999969482422,Median wage
2002,London,3,16.74674797058105,Cost: hours worked
2002,North,1,204.090000629425,Basket cost
2002,North,2,8.479999542236328,Median wage
2002,North,3,24.06721878051758,Cost: hours worked
2002,North West,1,211.4200018048286,Basket cost
2002,North West,2,9.109999656677246,Median wage
2002,North West,3,23.20746612548828,Cost: hours worked
2002,Northern Ireland,1,224.2600004673004,Basket cost
2002,Northern Ireland,2,8.399999618530273,Median wage
2002,Northern Ireland,3,26.6976203918457,Cost: hours worked
2002,Scotland,1,235.1050015091896,Basket cost
2002,Scotland,2,9.140000343322754,Median wage
2002,Scotland,3,25.72264671325684,Cost: hours worked
2002,South East,1,232.1750002503395,Basket cost
2002,South East,2,10.34000015258789,Median wage
2002,South East,3,22.45406150817871,Cost: hours worked
2002,South West,1,223.3500010371208,Basket cost
2002,South West,2,8.939999580383301,Median wage
2002,South West,3,24.98322296142578,Cost: hours worked
2002,Wales,1,211.7150009870529,Basket cost
2002,Wales,2,8.529999732971191,Median wage
2002,Wales,3,24.82004737854004,Cost: hours worked
2002,West Midlands,1,226.0700006484985,Basket cost
2002,West Midlands,2,9,Median wage
2002,West Midlands,3,25.11888885498047,Cost: hours worked
2002,Yorkshire & Humber,1,209.1749988794327,Basket cost
2002,Yorkshire & Humber,2,8.680000305175781,Median wage
2002,Yorkshire & Humber,3,24.09850120544434,Cost: hours worked
2003,East Anglia,1,255.5149995088577,Basket cost
2003,East Anglia,2,9.880000114440918,Median wage
2003,East Anglia,3,25.86184120178223,Cost: hours worked
2003,East Midlands,1,258.4749985337257,Basket cost
2003,East Midlands,2,9.069999694824219,Median wage
2003,East Midlands,3,28.49779510498047,Cost: hours worked
2003,London,1,243.3150014877319,Basket cost
2003,London,2,13.53999996185303,Median wage
2003,London,3,17.97008895874023,Cost: hours worked
2003,North,1,201.9500015377998,Basket cost
2003,North,2,8.670000076293945,Median wage
2003,North,3,23.29296493530273,Cost: hours worked
2003,North West,1,228.9799991250038,Basket cost
2003,North West,2,9.350000381469727,Median wage
2003,North West,3,24.48983764648438,Cost: hours worked
2003,Northern Ireland,1,230.3999985456467,Basket cost
2003,Northern Ireland,2,8.640000343322754,Median wage
2003,Northern Ireland,3,26.66666603088379,Cost: hours worked
2003,Scotland,1,218.0300000905991,Basket cost
2003,Scotland,2,9.399999618530273,Median wage
2003,Scotland,3,23.19468116760254,Cost: hours worked
2003,South East,1,237.049998998642,Basket cost
2003,South East,2,10.73999977111816,Median wage
2003,South East,3,22.07169532775879,Cost: hours worked
2003,South West,1,258.5549964904785,Basket cost
2003,South West,2,9.329999923706055,Median wage
2003,South West,3,27.71221923828125,Cost: hours worked
2003,Wales,1,223.7699995040894,Basket cost
2003,Wales,2,8.909999847412109,Median wage
2003,Wales,3,25.11447906494141,Cost: hours worked
2003,West Midlands,1,242.2699999213219,Basket cost
2003,West Midlands,2,9.229999542236328,Median wage
2003,West Midlands,3,26.24810600280762,Cost: hours worked
2003,Yorkshire & Humber,1,223.7700009942055,Basket cost
2003,Yorkshire & Humber,2,9.140000343322754,Median wage
2003,Yorkshire & Humber,3,24.48249435424805,Cost: hours worked
2004,East Anglia,1,219.9799981713295,Basket cost
2004,East Anglia,2,10.22000026702881,Median wage
2004,East Anglia,3,21.52446174621582,Cost: hours worked
2004,East Midlands,1,241.3699997663498,Basket cost
2004,East Midlands,2,9.319999694824219,Median wage
2004,East Midlands,3,25.89806938171387,Cost: hours worked
2004,London,1,242.1499999761581,Basket cost
2004,London,2,13.92000007629395,Median wage
2004,London,3,17.39583396911621,Cost: hours worked
2004,North,1,220.2399998903275,Basket cost
2004,North,2,9.119999885559082,Median wage
2004,North,3,24.14912223815918,Cost: hours worked
2004,North West,1,253.1099964380264,Basket cost
2004,North West,2,9.770000457763672,Median wage
2004,North West,3,25.90685653686523,Cost: hours worked
2004,Northern Ireland,1,258.6099987030029,Basket cost
2004,Northern Ireland,2,9.140000343322754,Median wage
2004,Northern Ireland,3,28.29430961608887,Cost: hours worked
2004,Scotland,1,231.2650004327297,Basket cost
2004,Scotland,2,9.720000267028809,Median wage
2004,Scotland,3,23.79269409179688,Cost: hours worked
2004,South East,1,255.8949974179268,Basket cost
2004,South East,2,11.0600004196167,Median wage
2004,South East,3,23.13697814941406,Cost: hours worked
2004,South West,1,236.599998742342,Basket cost
2004,South West,2,9.569999694824219,Median wage
2004,South West,3,24.72309303283691,Cost: hours worked
2004,Wales,1,189.7399994134903,Basket cost
2004,Wales,2,9.399999618530273,Median wage
2004,Wales,3,20.18510627746582,Cost: hours worked
2004,West Midlands,1,261.6599967479706,Basket cost
2004,West Midlands,2,9.600000381469727,Median wage
2004,West Midlands,3,27.25624847412109,Cost: hours worked
2004,Yorkshire & Humber,1,221.0049998760223,Basket cost
2004,Yorkshire & Humber,2,9.470000267028809,Median wage
2004,Yorkshire & Humber,3,23.33738136291504,Cost: hours worked
2005,East Anglia,1,232.7099978625774,Basket cost
2005,East Anglia,2,10.36999988555908,Median wage
2005,East Anglia,3,22.44069480895996,Cost: hours worked
2005,East Midlands,1,269.2149974107742,Basket cost
2005,East Midlands,2,9.819999694824219,Median wage
2005,East Midlands,3,27.41497039794922,Cost: hours worked
2005,London,1,239.9699983000755,Basket cost
2005,London,2,14.44999980926514,Median wage
2005,London,3,16.60692024230957,Cost: hours worked
2005,North,1,218.0050012469292,Basket cost
2005,North,2,9.550000190734863,Median wage
2005,North,3,22.82774925231934,Cost: hours worked
2005,North West,1,249.0649961829185,Basket cost
2005,North West,2,10.10999965667725,Median wage
2005,North West,3,24.6355094909668,Cost: hours worked
2005,Northern Ireland,1,216.2249978780746,Basket cost
2005,Northern Ireland,2,9.5,Median wage
2005,Northern Ireland,3,22.76052665710449,Cost: hours worked
2005,Scotland,1,249.0899974107742,Basket cost
2005,Scotland,2,10.09000015258789,Median wage
2005,Scotland,3,24.68681716918945,Cost: hours worked
2005,South East,1,251.0100010037422,Basket cost
2005,South East,2,11.22999954223633,Median wage
2005,South East,3,22.35173797607422,Cost: hours worked
2005,South West,1,223.3549993038177,Basket cost
2005,South West,2,9.890000343322754,Median wage
2005,South West,3,22.58392143249512,Cost: hours worked
2005,Wales,1,192.7700017094612,Basket cost
2005,Wales,2,9.619999885559082,Median wage
2005,Wales,3,20.03846168518066,Cost: hours worked
2005,West Midlands,1,244.3000005781651,Basket cost
2005,West Midlands,2,10,Median wage
2005,West Midlands,3,24.43000030517578,Cost: hours worked
2005,Yorkshire & Humber,1,237.6450024843216,Basket cost
2005,Yorkshire & Humber,2,9.819999694824219,Median wage
2005,Yorkshire & Humber,3,24.20010375976563,Cost: hours worked
2006,East Anglia,1,235.2149996459484,Basket cost
2006,East Anglia,2,10.88000011444092,Median wage
2006,East Anglia,3,21.61902618408203,Cost: hours worked
2006,East Midlands,1,271.4099987745285,Basket cost
2006,East Midlands,2,10.22000026702881,Median wage
2006,East Midlands,3,26.5567512512207,Cost: hours worked
2006,London,1,249.4949980974197,Basket cost
2006,London,2,14.78999996185303,Median wage
2006,London,3,16.86916732788086,Cost: hours worked
2006,North,1,208.6650029420853,Basket cost
2006,North,2,9.939999580383301,Median wage
2006,North,3,20.99245643615723,Cost: hours worked
2006,North West,1,255.6300014853477,Basket cost
2006,North West,2,10.46000003814697,Median wage
2006,North West,3,24.43881416320801,Cost: hours worked
2006,Northern Ireland,1,230.2400006651878,Basket cost
2006,Northern Ireland,2,10,Median wage
2006,Northern Ireland,3,23.02400016784668,Cost: hours worked
2006,Scotland,1,254.7249999344349,Basket cost
2006,Scotland,2,10.67000007629395,Median wage
2006,Scotland,3,23.87300872802734,Cost: hours worked
2006,South East,1,235.0349998772144,Basket cost
2006,South East,2,11.75,Median wage
2006,South East,3,20.00297927856445,Cost: hours worked
2006,South West,1,245.1149995625019,Basket cost
2006,South West,2,10.28999996185303,Median wage
2006,South West,3,23.82069969177246,Cost: hours worked
2006,Wales,1,202.9099986553192,Basket cost
2006,Wales,2,10,Median wage
2006,Wales,3,20.29100036621094,Cost: hours worked
2006,West Midlands,1,261.1249985396862,Basket cost
2006,West Midlands,2,10.28999996185303,Median wage
2006,West Midlands,3,25.37657928466797,Cost: hours worked
2006,Yorkshire & Humber,1,277.5550009608269,Basket cost
2006,Yorkshire & Humber,2,10.14000034332275,Median wage
2006,Yorkshire & Humber,3,27.37228775024414,Cost: hours worked
2007,East Anglia,1,236.0100023150444,Basket cost
2007,East Anglia,2,11.09000015258789,Median wage
2007,East Anglia,3,21.28133392333984,Cost: hours worked
2007,East Midlands,1,298.9699984788895,Basket cost
2007,East Midlands,2,10.25,Median wage
2007,East Midlands,3,29.16780471801758,Cost: hours worked
2007,London,1,269.4249983429909,Basket cost
2007,London,2,15.25,Median wage
2007,London,3,17.66721343994141,Cost: hours worked
2007,North,1,185.0700013637543,Basket cost
2007,North,2,10.14000034332275,Median wage
2007,North,3,18.25147819519043,Cost: hours worked
2007,North West,1,279.3049981594086,Basket cost
2007,North West,2,10.84000015258789,Median wage
2007,North West,3,25.76614379882813,Cost: hours worked
2007,Northern Ireland,1,242.3750003874302,Basket cost
2007,Northern Ireland,2,9.729999542236328,Median wage
2007,Northern Ireland,3,24.91007232666016,Cost: hours worked
2007,Scotland,1,264.6349983215332,Basket cost
2007,Scotland,2,10.97999954223633,Median wage
2007,Scotland,3,24.10154914855957,Cost: hours worked
2007,South East,1,252.0899991393089,Basket cost
2007,South East,2,12.03999996185303,Median wage
2007,South East,3,20.93770790100098,Cost: hours worked
2007,South West,1,256.8599989414215,Basket cost
2007,South West,2,10.53999996185303,Median wage
2007,South West,3,24.37001991271973,Cost: hours worked
2007,Wales,1,211.1650007367134,Basket cost
2007,Wales,2,10.10000038146973,Median wage
2007,Wales,3,20.90742492675781,Cost: hours worked
2007,West Midlands,1,290.6999981403351,Basket cost
2007,West Midlands,2,10.52999973297119,Median wage
2007,West Midlands,3,27.60683822631836,Cost: hours worked
2007,Yorkshire & Humber,1,280.325001001358,Basket cost
2007,Yorkshire & Humber,2,10.36999988555908,Median wage
2007,Yorkshire & Humber,3,27.03230476379395,Cost: hours worked
2008,East Anglia,1,263.2850004434586,Basket cost
2008,East Anglia,2,11.52000045776367,Median wage
2008,East Anglia,3,22.85459899902344,Cost: hours worked
2008,East Midlands,1,329.0199978947639,Basket cost
2008,East Midlands,2,10.8100004196167,Median wage
2008,East Midlands,3,30.43663215637207,Cost: hours worked
2008,London,1,309.8499975204468,Basket cost
2008,London,2,15.78999996185303,Median wage
2008,London,3,19.62317848205566,Cost: hours worked
2008,North,1,215.7550014853477,Basket cost
2008,North,2,10.46000003814697,Median wage
2008,North,3,20.62667274475098,Cost: hours worked
2008,North West,1,298.1599966883659,Basket cost
2008,North West,2,11.25,Median wage
2008,North West,3,26.50311088562012,Cost: hours worked
2008,Northern Ireland,1,243.1599977016449,Basket cost
2008,Northern Ireland,2,10.14000034332275,Median wage
2008,Northern Ireland,3,23.98027420043945,Cost: hours worked
2008,Scotland,1,255.0350003242493,Basket cost
2008,Scotland,2,11.47999954223633,Median wage
2008,Scotland,3,22.2155933380127,Cost: hours worked
2008,South East,1,276.1649978756905,Basket cost
2008,South East,2,12.60999965667725,Median wage
2008,South East,3,21.90047645568848,Cost: hours worked
2008,South West,1,271.6600006222725,Basket cost
2008,South West,2,10.90999984741211,Median wage
2008,South West,3,24.90009117126465,Cost: hours worked
2008,Wales,1,202.7750006318092,Basket cost
2008,Wales,2,10.53999996185303,Median wage
2008,Wales,3,19.23861503601074,Cost: hours worked
2008,West Midlands,1,302.4650000929832,Basket cost
2008,West Midlands,2,11,Median wage
2008,West Midlands,3,27.49681854248047,Cost: hours worked
2008,Yorkshire & Humber,1,283.9549996256828,Basket cost
2008,Yorkshire & Humber,2,10.89999961853027,Median wage
2008,Yorkshire & Humber,3,26.05091857910156,Cost: hours worked
2009,East Anglia,1,264.980000436306,Basket cost
2009,East Anglia,2,11.81999969482422,Median wage
2009,East Anglia,3,22.41793632507324,Cost: hours worked
2009,East Midlands,1,316.4699997901917,Basket cost
2009,East Midlands,2,11.30000019073486,Median wage
2009,East Midlands,3,28.00619506835938,Cost: hours worked
2009,London,1,321.2749965190887,Basket cost
2009,London,2,16.38999938964844,Median wage
2009,London,3,19.60189247131348,Cost: hours worked
2009,North,1,253.0900048017502,Basket cost
2009,North,2,11.02999973297119,Median wage
2009,North,3,22.94560432434082,Cost: hours worked
2009,North West,1,315.4149971008301,Basket cost
2009,North West,2,11.63000011444092,Median wage
2009,North West,3,27.12080764770508,Cost: hours worked
2009,Northern Ireland,1,261.6650013923645,Basket cost
2009,Northern Ireland,2,10.85999965667725,Median wage
2009,Northern Ireland,3,24.09438323974609,Cost: hours worked
2009,Scotland,1,282.0099962949753,Basket cost
2009,Scotland,2,11.97999954223633,Median wage
2009,Scotland,3,23.54006767272949,Cost: hours worked
2009,South East,1,315.7099988460541,Basket cost
2009,South East,2,12.98999977111816,Median wage
2009,South East,3,24.30408096313477,Cost: hours worked
2009,South West,1,306.0999965667725,Basket cost
2009,South West,2,11.32999992370605,Median wage
2009,South West,3,27.01676940917969,Cost: hours worked
2009,Wales,1,221.9600011110306,Basket cost
2009,Wales,2,11.03999996185303,Median wage
2009,Wales,3,20.10507202148438,Cost: hours worked
2009,West Midlands,1,331.4149982333183,Basket cost
2009,West Midlands,2,11.47999954223633,Median wage
2009,West Midlands,3,28.86890411376953,Cost: hours worked
2009,Yorkshire & Humber,1,296.5399971604347,Basket cost
2009,Yorkshire & Humber,2,11.30000019073486,Median wage
2009,Yorkshire & Humber,3,26.24247741699219,Cost: hours worked
2010,East Anglia,1,283.5099960565567,Basket cost
2010,East Anglia,2,12.10000038146973,Median wage
2010,East Anglia,3,23.43057823181152,Cost: hours worked
2010,East Midlands,1,324.9299991726875,Basket cost
2010,East Midlands,2,11.32999992370605,Median wage
2010,East Midlands,3,28.67873001098633,Cost: hours worked
2010,London,1,345.2699981331825,Basket cost
2010,London,2,16.77000045776367,Median wage
2010,London,3,20.58855056762695,Cost: hours worked
2010,North,1,254.5400019288063,Basket cost
2010,North,2,11.1899995803833,Median wage
2010,North,3,22.74709701538086,Cost: hours worked
2010,North West,1,274.0300016999245,Basket cost
2010,North West,2,11.75,Median wage
2010,North West,3,23.32170295715332,Cost: hours worked
2010,Northern Ireland,1,269.7200031280518,Basket cost
2010,Northern Ireland,2,10.78999996185303,Median wage
2010,Northern Ireland,3,24.99721908569336,Cost: hours worked
2010,Scotland,1,283.0799996256828,Basket cost
2010,Scotland,2,12.14999961853027,Median wage
2010,Scotland,3,23.29876518249512,Cost: hours worked
2010,South East,1,312.9600005745888,Basket cost
2010,South East,2,13.18000030517578,Median wage
2010,South East,3,23.74506759643555,Cost: hours worked
2010,South West,1,313.8949965238571,Basket cost
2010,South West,2,11.39999961853027,Median wage
2010,South West,3,27.53464889526367,Cost: hours worked
2010,Wales,1,251.0799996256828,Basket cost
2010,Wales,2,11.27000045776367,Median wage
2010,Wales,3,22.27861404418945,Cost: hours worked
2010,West Midlands,1,359.2949982881546,Basket cost
2010,West Midlands,2,11.56999969482422,Median wage
2010,West Midlands,3,31.05401992797852,Cost: hours worked
2010,Yorkshire & Humber,1,300.159999191761,Basket cost
2010,Yorkshire & Humber,2,11.38000011444092,Median wage
2010,Yorkshire & Humber,3,26.3760986328125,Cost: hours worked
2011,East Anglia,1,313.110003054142,Basket cost
2011,East Anglia,2,12.17000007629395,Median wage
2011,East Anglia,3,25.72801971435547,Cost: hours worked
2011,East Midlands,1,325.1699990034103,Basket cost
2011,East Midlands,2,11.28999996185303,Median wage
2011,East Midlands,3,28.80159378051758,Cost: hours worked
2011,London,1,350.350002348423,Basket cost
2011,London,2,16.95999908447266,Median wage
2011,London,3,20.65743064880371,Cost: hours worked
2011,North,1,267.274998486042,Basket cost
2011,North,2,11.27000045776367,Median wage
2011,North,3,23.71561622619629,Cost: hours worked
2011,North West,1,303.1549995541573,Basket cost
2011,North West,2,11.60000038146973,Median wage
2011,North West,3,26.1340503692627,Cost: hours worked
2011,Northern Ireland,1,286.6300020217896,Basket cost
2011,Northern Ireland,2,11.0600004196167,Median wage
2011,Northern Ireland,3,25.91591262817383,Cost: hours worked
2011,Scotland,1,294.639997780323,Basket cost
2011,Scotland,2,12.27000045776367,Median wage
2011,Scotland,3,24.01303863525391,Cost: hours worked
2011,South East,1,326.4600007534027,Basket cost
2011,South East,2,13.38000011444092,Median wage
2011,South East,3,24.39910316467285,Cost: hours worked
2011,South West,1,295.7749985456467,Basket cost
2011,South West,2,11.5,Median wage
2011,South West,3,25.71956443786621,Cost: hours worked
2011,Wales,1,269.6399974822998,Basket cost
2011,Wales,2,11.39000034332275,Median wage
2011,Wales,3,23.67339706420898,Cost: hours worked
2011,West Midlands,1,388.6450004577637,Basket cost
2011,West Midlands,2,11.57999992370605,Median wage
2011,West Midlands,3,33.56174468994141,Cost: hours worked
2011,Yorkshire & Humber,1,323.6900002360344,Basket cost
2011,Yorkshire & Humber,2,11.44999980926514,Median wage
2011,Yorkshire & Humber,3,28.26986885070801,Cost: hours worked
2012,East Anglia,1,367.1899989843369,Basket cost
2012,East Anglia,2,12.27999973297119,Median wage
2012,East Anglia,3,29.90146636962891,Cost: hours worked
2012,East Midlands,1,318.7549986243248,Basket cost
2012,East Midlands,2,11.47000026702881,Median wage
2012,East Midlands,3,27.79032135009766,Cost: hours worked
2012,London,1,339.0000009536743,Basket cost
2012,London,2,17.11000061035156,Median wage
2012,London,3,19.81297492980957,Cost: hours worked
2012,North,1,248.6149995923042,Basket cost
2012,North,2,11.48999977111816,Median wage
2012,North,3,21.63751220703125,Cost: hours worked
2012,North West,1,307.0399996042252,Basket cost
2012,North West,2,11.85000038146973,Median wage
2012,North West,3,25.91054725646973,Cost: hours worked
2012,Northern Ireland,1,277.1499977111816,Basket cost
2012,Northern Ireland,2,11.35999965667725,Median wage
2012,Northern Ireland,3,24.39700698852539,Cost: hours worked
2012,Scotland,1,283.8249955177307,Basket cost
2012,Scotland,2,12.52000045776367,Median wage
2012,Scotland,3,22.66972732543945,Cost: hours worked
2012,South East,1,321.5849970579147,Basket cost
2012,South East,2,13.63000011444092,Median wage
2012,South East,3,23.59391021728516,Cost: hours worked
2012,South West,1,292.8949978351593,Basket cost
2012,South West,2,11.68000030517578,Median wage
2012,South West,3,25.07662582397461,Cost: hours worked
2012,Wales,1,277.8599965572357,Basket cost
2012,Wales,2,11.40999984741211,Median wage
2012,Wales,3,24.35232162475586,Cost: hours worked
2012,West Midlands,1,385.8850003480911,Basket cost
2012,West Midlands,2,11.73999977111816,Median wage
2012,West Midlands,3,32.8692512512207,Cost: hours worked
2012,Yorkshire & Humber,1,327.4799997210503,Basket cost
2012,Yorkshire & Humber,2,11.56999969482422,Median wage
2012,Yorkshire & Humber,3,28.30423545837402,Cost: hours worked
2013,East Anglia,1,336.0299985408783,Basket cost
2013,East Anglia,2,12.72999954223633,Median wage
2013,East Anglia,3,26.39670181274414,Cost: hours worked
2013,East Midlands,1,323.3149951100349,Basket cost
2013,East Midlands,2,11.69999980926514,Median wage
2013,East Midlands,3,27.63376045227051,Cost: hours worked
2013,London,1,344.6799992918968,Basket cost
2013,London,2,17.15999984741211,Median wage
2013,London,3,20.08624649047852,Cost: hours worked
2013,North,1,253.3749994635582,Basket cost
2013,North,2,11.93000030517578,Median wage
2013,North,3,21.23847389221191,Cost: hours worked
2013,North West,1,303.2499972581863,Basket cost
2013,North West,2,12.19999980926514,Median wage
2013,North West,3,24.85655784606934,Cost: hours worked
2013,Northern Ireland,1,279.2449991703033,Basket cost
2013,Northern Ireland,2,11.46000003814697,Median wage
2013,Northern Ireland,3,24.36692810058594,Cost: hours worked
2013,Scotland,1,298.134997189045,Basket cost
2013,Scotland,2,12.86999988555908,Median wage
2013,Scotland,3,23.16511344909668,Cost: hours worked
2013,South East,1,315.684999704361,Basket cost
2013,South East,2,13.64000034332275,Median wage
2013,South East,3,23.1440601348877,Cost: hours worked
2013,South West,1,303.4099967479706,Basket cost
2013,South West,2,12.0600004196167,Median wage
2013,South West,3,25.15837287902832,Cost: hours worked
2013,Wales,1,308.5299936532974,Basket cost
2013,Wales,2,11.82999992370605,Median wage
2013,Wales,3,26.08030319213867,Cost: hours worked
2013,West Midlands,1,317.4299996495247,Basket cost
2013,West Midlands,2,12.18000030517578,Median wage
2013,West Midlands,3,26.06157493591309,Cost: hours worked
2013,Yorkshire & Humber,1,350.0749992132187,Basket cost
2013,Yorkshire & Humber,2,11.90999984741211,Median wage
2013,Yorkshire & Humber,3,29.39336776733398,Cost: hours worked
2014,East Anglia,1,329.0199974179268,Basket cost
2014,East Anglia,2,12.59000015258789,Median wage
2014,East Anglia,3,26.13343811035156,Cost: hours worked
2014,East Midlands,1,309.0249998569489,Basket cost
2014,East Midlands,2,11.77000045776367,Median wage
2014,East Midlands,3,26.25530815124512,Cost: hours worked
2014,London,1,346.6500002741814,Basket cost
2014,London,2,17.25,Median wage
2014,London,3,20.09565162658691,Cost: hours worked
2014,North,1,248.2549990415573,Basket cost
2014,North,2,12.14999961853027,Median wage
2014,North,3,20.43251037597656,Cost: hours worked
2014,North West,1,315.2249988913536,Basket cost
2014,North West,2,12.22000026702881,Median wage
2014,North West,3,25.79582595825195,Cost: hours worked
2014,Northern Ireland,1,311.7600005269051,Basket cost
2014,Northern Ireland,2,11.35999965667725,Median wage
2014,Northern Ireland,3,27.44366264343262,Cost: hours worked
2014,Scotland,1,297.8049963116646,Basket cost
2014,Scotland,2,13.13000011444092,Median wage
2014,Scotland,3,22.6812629699707,Cost: hours worked
2014,South East,1,323.3299971222878,Basket cost
2014,South East,2,13.77999973297119,Median wage
2014,South East,3,23.46371650695801,Cost: hours worked
2014,South West,1,305.5899989008904,Basket cost
2014,South West,2,12.14000034332275,Median wage
2014,South West,3,25.17215728759766,Cost: hours worked
2014,Wales,1,289.2149974703789,Basket cost
2014,Wales,2,11.84000015258789,Median wage
2014,Wales,3,24.42694282531738,Cost: hours worked
2014,West Midlands,1,317.595000565052,Basket cost
2014,West Midlands,2,11.96000003814697,Median wage
2014,West Midlands,3,26.55476570129395,Cost: hours worked
2014,Yorkshire & Humber,1,329.8000009059906,Basket cost
2014,Yorkshire & Humber,2,11.78999996185303,Median wage
2014,Yorkshire & Humber,3,27.97285842895508,Cost: hours worked
2015,East Anglia,1,356.4499981999397,Basket cost
2015,East Anglia,2,12.77000045776367,Median wage
2015,East Anglia,3,27.91307640075684,Cost: hours worked
2015,East Midlands,1,290.1549998521805,Basket cost
2015,East Midlands,2,11.82999992370605,Median wage
2015,East Midlands,3,24.52705001831055,Cost: hours worked
2015,London,1,342.1100001335144,Basket cost
2015,London,2,17.1299991607666,Median wage
2015,London,3,19.97139549255371,Cost: hours worked
2015,North,1,248.7449988126755,Basket cost
2015,North,2,12.40999984741211,Median wage
2015,North,3,20.04391670227051,Cost: hours worked
2015,North West,1,308.2950008511543,Basket cost
2015,North West,2,12.36999988555908,Median wage
2015,North West,3,24.92279815673828,Cost: hours worked
2015,Northern Ireland,1,325.2049966454506,Basket cost
2015,Northern Ireland,2,11.97000026702881,Median wage
2015,Northern Ireland,3,27.16833686828613,Cost: hours worked
2015,Scotland,1,293.3299986720085,Basket cost
2015,Scotland,2,13.39999961853027,Median wage
2015,Scotland,3,21.89029884338379,Cost: hours worked
2015,South East,1,325.9749999046326,Basket cost
2015,South East,2,14.0600004196167,Median wage
2015,South East,3,23.1845645904541,Cost: hours worked
2015,South West,1,308.4099981784821,Basket cost
2015,South West,2,12.31999969482422,Median wage
2015,South West,3,25.03327941894531,Cost: hours worked
2015,Wales,1,266.429997086525,Basket cost
2015,Wales,2,12.0600004196167,Median wage
2015,Wales,3,22.09203910827637,Cost: hours worked
2015,West Midlands,1,324.3999980688095,Basket cost
2015,West Midlands,2,12.32999992370605,Median wage
2015,West Midlands,3,26.30981254577637,Cost: hours worked
2015,Yorkshire & Humber,1,296.259995162487,Basket cost
2015,Yorkshire & Humber,2,12.14999961853027,Median wage
2015,Yorkshire & Humber,3,24.3835391998291,Cost: hours worked
2016,East Anglia,1,362.6949989199638,Basket cost
2016,East Anglia,2,13.17000007629395,Median wage
2016,East Anglia,3,27.53948402404785,Cost: hours worked
2016,East Midlands,1,282.6299983263016,Basket cost
2016,East Midlands,2,12.03999996185303,Median wage
2016,East Midlands,3,23.47425270080566,Cost: hours worked
2016,London,1,387.8849989175797,Basket cost
2016,London,2,17.52000045776367,Median wage
2016,London,3,22.13955497741699,Cost: hours worked
2016,North,1,280.6249980330467,Basket cost
2016,North,2,12.40999984741211,Median wage
2016,North,3,22.61281204223633,Cost: hours worked
2016,North West,1,318.7549973130226,Basket cost
2016,North West,2,12.76000022888184,Median wage
2016,North West,3,24.98079872131348,Cost: hours worked
2016,Northern Ireland,1,315.4749994874001,Basket cost
2016,Northern Ireland,2,12.14999961853027,Median wage
2016,Northern Ireland,3,25.96502113342285,Cost: hours worked
2016,Scotland,1,304.2049965858459,Basket cost
2016,Scotland,2,13.5,Median wage
2016,Scotland,3,22.5337028503418,Cost: hours worked
2016,South East,1,343.8049989938736,Basket cost
2016,South East,2,14.3100004196167,Median wage
2016,South East,3,24.02550506591797,Cost: hours worked
2016,South West,1,313.7499934434891,Basket cost
2016,South West,2,12.64999961853027,Median wage
2016,South West,3,24.80237197875977,Cost: hours worked
2016,Wales,1,261.1399995088577,Basket cost
2016,Wales,2,12.5,Median wage
2016,Wales,3,20.89119911193848,Cost: hours worked
2016,West Midlands,1,315.2049953341484,Basket cost
2016,West Midlands,2,12.77999973297119,Median wage
2016,West Midlands,3,24.6639289855957,Cost: hours worked
2016,Yorkshire & Humber,1,302.2399989366531,Basket cost
2016,Yorkshire & Humber,2,12.46000003814697,Median wage
2016,Yorkshire & Humber,3,24.25682258605957,Cost: hours worked
2017,East Anglia,1,338.8899989724159,Basket cost
2017,East Anglia,2,13.59000015258789,Median wage
2017,East Anglia,3,24.93671798706055,Cost: hours worked
2017,East Midlands,1,295.4799983501434,Basket cost
2017,East Midlands,2,12.46000003814697,Median wage
2017,East Midlands,3,23.71428489685059,Cost: hours worked
2017,London,1,401.5849980115891,Basket cost
2017,London,2,18.20999908447266,Median wage
2017,London,3,22.05299377441406,Cost: hours worked
2017,North,1,317.1299996972084,Basket cost
2017,North,2,12.93000030517578,Median wage
2017,North,3,24.52668190002441,Cost: hours worked
2017,North West,1,341.4399974346161,Basket cost
2017,North West,2,12.98999977111816,Median wage
2017,North West,3,26.28483390808105,Cost: hours worked
2017,Northern Ireland,1,319.6899952292442,Basket cost
2017,Northern Ireland,2,12.3100004196167,Median wage
2017,Northern Ireland,3,25.96994209289551,Cost: hours worked
2017,Scotland,1,369.9299985170364,Basket cost
2017,Scotland,2,13.84000015258789,Median wage
2017,Scotland,3,26.72904586791992,Cost: hours worked
2017,South East,1,362.7699994444847,Basket cost
2017,South East,2,14.55000019073486,Median wage
2017,South East,3,24.93264579772949,Cost: hours worked
2017,South West,1,354.9049987196922,Basket cost
2017,South West,2,13.09000015258789,Median wage
2017,South West,3,27.11268043518066,Cost: hours worked
2017,Wales,1,273.2449959516525,Basket cost
2017,Wales,2,12.52000045776367,Median wage
2017,Wales,3,21.82468032836914,Cost: hours worked
2017,West Midlands,1,335.0250008106232,Basket cost
2017,West Midlands,2,12.89999961853027,Median wage
2017,West Midlands,3,25.97093200683594,Cost: hours worked
2017,Yorkshire & Humber,1,313.9199968576431,Basket cost
2017,Yorkshire & Humber,2,12.5600004196167,Median wage
2017,Yorkshire & Humber,3,24.99362945556641,Cost: hours worked
2018,East Anglia,1,343.1649999022484,Basket cost
2018,East Anglia,2,13.84000015258789,Median wage
2018,East Anglia,3,24.79515838623047,Cost: hours worked
2018,East Midlands,1,308.8949995040894,Basket cost
2018,East Midlands,2,12.72000026702881,Median wage
2018,East Midlands,3,24.2841968536377,Cost: hours worked
2018,London,1,382.1299981474876,Basket cost
2018,London,2,18.68000030517578,Median wage
2018,London,3,20.45663833618164,Cost: hours worked
2018,North,1,294.8699985742569,Basket cost
2018,North,2,12.86999988555908,Median wage
2018,North,3,22.91142272949219,Cost: hours worked
2018,North West,1,321.7300001978874,Basket cost
2018,North West,2,13.40999984741211,Median wage
2018,North West,3,23.99179840087891,Cost: hours worked
2018,Northern Ireland,1,310.8099980950356,Basket cost
2018,Northern Ireland,2,12.5600004196167,Median wage
2018,Northern Ireland,3,24.74601745605469,Cost: hours worked
2018,Scotland,1,366.9349987506866,Basket cost
2018,Scotland,2,14.3100004196167,Median wage
2018,Scotland,3,25.6418571472168,Cost: hours worked
2018,South East,1,348.8399991393089,Basket cost
2018,South East,2,14.90999984741211,Median wage
2018,South East,3,23.39637756347656,Cost: hours worked
2018,South West,1,347.1699985265732,Basket cost
2018,South West,2,13.35999965667725,Median wage
2018,South West,3,25.98577880859375,Cost: hours worked
2018,Wales,1,284.5749987959862,Basket cost
2018,Wales,2,12.67000007629395,Median wage
2018,Wales,3,22.46053695678711,Cost: hours worked
2018,West Midlands,1,332.7399973273277,Basket cost
2018,West Midlands,2,13.22000026702881,Median wage
2018,West Midlands,3,25.1694393157959,Cost: hours worked
2018,Yorkshire & Humber,1,309.9000001549721,Basket cost
2018,Yorkshire & Humber,2,12.9399995803833,Median wage
2018,Yorkshire & Humber,3,23.94899559020996,Cost: hours worked
2019,East Anglia,1,334.3850011825562,Basket cost
2019,East Anglia,2,14.42000007629395,Median wage
2019,East Anglia,3,23.18897438049316,Cost: hours worked
2019,East Midlands,1,324.1999970078468,Basket cost
2019,East Midlands,2,13.27000045776367,Median wage
2019,East Midlands,3,24.43104553222656,Cost: hours worked
2019,London,1,399.5949985980988,Basket cost
2019,London,2,19.34000015258789,Median wage
2019,London,3,20.66158103942871,Cost: hours worked
2019,North,1,341.3999978899956,Basket cost
2019,North,2,13.55000019073486,Median wage
2019,North,3,25.19557189941406,Cost: hours worked
2019,North West,1,290.5999961495399,Basket cost
2019,North West,2,13.85999965667725,Median wage
2019,North West,3,20.96681213378906,Cost: hours worked
2019,Northern Ireland,1,317.2450014352798,Basket cost
2019,Northern Ireland,2,12.88000011444092,Median wage
2019,Northern Ireland,3,24.63082313537598,Cost: hours worked
2019,Scotland,1,357.4299978017807,Basket cost
2019,Scotland,2,14.8100004196167,Median wage
2019,Scotland,3,24.13436698913574,Cost: hours worked
2019,South East,1,372.6149983406067,Basket cost
2019,South East,2,15.60999965667725,Median wage
2019,South East,3,23.87027549743652,Cost: hours worked
2019,South West,1,346.7399992346764,Basket cost
2019,South West,2,13.80000019073486,Median wage
2019,South West,3,25.1260871887207,Cost: hours worked
2019,Wales,1,289.9299993515015,Basket cost
2019,Wales,2,13.47000026702881,Median wage
2019,Wales,3,21.52412796020508,Cost: hours worked
2019,West Midlands,1,310.3299984931946,Basket cost
2019,West Midlands,2,13.77999973297119,Median wage
2019,West Midlands,3,22.52031898498535,Cost: hours worked
2019,Yorkshire & Humber,1,333.9450008869171,Basket cost
2019,Yorkshire & Humber,2,13.42000007629395,Median wage
2019,Yorkshire & Humber,3,24.88412857055664,Cost: hours worked
2020,East Anglia,1,367.4149995446205,Basket cost
2020,East Anglia,2,14.36999988555908,Median wage
2020,East Anglia,3,25.56819725036621,Cost: hours worked
2020,East Midlands,1,351.3700011372566,Basket cost
2020,East Midlands,2,13.77999973297119,Median wage
2020,East Midlands,3,25.49854850769043,Cost: hours worked
2020,London,1,401.04499822855,Basket cost
2020,London,2,20.1200008392334,Median wage
2020,London,3,19.93265342712402,Cost: hours worked
2020,North,1,338.4849999547005,Basket cost
2020,North,2,13.63000011444092,Median wage
2020,North,3,24.83382225036621,Cost: hours worked
2020,North West,1,309.6000004410744,Basket cost
2020,North West,2,14.42000007629395,Median wage
2020,North West,3,21.47018051147461,Cost: hours worked
2020,Northern Ireland,1,314.8199966549873,Basket cost
2020,Northern Ireland,2,12.93000030517578,Median wage
2020,Northern Ireland,3,24.34802627563477,Cost: hours worked
2020,Scotland,1,331.7900008559227,Basket cost
2020,Scotland,2,15.5,Median wage
2020,Scotland,3,21.40580558776855,Cost: hours worked
2020,South East,1,388.5649986863136,Basket cost
2020,South East,2,15.60999965667725,Median wage
2020,South East,3,24.89205741882324,Cost: hours worked
2020,South West,1,346.2899984121323,Basket cost
2020,South West,2,13.93000030517578,Median wage
2020,South West,3,24.85929489135742,Cost: hours worked
2020,Wales,1,301.5899982452393,Basket cost
2020,Wales,2,13.72999954223633,Median wage
2020,Wales,3,21.96576881408691,Cost: hours worked
2020,West Midlands,1,330.2549967169762,Basket cost
2020,West Midlands,2,14.07999992370605,Median wage
2020,West Midlands,3,23.45561027526855,Cost: hours worked
2020,Yorkshire & Humber,1,338.4499997496605,Basket cost
2020,Yorkshire & Humber,2,13.65999984741211,Median wage
2020,Yorkshire & Humber,3,24.77672004699707,Cost: hours worked
