description,type,name,region_s,year,price
DRAUGHT BITTER (PER PINT),Drink,Bitter,London,1988,.98000002
DRAUGHT BITTER (PER PINT),Drink,Bitter,South East,1988,.98000002
DRAUGHT BITTER (PER PINT),Drink,Bitter,South West,1988,.92000002
DRAUGHT BITTER (PER PINT),Drink,Bitter,East Anglia,1988,.92000002
DRAUGHT BITTER (PER PINT),Drink,Bitter,East Midlands,1988,.88
DRAUGHT BITTER (PER PINT),Drink,Bitter,West Midlands,1988,.82999998
DRAUGHT BITTER (PER PINT),Drink,Bitter,Yorkshire & Humber,1988,.83999997
DRAUGHT BITTER (PER PINT),Drink,Bitter,North West,1988,.81999999
DRAUGHT BITTER (PER PINT),Drink,Bitter,North,1988,.86000001
DRAUGHT BITTER (PER PINT),Drink,Bitter,Wales,1988,.82999998
DRAUGHT BITTER (PER PINT),Drink,Bitter,Scotland,1988,.92000002
DRAUGHT BITTER (PER PINT),Drink,Bitter,Northern Ireland,1988,1
BRANDY-68-70 CL BOTTLE,Drink,Brandy,London,1988,11.32
BRANDY-68-70 CL BOTTLE,Drink,Brandy,South East,1988,11.77
BRANDY-68-70 CL BOTTLE,Drink,Brandy,South West,1988,11.719999
BRANDY-68-70 CL BOTTLE,Drink,Brandy,East Anglia,1988,8.25
BRANDY-68-70 CL BOTTLE,Drink,Brandy,East Midlands,1988,8.9499998
BRANDY-68-70 CL BOTTLE,Drink,Brandy,West Midlands,1988,11.49
BRANDY-68-70 CL BOTTLE,Drink,Brandy,Yorkshire & Humber,1988,8.29
BRANDY-68-70 CL BOTTLE,Drink,Brandy,North West,1988,8.6499996
BRANDY-68-70 CL BOTTLE,Drink,Brandy,North,1988,8.1899996
BRANDY-68-70 CL BOTTLE,Drink,Brandy,Wales,1988,8.25
BRANDY-68-70 CL BOTTLE,Drink,Brandy,Scotland,1988,11.49
BRANDY-68-70 CL BOTTLE,Drink,Brandy,Northern Ireland,1988,10.89
FORTIFIED WINE  (70-75CL),Drink,Sherry,London,1988,3.99
FORTIFIED WINE  (70-75CL),Drink,Sherry,South East,1988,3.99
FORTIFIED WINE  (70-75CL),Drink,Sherry,South West,1988,4.3499999
FORTIFIED WINE  (70-75CL),Drink,Sherry,East Anglia,1988,3.29
FORTIFIED WINE  (70-75CL),Drink,Sherry,East Midlands,1988,3.6900001
FORTIFIED WINE  (70-75CL),Drink,Sherry,West Midlands,1988,3.99
FORTIFIED WINE  (70-75CL),Drink,Sherry,Yorkshire & Humber,1988,2.5899999
FORTIFIED WINE  (70-75CL),Drink,Sherry,North West,1988,2.99
FORTIFIED WINE  (70-75CL),Drink,Sherry,North,1988,2.45
FORTIFIED WINE  (70-75CL),Drink,Sherry,Wales,1988,4.1900001
FORTIFIED WINE  (70-75CL),Drink,Sherry,Scotland,1988,4.1900001
FORTIFIED WINE  (70-75CL),Drink,Sherry,Northern Ireland,1988,3.49
DRAUGHT STOUT PER PINT,Drink,Stout,London,1988,1.16
DRAUGHT STOUT PER PINT,Drink,Stout,South East,1988,1.16
DRAUGHT STOUT PER PINT,Drink,Stout,South West,1988,1.12
DRAUGHT STOUT PER PINT,Drink,Stout,East Anglia,1988,1.12
DRAUGHT STOUT PER PINT,Drink,Stout,East Midlands,1988,1.0599999
DRAUGHT STOUT PER PINT,Drink,Stout,West Midlands,1988,1.04
DRAUGHT STOUT PER PINT,Drink,Stout,Yorkshire & Humber,1988,1.0599999
DRAUGHT STOUT PER PINT,Drink,Stout,North West,1988,1.04
DRAUGHT STOUT PER PINT,Drink,Stout,North,1988,1.05
DRAUGHT STOUT PER PINT,Drink,Stout,Wales,1988,1.02
DRAUGHT STOUT PER PINT,Drink,Stout,Scotland,1988,1.04
DRAUGHT STOUT PER PINT,Drink,Stout,Northern Ireland,1988,1
DRAUGHT BITTER (PER PINT),Drink,Bitter,London,1989,1.1
DRAUGHT BITTER (PER PINT),Drink,Bitter,South East,1989,1.0599999
DRAUGHT BITTER (PER PINT),Drink,Bitter,South West,1989,1
DRAUGHT BITTER (PER PINT),Drink,Bitter,East Anglia,1989,1
DRAUGHT BITTER (PER PINT),Drink,Bitter,East Midlands,1989,.95999998
DRAUGHT BITTER (PER PINT),Drink,Bitter,West Midlands,1989,.88999999
DRAUGHT BITTER (PER PINT),Drink,Bitter,Yorkshire & Humber,1989,.91000003
DRAUGHT BITTER (PER PINT),Drink,Bitter,North West,1989,.88
DRAUGHT BITTER (PER PINT),Drink,Bitter,North,1989,.92000002
DRAUGHT BITTER (PER PINT),Drink,Bitter,Wales,1989,.88999999
DRAUGHT BITTER (PER PINT),Drink,Bitter,Scotland,1989,.98000002
DRAUGHT BITTER (PER PINT),Drink,Bitter,Northern Ireland,1989,1.05
BRANDY-68-70 CL BOTTLE,Drink,Brandy,London,1989,11.99
BRANDY-68-70 CL BOTTLE,Drink,Brandy,South East,1989,8.4899998
BRANDY-68-70 CL BOTTLE,Drink,Brandy,South West,1989,11.95
BRANDY-68-70 CL BOTTLE,Drink,Brandy,East Anglia,1989,8.29
BRANDY-68-70 CL BOTTLE,Drink,Brandy,East Midlands,1989,8.5900002
BRANDY-68-70 CL BOTTLE,Drink,Brandy,West Midlands,1989,7.9899998
BRANDY-68-70 CL BOTTLE,Drink,Brandy,Yorkshire & Humber,1989,8.6899996
BRANDY-68-70 CL BOTTLE,Drink,Brandy,North West,1989,8.6899996
BRANDY-68-70 CL BOTTLE,Drink,Brandy,North,1989,8.3500004
BRANDY-68-70 CL BOTTLE,Drink,Brandy,Wales,1989,8.79
BRANDY-68-70 CL BOTTLE,Drink,Brandy,Scotland,1989,11.49
BRANDY-68-70 CL BOTTLE,Drink,Brandy,Northern Ireland,1989,6.9899998
FORTIFIED WINE  (70-75CL),Drink,Sherry,London,1989,4.5900002
FORTIFIED WINE  (70-75CL),Drink,Sherry,South East,1989,4.3899999
FORTIFIED WINE  (70-75CL),Drink,Sherry,South West,1989,4.3499999
FORTIFIED WINE  (70-75CL),Drink,Sherry,East Anglia,1989,3.1900001
FORTIFIED WINE  (70-75CL),Drink,Sherry,East Midlands,1989,3.6900001
FORTIFIED WINE  (70-75CL),Drink,Sherry,West Midlands,1989,3.1199999
FORTIFIED WINE  (70-75CL),Drink,Sherry,Yorkshire & Humber,1989,2.99
FORTIFIED WINE  (70-75CL),Drink,Sherry,North West,1989,2.99
FORTIFIED WINE  (70-75CL),Drink,Sherry,North,1989,3.1900001
FORTIFIED WINE  (70-75CL),Drink,Sherry,Wales,1989,3.6900001
FORTIFIED WINE  (70-75CL),Drink,Sherry,Scotland,1989,4.1999998
FORTIFIED WINE  (70-75CL),Drink,Sherry,Northern Ireland,1989,4.29
DRAUGHT STOUT PER PINT,Drink,Stout,London,1989,1.26
DRAUGHT STOUT PER PINT,Drink,Stout,South East,1989,1.24
DRAUGHT STOUT PER PINT,Drink,Stout,South West,1989,1.2
DRAUGHT STOUT PER PINT,Drink,Stout,East Anglia,1989,1.1799999
DRAUGHT STOUT PER PINT,Drink,Stout,East Midlands,1989,1.15
DRAUGHT STOUT PER PINT,Drink,Stout,West Midlands,1989,1.12
DRAUGHT STOUT PER PINT,Drink,Stout,Yorkshire & Humber,1989,1.13
DRAUGHT STOUT PER PINT,Drink,Stout,North West,1989,1.11
DRAUGHT STOUT PER PINT,Drink,Stout,North,1989,1.11
DRAUGHT STOUT PER PINT,Drink,Stout,Wales,1989,1.1
DRAUGHT STOUT PER PINT,Drink,Stout,Scotland,1989,1.08
DRAUGHT STOUT PER PINT,Drink,Stout,Northern Ireland,1989,1.0599999
DRAUGHT BITTER (PER PINT),Drink,Bitter,London,1990,1.22
DRAUGHT BITTER (PER PINT),Drink,Bitter,South East,1990,1.16
DRAUGHT BITTER (PER PINT),Drink,Bitter,South West,1990,1.1
DRAUGHT BITTER (PER PINT),Drink,Bitter,East Anglia,1990,1.1
DRAUGHT BITTER (PER PINT),Drink,Bitter,East Midlands,1990,1.02
DRAUGHT BITTER (PER PINT),Drink,Bitter,West Midlands,1990,1
DRAUGHT BITTER (PER PINT),Drink,Bitter,Yorkshire & Humber,1990,1
DRAUGHT BITTER (PER PINT),Drink,Bitter,North West,1990,.98000002
DRAUGHT BITTER (PER PINT),Drink,Bitter,North,1990,1.01
DRAUGHT BITTER (PER PINT),Drink,Bitter,Wales,1990,.94999999
DRAUGHT BITTER (PER PINT),Drink,Bitter,Scotland,1990,1.0599999
DRAUGHT BITTER (PER PINT),Drink,Bitter,Northern Ireland,1990,1.16
BRANDY-68-70 CL BOTTLE,Drink,Brandy,London,1990,12.54
BRANDY-68-70 CL BOTTLE,Drink,Brandy,South East,1990,8.9899998
BRANDY-68-70 CL BOTTLE,Drink,Brandy,South West,1990,10.25
BRANDY-68-70 CL BOTTLE,Drink,Brandy,East Anglia,1990,8.9899998
BRANDY-68-70 CL BOTTLE,Drink,Brandy,East Midlands,1990,9.3900003
BRANDY-68-70 CL BOTTLE,Drink,Brandy,West Midlands,1990,10.65
BRANDY-68-70 CL BOTTLE,Drink,Brandy,Yorkshire & Humber,1990,9.1899996
BRANDY-68-70 CL BOTTLE,Drink,Brandy,North West,1990,9.0900002
BRANDY-68-70 CL BOTTLE,Drink,Brandy,North,1990,7.9899998
BRANDY-68-70 CL BOTTLE,Drink,Brandy,Wales,1990,8.9899998
BRANDY-68-70 CL BOTTLE,Drink,Brandy,Scotland,1990,12.5
BRANDY-68-70 CL BOTTLE,Drink,Brandy,Northern Ireland,1990,7.4899998
FORTIFIED WINE  (70-75CL),Drink,Sherry,London,1990,3.6700001
FORTIFIED WINE  (70-75CL),Drink,Sherry,South East,1990,4.79
FORTIFIED WINE  (70-75CL),Drink,Sherry,South West,1990,4.5900002
FORTIFIED WINE  (70-75CL),Drink,Sherry,East Anglia,1990,3.49
FORTIFIED WINE  (70-75CL),Drink,Sherry,East Midlands,1990,3.895
FORTIFIED WINE  (70-75CL),Drink,Sherry,West Midlands,1990,2.99
FORTIFIED WINE  (70-75CL),Drink,Sherry,Yorkshire & Humber,1990,2.8900001
FORTIFIED WINE  (70-75CL),Drink,Sherry,North West,1990,2.99
FORTIFIED WINE  (70-75CL),Drink,Sherry,North,1990,3.45
FORTIFIED WINE  (70-75CL),Drink,Sherry,Wales,1990,3.95
FORTIFIED WINE  (70-75CL),Drink,Sherry,Scotland,1990,4.5999999
FORTIFIED WINE  (70-75CL),Drink,Sherry,Northern Ireland,1990,3.6900001
DRAUGHT STOUT PER PINT,Drink,Stout,London,1990,1.4
DRAUGHT STOUT PER PINT,Drink,Stout,South East,1990,1.38
DRAUGHT STOUT PER PINT,Drink,Stout,South West,1990,1.34
DRAUGHT STOUT PER PINT,Drink,Stout,East Anglia,1990,1.3200001
DRAUGHT STOUT PER PINT,Drink,Stout,East Midlands,1990,1.26
DRAUGHT STOUT PER PINT,Drink,Stout,West Midlands,1990,1.25
DRAUGHT STOUT PER PINT,Drink,Stout,Yorkshire & Humber,1990,1.26
DRAUGHT STOUT PER PINT,Drink,Stout,North West,1990,1.24
DRAUGHT STOUT PER PINT,Drink,Stout,North,1990,1.22
DRAUGHT STOUT PER PINT,Drink,Stout,Wales,1990,1.1900001
DRAUGHT STOUT PER PINT,Drink,Stout,Scotland,1990,1.2
DRAUGHT STOUT PER PINT,Drink,Stout,Northern Ireland,1990,1.15
DRAUGHT BITTER (PER PINT),Drink,Bitter,London,1991,1.4
DRAUGHT BITTER (PER PINT),Drink,Bitter,South East,1991,1.34
DRAUGHT BITTER (PER PINT),Drink,Bitter,South West,1991,1.3
DRAUGHT BITTER (PER PINT),Drink,Bitter,East Anglia,1991,1.3
DRAUGHT BITTER (PER PINT),Drink,Bitter,East Midlands,1991,1.2
DRAUGHT BITTER (PER PINT),Drink,Bitter,West Midlands,1991,1.14
DRAUGHT BITTER (PER PINT),Drink,Bitter,Yorkshire & Humber,1991,1.14
DRAUGHT BITTER (PER PINT),Drink,Bitter,North West,1991,1.1
DRAUGHT BITTER (PER PINT),Drink,Bitter,North,1991,1.14
DRAUGHT BITTER (PER PINT),Drink,Bitter,Wales,1991,1.13
DRAUGHT BITTER (PER PINT),Drink,Bitter,Scotland,1991,1.1900001
DRAUGHT BITTER (PER PINT),Drink,Bitter,Northern Ireland,1991,1.3
BRANDY-68-70 CL BOTTLE,Drink,Brandy,London,1991,10.59
BRANDY-68-70 CL BOTTLE,Drink,Brandy,South East,1991,9.9899998
BRANDY-68-70 CL BOTTLE,Drink,Brandy,South West,1991,11.99
BRANDY-68-70 CL BOTTLE,Drink,Brandy,East Anglia,1991,9.9899998
BRANDY-68-70 CL BOTTLE,Drink,Brandy,East Midlands,1991,10.65
BRANDY-68-70 CL BOTTLE,Drink,Brandy,West Midlands,1991,10.95
BRANDY-68-70 CL BOTTLE,Drink,Brandy,Yorkshire & Humber,1991,10.74
BRANDY-68-70 CL BOTTLE,Drink,Brandy,North West,1991,10.45
BRANDY-68-70 CL BOTTLE,Drink,Brandy,North,1991,9.7999992
BRANDY-68-70 CL BOTTLE,Drink,Brandy,Wales,1991,10.59
BRANDY-68-70 CL BOTTLE,Drink,Brandy,Scotland,1991,14.45
BRANDY-68-70 CL BOTTLE,Drink,Brandy,Northern Ireland,1991,8.8900003
FORTIFIED WINE  (70-75CL),Drink,Sherry,London,1991,4.8899999
FORTIFIED WINE  (70-75CL),Drink,Sherry,South East,1991,5.1399999
FORTIFIED WINE  (70-75CL),Drink,Sherry,South West,1991,5.0900002
FORTIFIED WINE  (70-75CL),Drink,Sherry,East Anglia,1991,4.9899998
FORTIFIED WINE  (70-75CL),Drink,Sherry,East Midlands,1991,4.8899999
FORTIFIED WINE  (70-75CL),Drink,Sherry,West Midlands,1991,3.79
FORTIFIED WINE  (70-75CL),Drink,Sherry,Yorkshire & Humber,1991,3.55
FORTIFIED WINE  (70-75CL),Drink,Sherry,North West,1991,3.0899999
FORTIFIED WINE  (70-75CL),Drink,Sherry,North,1991,3.6900001
FORTIFIED WINE  (70-75CL),Drink,Sherry,Wales,1991,3.99
FORTIFIED WINE  (70-75CL),Drink,Sherry,Scotland,1991,4.6900001
FORTIFIED WINE  (70-75CL),Drink,Sherry,Northern Ireland,1991,3.79
DRAUGHT STOUT PER PINT,Drink,Stout,London,1991,1.6
DRAUGHT STOUT PER PINT,Drink,Stout,South East,1991,1.6
DRAUGHT STOUT PER PINT,Drink,Stout,South West,1991,1.52
DRAUGHT STOUT PER PINT,Drink,Stout,East Anglia,1991,1.52
DRAUGHT STOUT PER PINT,Drink,Stout,East Midlands,1991,1.46
DRAUGHT STOUT PER PINT,Drink,Stout,West Midlands,1991,1.42
DRAUGHT STOUT PER PINT,Drink,Stout,Yorkshire & Humber,1991,1.42
DRAUGHT STOUT PER PINT,Drink,Stout,North West,1991,1.41
DRAUGHT STOUT PER PINT,Drink,Stout,North,1991,1.4
DRAUGHT STOUT PER PINT,Drink,Stout,Wales,1991,1.4
DRAUGHT STOUT PER PINT,Drink,Stout,Scotland,1991,1.35
DRAUGHT STOUT PER PINT,Drink,Stout,Northern Ireland,1991,1.3
DRAUGHT BITTER (PER PINT),Drink,Bitter,London,1992,1.48
DRAUGHT BITTER (PER PINT),Drink,Bitter,South East,1992,1.45
DRAUGHT BITTER (PER PINT),Drink,Bitter,South West,1992,1.4
DRAUGHT BITTER (PER PINT),Drink,Bitter,East Anglia,1992,1.38
DRAUGHT BITTER (PER PINT),Drink,Bitter,East Midlands,1992,1.28
DRAUGHT BITTER (PER PINT),Drink,Bitter,West Midlands,1992,1.2
DRAUGHT BITTER (PER PINT),Drink,Bitter,Yorkshire & Humber,1992,1.2
DRAUGHT BITTER (PER PINT),Drink,Bitter,North West,1992,1.1799999
DRAUGHT BITTER (PER PINT),Drink,Bitter,North,1992,1.23
DRAUGHT BITTER (PER PINT),Drink,Bitter,Wales,1992,1.23
DRAUGHT BITTER (PER PINT),Drink,Bitter,Scotland,1992,1.28
DRAUGHT BITTER (PER PINT),Drink,Bitter,Northern Ireland,1992,1.4
BRANDY-68-70 CL BOTTLE,Drink,Brandy,London,1992,10.99
BRANDY-68-70 CL BOTTLE,Drink,Brandy,South East,1992,10.79
BRANDY-68-70 CL BOTTLE,Drink,Brandy,South West,1992,10.59
BRANDY-68-70 CL BOTTLE,Drink,Brandy,East Anglia,1992,10.73
BRANDY-68-70 CL BOTTLE,Drink,Brandy,East Midlands,1992,10.87
BRANDY-68-70 CL BOTTLE,Drink,Brandy,West Midlands,1992,10.79
BRANDY-68-70 CL BOTTLE,Drink,Brandy,Yorkshire & Humber,1992,11.49
BRANDY-68-70 CL BOTTLE,Drink,Brandy,North West,1992,10.99
BRANDY-68-70 CL BOTTLE,Drink,Brandy,North,1992,10.29
BRANDY-68-70 CL BOTTLE,Drink,Brandy,Wales,1992,11.29
BRANDY-68-70 CL BOTTLE,Drink,Brandy,Scotland,1992,15.49
BRANDY-68-70 CL BOTTLE,Drink,Brandy,Northern Ireland,1992,13.49
FORTIFIED WINE  (70-75CL),Drink,Sherry,London,1992,4.9899998
FORTIFIED WINE  (70-75CL),Drink,Sherry,South East,1992,5.29
FORTIFIED WINE  (70-75CL),Drink,Sherry,South West,1992,5.29
FORTIFIED WINE  (70-75CL),Drink,Sherry,East Anglia,1992,5.1900001
FORTIFIED WINE  (70-75CL),Drink,Sherry,East Midlands,1992,4.9899998
FORTIFIED WINE  (70-75CL),Drink,Sherry,West Midlands,1992,4.8499999
FORTIFIED WINE  (70-75CL),Drink,Sherry,Yorkshire & Humber,1992,3.29
FORTIFIED WINE  (70-75CL),Drink,Sherry,North West,1992,3.49
FORTIFIED WINE  (70-75CL),Drink,Sherry,North,1992,3.99
FORTIFIED WINE  (70-75CL),Drink,Sherry,Wales,1992,4.9899998
FORTIFIED WINE  (70-75CL),Drink,Sherry,Scotland,1992,5.1900001
FORTIFIED WINE  (70-75CL),Drink,Sherry,Northern Ireland,1992,3.99
DRAUGHT STOUT PER PINT,Drink,Stout,London,1992,1.705
DRAUGHT STOUT PER PINT,Drink,Stout,South East,1992,1.72
DRAUGHT STOUT PER PINT,Drink,Stout,South West,1992,1.65
DRAUGHT STOUT PER PINT,Drink,Stout,East Anglia,1992,1.65
DRAUGHT STOUT PER PINT,Drink,Stout,East Midlands,1992,1.5599999
DRAUGHT STOUT PER PINT,Drink,Stout,West Midlands,1992,1.52
DRAUGHT STOUT PER PINT,Drink,Stout,Yorkshire & Humber,1992,1.54
DRAUGHT STOUT PER PINT,Drink,Stout,North West,1992,1.52
DRAUGHT STOUT PER PINT,Drink,Stout,North,1992,1.5
DRAUGHT STOUT PER PINT,Drink,Stout,Wales,1992,1.5
DRAUGHT STOUT PER PINT,Drink,Stout,Scotland,1992,1.47
DRAUGHT STOUT PER PINT,Drink,Stout,Northern Ireland,1992,1.4
DRAUGHT BITTER (PER PINT),Drink,Bitter,London,1993,1.55
DRAUGHT BITTER (PER PINT),Drink,Bitter,South East,1993,1.53
DRAUGHT BITTER (PER PINT),Drink,Bitter,South West,1993,1.49
DRAUGHT BITTER (PER PINT),Drink,Bitter,East Anglia,1993,1.4450001
DRAUGHT BITTER (PER PINT),Drink,Bitter,East Midlands,1993,1.345
DRAUGHT BITTER (PER PINT),Drink,Bitter,West Midlands,1993,1.28
DRAUGHT BITTER (PER PINT),Drink,Bitter,Yorkshire & Humber,1993,1.27
DRAUGHT BITTER (PER PINT),Drink,Bitter,North West,1993,1.22
DRAUGHT BITTER (PER PINT),Drink,Bitter,North,1993,1.29
DRAUGHT BITTER (PER PINT),Drink,Bitter,Wales,1993,1.29
DRAUGHT BITTER (PER PINT),Drink,Bitter,Scotland,1993,1.35
DRAUGHT BITTER (PER PINT),Drink,Bitter,Northern Ireland,1993,1.45
BRANDY-68-70 CL BOTTLE,Drink,Brandy,London,1993,10.99
BRANDY-68-70 CL BOTTLE,Drink,Brandy,South East,1993,9.9499998
BRANDY-68-70 CL BOTTLE,Drink,Brandy,South West,1993,10.96
BRANDY-68-70 CL BOTTLE,Drink,Brandy,East Anglia,1993,10.99
BRANDY-68-70 CL BOTTLE,Drink,Brandy,East Midlands,1993,10.29
BRANDY-68-70 CL BOTTLE,Drink,Brandy,West Midlands,1993,10.29
BRANDY-68-70 CL BOTTLE,Drink,Brandy,Yorkshire & Humber,1993,11.69
BRANDY-68-70 CL BOTTLE,Drink,Brandy,North West,1993,10.99
BRANDY-68-70 CL BOTTLE,Drink,Brandy,North,1993,10.15
BRANDY-68-70 CL BOTTLE,Drink,Brandy,Wales,1993,11.29
BRANDY-68-70 CL BOTTLE,Drink,Brandy,Scotland,1993,15.99
BRANDY-68-70 CL BOTTLE,Drink,Brandy,Northern Ireland,1993,8.9899998
FORTIFIED WINE  (70-75CL),Drink,Sherry,London,1993,4.5900002
FORTIFIED WINE  (70-75CL),Drink,Sherry,South East,1993,5.4499998
FORTIFIED WINE  (70-75CL),Drink,Sherry,South West,1993,5.29
FORTIFIED WINE  (70-75CL),Drink,Sherry,East Anglia,1993,5.3499999
FORTIFIED WINE  (70-75CL),Drink,Sherry,East Midlands,1993,4.6900001
FORTIFIED WINE  (70-75CL),Drink,Sherry,West Midlands,1993,4.6900001
FORTIFIED WINE  (70-75CL),Drink,Sherry,Yorkshire & Humber,1993,4.5900002
FORTIFIED WINE  (70-75CL),Drink,Sherry,North West,1993,3.6900001
FORTIFIED WINE  (70-75CL),Drink,Sherry,North,1993,4.1900001
FORTIFIED WINE  (70-75CL),Drink,Sherry,Wales,1993,4.9899998
FORTIFIED WINE  (70-75CL),Drink,Sherry,Scotland,1993,4.5900002
FORTIFIED WINE  (70-75CL),Drink,Sherry,Northern Ireland,1993,4.29
DRAUGHT STOUT PER PINT,Drink,Stout,London,1993,1.79
DRAUGHT STOUT PER PINT,Drink,Stout,South East,1993,1.8
DRAUGHT STOUT PER PINT,Drink,Stout,South West,1993,1.75
DRAUGHT STOUT PER PINT,Drink,Stout,East Anglia,1993,1.735
DRAUGHT STOUT PER PINT,Drink,Stout,East Midlands,1993,1.66
DRAUGHT STOUT PER PINT,Drink,Stout,West Midlands,1993,1.64
DRAUGHT STOUT PER PINT,Drink,Stout,Yorkshire & Humber,1993,1.62
DRAUGHT STOUT PER PINT,Drink,Stout,North West,1993,1.62
DRAUGHT STOUT PER PINT,Drink,Stout,North,1993,1.6
DRAUGHT STOUT PER PINT,Drink,Stout,Wales,1993,1.62
DRAUGHT STOUT PER PINT,Drink,Stout,Scotland,1993,1.55
DRAUGHT STOUT PER PINT,Drink,Stout,Northern Ireland,1993,1.45
DRAUGHT BITTER (PER PINT),Drink,Bitter,London,1994,1.58
DRAUGHT BITTER (PER PINT),Drink,Bitter,South East,1994,1.5599999
DRAUGHT BITTER (PER PINT),Drink,Bitter,South West,1994,1.54
DRAUGHT BITTER (PER PINT),Drink,Bitter,East Anglia,1994,1.5
DRAUGHT BITTER (PER PINT),Drink,Bitter,East Midlands,1994,1.4
DRAUGHT BITTER (PER PINT),Drink,Bitter,West Midlands,1994,1.3200001
DRAUGHT BITTER (PER PINT),Drink,Bitter,Yorkshire & Humber,1994,1.3200001
DRAUGHT BITTER (PER PINT),Drink,Bitter,North West,1994,1.27
DRAUGHT BITTER (PER PINT),Drink,Bitter,North,1994,1.33
DRAUGHT BITTER (PER PINT),Drink,Bitter,Wales,1994,1.35
DRAUGHT BITTER (PER PINT),Drink,Bitter,Scotland,1994,1.41
DRAUGHT BITTER (PER PINT),Drink,Bitter,Northern Ireland,1994,1.55
BRANDY-68-70 CL BOTTLE,Drink,Brandy,London,1994,10.59
BRANDY-68-70 CL BOTTLE,Drink,Brandy,South East,1994,9.9899998
BRANDY-68-70 CL BOTTLE,Drink,Brandy,South West,1994,10.99
BRANDY-68-70 CL BOTTLE,Drink,Brandy,East Anglia,1994,10.99
BRANDY-68-70 CL BOTTLE,Drink,Brandy,East Midlands,1994,10.29
BRANDY-68-70 CL BOTTLE,Drink,Brandy,West Midlands,1994,10.99
BRANDY-68-70 CL BOTTLE,Drink,Brandy,Yorkshire & Humber,1994,13.74
BRANDY-68-70 CL BOTTLE,Drink,Brandy,North West,1994,10.95
BRANDY-68-70 CL BOTTLE,Drink,Brandy,North,1994,9.7700005
BRANDY-68-70 CL BOTTLE,Drink,Brandy,Wales,1994,10.99
BRANDY-68-70 CL BOTTLE,Drink,Brandy,Scotland,1994,15.95
BRANDY-68-70 CL BOTTLE,Drink,Brandy,Northern Ireland,1994,11.99
FORTIFIED WINE  (70-75CL),Drink,Sherry,London,1994,4.6900001
FORTIFIED WINE  (70-75CL),Drink,Sherry,South East,1994,5.4499998
FORTIFIED WINE  (70-75CL),Drink,Sherry,South West,1994,5.25
FORTIFIED WINE  (70-75CL),Drink,Sherry,East Anglia,1994,5.25
FORTIFIED WINE  (70-75CL),Drink,Sherry,East Midlands,1994,4.6900001
FORTIFIED WINE  (70-75CL),Drink,Sherry,West Midlands,1994,4.6900001
FORTIFIED WINE  (70-75CL),Drink,Sherry,Yorkshire & Humber,1994,4.4899998
FORTIFIED WINE  (70-75CL),Drink,Sherry,North West,1994,3.8
FORTIFIED WINE  (70-75CL),Drink,Sherry,North,1994,4.4899998
FORTIFIED WINE  (70-75CL),Drink,Sherry,Wales,1994,4.79
FORTIFIED WINE  (70-75CL),Drink,Sherry,Scotland,1994,4.79
FORTIFIED WINE  (70-75CL),Drink,Sherry,Northern Ireland,1994,4.9899998
DRAUGHT STOUT PER PINT,Drink,Stout,London,1994,1.85
DRAUGHT STOUT PER PINT,Drink,Stout,South East,1994,1.88
DRAUGHT STOUT PER PINT,Drink,Stout,South West,1994,1.8
DRAUGHT STOUT PER PINT,Drink,Stout,East Anglia,1994,1.8
DRAUGHT STOUT PER PINT,Drink,Stout,East Midlands,1994,1.75
DRAUGHT STOUT PER PINT,Drink,Stout,West Midlands,1994,1.7
DRAUGHT STOUT PER PINT,Drink,Stout,Yorkshire & Humber,1994,1.7
DRAUGHT STOUT PER PINT,Drink,Stout,North West,1994,1.67
DRAUGHT STOUT PER PINT,Drink,Stout,North,1994,1.65
DRAUGHT STOUT PER PINT,Drink,Stout,Wales,1994,1.7
DRAUGHT STOUT PER PINT,Drink,Stout,Scotland,1994,1.6
DRAUGHT STOUT PER PINT,Drink,Stout,Northern Ireland,1994,1.55
DRAUGHT BITTER (PER PINT),Drink,Bitter,London,1995,1.65
DRAUGHT BITTER (PER PINT),Drink,Bitter,South East,1995,1.64
DRAUGHT BITTER (PER PINT),Drink,Bitter,South West,1995,1.6
DRAUGHT BITTER (PER PINT),Drink,Bitter,East Anglia,1995,1.58
DRAUGHT BITTER (PER PINT),Drink,Bitter,East Midlands,1995,1.45
DRAUGHT BITTER (PER PINT),Drink,Bitter,West Midlands,1995,1.4
DRAUGHT BITTER (PER PINT),Drink,Bitter,Yorkshire & Humber,1995,1.38
DRAUGHT BITTER (PER PINT),Drink,Bitter,North West,1995,1.33
DRAUGHT BITTER (PER PINT),Drink,Bitter,North,1995,1.39
DRAUGHT BITTER (PER PINT),Drink,Bitter,Wales,1995,1.4
DRAUGHT BITTER (PER PINT),Drink,Bitter,Scotland,1995,1.48
DRAUGHT BITTER (PER PINT),Drink,Bitter,Northern Ireland,1995,1.65
BRANDY-68-70 CL BOTTLE,Drink,Brandy,London,1995,10.99
BRANDY-68-70 CL BOTTLE,Drink,Brandy,South East,1995,11.49
BRANDY-68-70 CL BOTTLE,Drink,Brandy,South West,1995,11.49
BRANDY-68-70 CL BOTTLE,Drink,Brandy,East Anglia,1995,11.79
BRANDY-68-70 CL BOTTLE,Drink,Brandy,East Midlands,1995,10.99
BRANDY-68-70 CL BOTTLE,Drink,Brandy,West Midlands,1995,11.25
BRANDY-68-70 CL BOTTLE,Drink,Brandy,Yorkshire & Humber,1995,15.49
BRANDY-68-70 CL BOTTLE,Drink,Brandy,North West,1995,11.07
BRANDY-68-70 CL BOTTLE,Drink,Brandy,North,1995,10.139999
BRANDY-68-70 CL BOTTLE,Drink,Brandy,Wales,1995,11.19
BRANDY-68-70 CL BOTTLE,Drink,Brandy,Scotland,1995,15.99
BRANDY-68-70 CL BOTTLE,Drink,Brandy,Northern Ireland,1995,12.74
FORTIFIED WINE  (70-75CL),Drink,Sherry,London,1995,4.4899998
FORTIFIED WINE  (70-75CL),Drink,Sherry,South East,1995,5.4899998
FORTIFIED WINE  (70-75CL),Drink,Sherry,South West,1995,5.29
FORTIFIED WINE  (70-75CL),Drink,Sherry,East Anglia,1995,5.25
FORTIFIED WINE  (70-75CL),Drink,Sherry,East Midlands,1995,4.9899998
FORTIFIED WINE  (70-75CL),Drink,Sherry,West Midlands,1995,4.4899998
FORTIFIED WINE  (70-75CL),Drink,Sherry,Yorkshire & Humber,1995,4.4899998
FORTIFIED WINE  (70-75CL),Drink,Sherry,North West,1995,3.6500001
FORTIFIED WINE  (70-75CL),Drink,Sherry,North,1995,4.4899998
FORTIFIED WINE  (70-75CL),Drink,Sherry,Wales,1995,4.9899998
FORTIFIED WINE  (70-75CL),Drink,Sherry,Scotland,1995,4.9899998
FORTIFIED WINE  (70-75CL),Drink,Sherry,Northern Ireland,1995,4.9899998
DRAUGHT STOUT PER PINT,Drink,Stout,London,1995,1.92
DRAUGHT STOUT PER PINT,Drink,Stout,South East,1995,1.95
DRAUGHT STOUT PER PINT,Drink,Stout,South West,1995,1.9
DRAUGHT STOUT PER PINT,Drink,Stout,East Anglia,1995,1.9
DRAUGHT STOUT PER PINT,Drink,Stout,East Midlands,1995,1.8099999
DRAUGHT STOUT PER PINT,Drink,Stout,West Midlands,1995,1.8
DRAUGHT STOUT PER PINT,Drink,Stout,Yorkshire & Humber,1995,1.78
DRAUGHT STOUT PER PINT,Drink,Stout,North West,1995,1.75
DRAUGHT STOUT PER PINT,Drink,Stout,North,1995,1.73
DRAUGHT STOUT PER PINT,Drink,Stout,Wales,1995,1.78
DRAUGHT STOUT PER PINT,Drink,Stout,Scotland,1995,1.65
DRAUGHT STOUT PER PINT,Drink,Stout,Northern Ireland,1995,1.65
DRAUGHT BITTER (PER PINT),Drink,Bitter,London,1996,1.73
DRAUGHT BITTER (PER PINT),Drink,Bitter,South East,1996,1.7
DRAUGHT BITTER (PER PINT),Drink,Bitter,South West,1996,1.65
DRAUGHT BITTER (PER PINT),Drink,Bitter,East Anglia,1996,1.64
DRAUGHT BITTER (PER PINT),Drink,Bitter,East Midlands,1996,1.5
DRAUGHT BITTER (PER PINT),Drink,Bitter,West Midlands,1996,1.4299999
DRAUGHT BITTER (PER PINT),Drink,Bitter,Yorkshire & Humber,1996,1.4400001
DRAUGHT BITTER (PER PINT),Drink,Bitter,North West,1996,1.38
DRAUGHT BITTER (PER PINT),Drink,Bitter,North,1996,1.4299999
DRAUGHT BITTER (PER PINT),Drink,Bitter,Wales,1996,1.45
DRAUGHT BITTER (PER PINT),Drink,Bitter,Scotland,1996,1.5599999
DRAUGHT BITTER (PER PINT),Drink,Bitter,Northern Ireland,1996,1.7
BRANDY-68-70 CL BOTTLE,Drink,Brandy,London,1996,11.99
BRANDY-68-70 CL BOTTLE,Drink,Brandy,South East,1996,11.99
BRANDY-68-70 CL BOTTLE,Drink,Brandy,South West,1996,11.49
BRANDY-68-70 CL BOTTLE,Drink,Brandy,East Anglia,1996,12.42
BRANDY-68-70 CL BOTTLE,Drink,Brandy,East Midlands,1996,11.25
BRANDY-68-70 CL BOTTLE,Drink,Brandy,West Midlands,1996,11.3
BRANDY-68-70 CL BOTTLE,Drink,Brandy,Yorkshire & Humber,1996,12.74
BRANDY-68-70 CL BOTTLE,Drink,Brandy,North West,1996,10.99
BRANDY-68-70 CL BOTTLE,Drink,Brandy,North,1996,9.9400005
BRANDY-68-70 CL BOTTLE,Drink,Brandy,Wales,1996,11.49
BRANDY-68-70 CL BOTTLE,Drink,Brandy,Scotland,1996,16.15
BRANDY-68-70 CL BOTTLE,Drink,Brandy,Northern Ireland,1996,12.49
FORTIFIED WINE  (70-75CL),Drink,Sherry,London,1996,4.8699999
FORTIFIED WINE  (70-75CL),Drink,Sherry,South East,1996,5.4899998
FORTIFIED WINE  (70-75CL),Drink,Sherry,South West,1996,5.3499999
FORTIFIED WINE  (70-75CL),Drink,Sherry,East Anglia,1996,5.1700001
FORTIFIED WINE  (70-75CL),Drink,Sherry,East Midlands,1996,4.9899998
FORTIFIED WINE  (70-75CL),Drink,Sherry,West Midlands,1996,4.6900001
FORTIFIED WINE  (70-75CL),Drink,Sherry,Yorkshire & Humber,1996,4.9899998
FORTIFIED WINE  (70-75CL),Drink,Sherry,North West,1996,4.8699999
FORTIFIED WINE  (70-75CL),Drink,Sherry,North,1996,4.9499998
FORTIFIED WINE  (70-75CL),Drink,Sherry,Wales,1996,4.9899998
FORTIFIED WINE  (70-75CL),Drink,Sherry,Scotland,1996,4.9899998
FORTIFIED WINE  (70-75CL),Drink,Sherry,Northern Ireland,1996,4.9899998
DRAUGHT STOUT PER PINT,Drink,Stout,London,1996,2
DRAUGHT STOUT PER PINT,Drink,Stout,South East,1996,2
DRAUGHT STOUT PER PINT,Drink,Stout,South West,1996,1.97
DRAUGHT STOUT PER PINT,Drink,Stout,East Anglia,1996,1.95
DRAUGHT STOUT PER PINT,Drink,Stout,East Midlands,1996,1.9
DRAUGHT STOUT PER PINT,Drink,Stout,West Midlands,1996,1.88
DRAUGHT STOUT PER PINT,Drink,Stout,Yorkshire & Humber,1996,1.84
DRAUGHT STOUT PER PINT,Drink,Stout,North West,1996,1.8099999
DRAUGHT STOUT PER PINT,Drink,Stout,North,1996,1.8
DRAUGHT STOUT PER PINT,Drink,Stout,Wales,1996,1.8
DRAUGHT STOUT PER PINT,Drink,Stout,Scotland,1996,1.75
DRAUGHT STOUT PER PINT,Drink,Stout,Northern Ireland,1996,1.7
DRAUGHT BITTER (PER PINT),Drink,Bitter,London,1997,1.8
DRAUGHT BITTER (PER PINT),Drink,Bitter,South East,1997,1.78
DRAUGHT BITTER (PER PINT),Drink,Bitter,South West,1997,1.7
DRAUGHT BITTER (PER PINT),Drink,Bitter,East Anglia,1997,1.7
DRAUGHT BITTER (PER PINT),Drink,Bitter,East Midlands,1997,1.55
DRAUGHT BITTER (PER PINT),Drink,Bitter,West Midlands,1997,1.54
DRAUGHT BITTER (PER PINT),Drink,Bitter,Yorkshire & Humber,1997,1.5
DRAUGHT BITTER (PER PINT),Drink,Bitter,North West,1997,1.46
DRAUGHT BITTER (PER PINT),Drink,Bitter,North,1997,1.48
DRAUGHT BITTER (PER PINT),Drink,Bitter,Wales,1997,1.5
DRAUGHT BITTER (PER PINT),Drink,Bitter,Scotland,1997,1.62
DRAUGHT BITTER (PER PINT),Drink,Bitter,Northern Ireland,1997,1.75
BRANDY-68-70 CL BOTTLE,Drink,Brandy,London,1997,12.99
BRANDY-68-70 CL BOTTLE,Drink,Brandy,South East,1997,15.84
BRANDY-68-70 CL BOTTLE,Drink,Brandy,South West,1997,12.24
BRANDY-68-70 CL BOTTLE,Drink,Brandy,East Anglia,1997,15.99
BRANDY-68-70 CL BOTTLE,Drink,Brandy,East Midlands,1997,11.99
BRANDY-68-70 CL BOTTLE,Drink,Brandy,West Midlands,1997,12.99
BRANDY-68-70 CL BOTTLE,Drink,Brandy,Yorkshire & Humber,1997,16.690001
BRANDY-68-70 CL BOTTLE,Drink,Brandy,North West,1997,11.65
BRANDY-68-70 CL BOTTLE,Drink,Brandy,North,1997,10.99
BRANDY-68-70 CL BOTTLE,Drink,Brandy,Wales,1997,11.99
BRANDY-68-70 CL BOTTLE,Drink,Brandy,Scotland,1997,16.690001
BRANDY-68-70 CL BOTTLE,Drink,Brandy,Northern Ireland,1997,12.49
FORTIFIED WINE  (70-75CL),Drink,Sherry,London,1997,5.1700001
FORTIFIED WINE  (70-75CL),Drink,Sherry,South East,1997,5.9899998
FORTIFIED WINE  (70-75CL),Drink,Sherry,South West,1997,4.9899998
FORTIFIED WINE  (70-75CL),Drink,Sherry,East Anglia,1997,5.1700001
FORTIFIED WINE  (70-75CL),Drink,Sherry,East Midlands,1997,4.8699999
FORTIFIED WINE  (70-75CL),Drink,Sherry,West Midlands,1997,4.8699999
FORTIFIED WINE  (70-75CL),Drink,Sherry,Yorkshire & Humber,1997,4.8699999
FORTIFIED WINE  (70-75CL),Drink,Sherry,North West,1997,3.79
FORTIFIED WINE  (70-75CL),Drink,Sherry,North,1997,4.9899998
FORTIFIED WINE  (70-75CL),Drink,Sherry,Wales,1997,5.1700001
FORTIFIED WINE  (70-75CL),Drink,Sherry,Scotland,1997,4.8699999
FORTIFIED WINE  (70-75CL),Drink,Sherry,Northern Ireland,1997,4.9899998
DRAUGHT STOUT PER PINT,Drink,Stout,London,1997,2.0999999
DRAUGHT STOUT PER PINT,Drink,Stout,South East,1997,2.0999999
DRAUGHT STOUT PER PINT,Drink,Stout,South West,1997,2
DRAUGHT STOUT PER PINT,Drink,Stout,East Anglia,1997,2
DRAUGHT STOUT PER PINT,Drink,Stout,East Midlands,1997,1.96
DRAUGHT STOUT PER PINT,Drink,Stout,West Midlands,1997,1.9400001
DRAUGHT STOUT PER PINT,Drink,Stout,Yorkshire & Humber,1997,1.9
DRAUGHT STOUT PER PINT,Drink,Stout,North West,1997,1.89
DRAUGHT STOUT PER PINT,Drink,Stout,North,1997,1.86
DRAUGHT STOUT PER PINT,Drink,Stout,Wales,1997,1.855
DRAUGHT STOUT PER PINT,Drink,Stout,Scotland,1997,1.85
DRAUGHT STOUT PER PINT,Drink,Stout,Northern Ireland,1997,1.75
DRAUGHT BITTER (PER PINT),Drink,Bitter,London,1998,1.9
DRAUGHT BITTER (PER PINT),Drink,Bitter,South East,1998,1.85
DRAUGHT BITTER (PER PINT),Drink,Bitter,South West,1998,1.74
DRAUGHT BITTER (PER PINT),Drink,Bitter,East Anglia,1998,1.8
DRAUGHT BITTER (PER PINT),Drink,Bitter,East Midlands,1998,1.6
DRAUGHT BITTER (PER PINT),Drink,Bitter,West Midlands,1998,1.6
DRAUGHT BITTER (PER PINT),Drink,Bitter,Yorkshire & Humber,1998,1.55
DRAUGHT BITTER (PER PINT),Drink,Bitter,North West,1998,1.5
DRAUGHT BITTER (PER PINT),Drink,Bitter,North,1998,1.55
DRAUGHT BITTER (PER PINT),Drink,Bitter,Wales,1998,1.58
DRAUGHT BITTER (PER PINT),Drink,Bitter,Scotland,1998,1.72
DRAUGHT BITTER (PER PINT),Drink,Bitter,Northern Ireland,1998,1.85
BRANDY-68-70 CL BOTTLE,Drink,Brandy,London,1998,12.49
BRANDY-68-70 CL BOTTLE,Drink,Brandy,South East,1998,12.79
BRANDY-68-70 CL BOTTLE,Drink,Brandy,South West,1998,12.99
BRANDY-68-70 CL BOTTLE,Drink,Brandy,East Anglia,1998,16.59
BRANDY-68-70 CL BOTTLE,Drink,Brandy,East Midlands,1998,12.49
BRANDY-68-70 CL BOTTLE,Drink,Brandy,West Midlands,1998,12.49
BRANDY-68-70 CL BOTTLE,Drink,Brandy,Yorkshire & Humber,1998,16.09
BRANDY-68-70 CL BOTTLE,Drink,Brandy,North West,1998,11.940001
BRANDY-68-70 CL BOTTLE,Drink,Brandy,North,1998,12.29
BRANDY-68-70 CL BOTTLE,Drink,Brandy,Wales,1998,12.49
BRANDY-68-70 CL BOTTLE,Drink,Brandy,Scotland,1998,15.99
BRANDY-68-70 CL BOTTLE,Drink,Brandy,Northern Ireland,1998,16.34
FORTIFIED WINE  (70-75CL),Drink,Sherry,London,1998,5.5900002
FORTIFIED WINE  (70-75CL),Drink,Sherry,South East,1998,6.1199999
FORTIFIED WINE  (70-75CL),Drink,Sherry,South West,1998,5.25
FORTIFIED WINE  (70-75CL),Drink,Sherry,East Anglia,1998,5.9899998
FORTIFIED WINE  (70-75CL),Drink,Sherry,East Midlands,1998,4.9899998
FORTIFIED WINE  (70-75CL),Drink,Sherry,West Midlands,1998,4.9899998
FORTIFIED WINE  (70-75CL),Drink,Sherry,Yorkshire & Humber,1998,4.4899998
FORTIFIED WINE  (70-75CL),Drink,Sherry,North West,1998,3.8
FORTIFIED WINE  (70-75CL),Drink,Sherry,North,1998,4.9899998
FORTIFIED WINE  (70-75CL),Drink,Sherry,Wales,1998,5.4899998
FORTIFIED WINE  (70-75CL),Drink,Sherry,Scotland,1998,4.9899998
FORTIFIED WINE  (70-75CL),Drink,Sherry,Northern Ireland,1998,4.9899998
DRAUGHT STOUT PER PINT,Drink,Stout,London,1998,2.1550002
DRAUGHT STOUT PER PINT,Drink,Stout,South East,1998,2.2
DRAUGHT STOUT PER PINT,Drink,Stout,South West,1998,2.0999999
DRAUGHT STOUT PER PINT,Drink,Stout,East Anglia,1998,2.1500001
DRAUGHT STOUT PER PINT,Drink,Stout,East Midlands,1998,2
DRAUGHT STOUT PER PINT,Drink,Stout,West Midlands,1998,2
DRAUGHT STOUT PER PINT,Drink,Stout,Yorkshire & Humber,1998,2
DRAUGHT STOUT PER PINT,Drink,Stout,North West,1998,1.97
DRAUGHT STOUT PER PINT,Drink,Stout,North,1998,1.9299999
DRAUGHT STOUT PER PINT,Drink,Stout,Wales,1998,2
DRAUGHT STOUT PER PINT,Drink,Stout,Scotland,1998,1.9
DRAUGHT STOUT PER PINT,Drink,Stout,Northern Ireland,1998,1.85
DRAUGHT BITTER (PER PINT),Drink,Bitter,London,1999,1.97
DRAUGHT BITTER (PER PINT),Drink,Bitter,South East,1999,1.9
DRAUGHT BITTER (PER PINT),Drink,Bitter,South West,1999,1.8
DRAUGHT BITTER (PER PINT),Drink,Bitter,East Anglia,1999,1.9
DRAUGHT BITTER (PER PINT),Drink,Bitter,East Midlands,1999,1.7
DRAUGHT BITTER (PER PINT),Drink,Bitter,West Midlands,1999,1.65
DRAUGHT BITTER (PER PINT),Drink,Bitter,Yorkshire & Humber,1999,1.63
DRAUGHT BITTER (PER PINT),Drink,Bitter,North West,1999,1.55
DRAUGHT BITTER (PER PINT),Drink,Bitter,North,1999,1.65
DRAUGHT BITTER (PER PINT),Drink,Bitter,Wales,1999,1.66
DRAUGHT BITTER (PER PINT),Drink,Bitter,Scotland,1999,1.8
DRAUGHT BITTER (PER PINT),Drink,Bitter,Northern Ireland,1999,1.9
BRANDY-68-70 CL BOTTLE,Drink,Brandy,London,1999,12.49
BRANDY-68-70 CL BOTTLE,Drink,Brandy,South East,1999,13.99
BRANDY-68-70 CL BOTTLE,Drink,Brandy,South West,1999,12.49
BRANDY-68-70 CL BOTTLE,Drink,Brandy,East Anglia,1999,17.939999
BRANDY-68-70 CL BOTTLE,Drink,Brandy,East Midlands,1999,12.99
BRANDY-68-70 CL BOTTLE,Drink,Brandy,West Midlands,1999,12.49
BRANDY-68-70 CL BOTTLE,Drink,Brandy,Yorkshire & Humber,1999,13.09
BRANDY-68-70 CL BOTTLE,Drink,Brandy,North West,1999,12.29
BRANDY-68-70 CL BOTTLE,Drink,Brandy,North,1999,12.29
BRANDY-68-70 CL BOTTLE,Drink,Brandy,Wales,1999,12.49
BRANDY-68-70 CL BOTTLE,Drink,Brandy,Scotland,1999,15.99
BRANDY-68-70 CL BOTTLE,Drink,Brandy,Northern Ireland,1999,17.290001
FORTIFIED WINE  (70-75CL),Drink,Sherry,London,1999,4.9899998
FORTIFIED WINE  (70-75CL),Drink,Sherry,South East,1999,5.9899998
FORTIFIED WINE  (70-75CL),Drink,Sherry,South West,1999,6.4899998
FORTIFIED WINE  (70-75CL),Drink,Sherry,East Anglia,1999,5.5900002
FORTIFIED WINE  (70-75CL),Drink,Sherry,East Midlands,1999,5.4899998
FORTIFIED WINE  (70-75CL),Drink,Sherry,West Midlands,1999,5.5900002
FORTIFIED WINE  (70-75CL),Drink,Sherry,Yorkshire & Humber,1999,5.54
FORTIFIED WINE  (70-75CL),Drink,Sherry,North West,1999,4.9899998
FORTIFIED WINE  (70-75CL),Drink,Sherry,North,1999,4.9899998
FORTIFIED WINE  (70-75CL),Drink,Sherry,Wales,1999,6.4899998
FORTIFIED WINE  (70-75CL),Drink,Sherry,Scotland,1999,5.52
FORTIFIED WINE  (70-75CL),Drink,Sherry,Northern Ireland,1999,4.9899998
DRAUGHT STOUT PER PINT,Drink,Stout,London,1999,2.22
DRAUGHT STOUT PER PINT,Drink,Stout,South East,1999,2.27
DRAUGHT STOUT PER PINT,Drink,Stout,South West,1999,2.2
DRAUGHT STOUT PER PINT,Drink,Stout,East Anglia,1999,2.25
DRAUGHT STOUT PER PINT,Drink,Stout,East Midlands,1999,2.0999999
DRAUGHT STOUT PER PINT,Drink,Stout,West Midlands,1999,2.0999999
DRAUGHT STOUT PER PINT,Drink,Stout,Yorkshire & Humber,1999,2.0899999
DRAUGHT STOUT PER PINT,Drink,Stout,North West,1999,2
DRAUGHT STOUT PER PINT,Drink,Stout,North,1999,2
DRAUGHT STOUT PER PINT,Drink,Stout,Wales,1999,2.04
DRAUGHT STOUT PER PINT,Drink,Stout,Scotland,1999,1.96
DRAUGHT STOUT PER PINT,Drink,Stout,Northern Ireland,1999,1.9
DRAUGHT BITTER (PER PINT),Drink,Bitter,London,2000,2
DRAUGHT BITTER (PER PINT),Drink,Bitter,South East,2000,1.95
DRAUGHT BITTER (PER PINT),Drink,Bitter,South West,2000,1.85
DRAUGHT BITTER (PER PINT),Drink,Bitter,East Anglia,2000,1.9
DRAUGHT BITTER (PER PINT),Drink,Bitter,East Midlands,2000,1.75
DRAUGHT BITTER (PER PINT),Drink,Bitter,West Midlands,2000,1.7
DRAUGHT BITTER (PER PINT),Drink,Bitter,Yorkshire & Humber,2000,1.66
DRAUGHT BITTER (PER PINT),Drink,Bitter,North West,2000,1.59
DRAUGHT BITTER (PER PINT),Drink,Bitter,North,2000,1.6799999
DRAUGHT BITTER (PER PINT),Drink,Bitter,Wales,2000,1.7
DRAUGHT BITTER (PER PINT),Drink,Bitter,Scotland,2000,1.85
DRAUGHT BITTER (PER PINT),Drink,Bitter,Northern Ireland,2000,2
BRANDY-68-70 CL BOTTLE,Drink,Brandy,London,2000,12.49
BRANDY-68-70 CL BOTTLE,Drink,Brandy,South East,2000,12.69
BRANDY-68-70 CL BOTTLE,Drink,Brandy,South West,2000,12.49
BRANDY-68-70 CL BOTTLE,Drink,Brandy,East Anglia,2000,17.85
BRANDY-68-70 CL BOTTLE,Drink,Brandy,East Midlands,2000,12.99
BRANDY-68-70 CL BOTTLE,Drink,Brandy,West Midlands,2000,12.35
BRANDY-68-70 CL BOTTLE,Drink,Brandy,Yorkshire & Humber,2000,12.49
BRANDY-68-70 CL BOTTLE,Drink,Brandy,North West,2000,12.35
BRANDY-68-70 CL BOTTLE,Drink,Brandy,North,2000,12.35
BRANDY-68-70 CL BOTTLE,Drink,Brandy,Wales,2000,12.49
BRANDY-68-70 CL BOTTLE,Drink,Brandy,Scotland,2000,14.440001
BRANDY-68-70 CL BOTTLE,Drink,Brandy,Northern Ireland,2000,17.290001
FORTIFIED WINE  (70-75CL),Drink,Sherry,London,2000,4.9899998
FORTIFIED WINE  (70-75CL),Drink,Sherry,South East,2000,5.9899998
FORTIFIED WINE  (70-75CL),Drink,Sherry,South West,2000,5.4899998
FORTIFIED WINE  (70-75CL),Drink,Sherry,East Anglia,2000,6.4499998
FORTIFIED WINE  (70-75CL),Drink,Sherry,East Midlands,2000,4.9899998
FORTIFIED WINE  (70-75CL),Drink,Sherry,West Midlands,2000,5.6900001
FORTIFIED WINE  (70-75CL),Drink,Sherry,Yorkshire & Humber,2000,5.4899998
FORTIFIED WINE  (70-75CL),Drink,Sherry,North West,2000,5.5900002
FORTIFIED WINE  (70-75CL),Drink,Sherry,North,2000,4.9899998
FORTIFIED WINE  (70-75CL),Drink,Sherry,Wales,2000,6.4499998
FORTIFIED WINE  (70-75CL),Drink,Sherry,Scotland,2000,5.5900002
FORTIFIED WINE  (70-75CL),Drink,Sherry,Northern Ireland,2000,4.9899998
DRAUGHT STOUT PER PINT,Drink,Stout,London,2000,2.3
DRAUGHT STOUT PER PINT,Drink,Stout,South East,2000,2.3099999
DRAUGHT STOUT PER PINT,Drink,Stout,South West,2000,2.2
DRAUGHT STOUT PER PINT,Drink,Stout,East Anglia,2000,2.3
DRAUGHT STOUT PER PINT,Drink,Stout,East Midlands,2000,2.0999999
DRAUGHT STOUT PER PINT,Drink,Stout,West Midlands,2000,2.1400001
DRAUGHT STOUT PER PINT,Drink,Stout,Yorkshire & Humber,2000,2.0999999
DRAUGHT STOUT PER PINT,Drink,Stout,North West,2000,2.0349998
DRAUGHT STOUT PER PINT,Drink,Stout,North,2000,2.05
DRAUGHT STOUT PER PINT,Drink,Stout,Wales,2000,2.0999999
DRAUGHT STOUT PER PINT,Drink,Stout,Scotland,2000,2.05
DRAUGHT STOUT PER PINT,Drink,Stout,Northern Ireland,2000,2
DRAUGHT BITTER (PER PINT),Drink,Bitter,London,2001,2
DRAUGHT BITTER (PER PINT),Drink,Bitter,South East,2001,2.01
DRAUGHT BITTER (PER PINT),Drink,Bitter,South West,2001,1.95
DRAUGHT BITTER (PER PINT),Drink,Bitter,East Anglia,2001,1.95
DRAUGHT BITTER (PER PINT),Drink,Bitter,East Midlands,2001,1.78
DRAUGHT BITTER (PER PINT),Drink,Bitter,West Midlands,2001,1.77
DRAUGHT BITTER (PER PINT),Drink,Bitter,Yorkshire & Humber,2001,1.7
DRAUGHT BITTER (PER PINT),Drink,Bitter,North West,2001,1.7
DRAUGHT BITTER (PER PINT),Drink,Bitter,North,2001,1.7
DRAUGHT BITTER (PER PINT),Drink,Bitter,Wales,2001,1.725
DRAUGHT BITTER (PER PINT),Drink,Bitter,Scotland,2001,1.9
DRAUGHT BITTER (PER PINT),Drink,Bitter,Northern Ireland,2001,2
BRANDY-68-70 CL BOTTLE,Drink,Brandy,London,2001,12.99
BRANDY-68-70 CL BOTTLE,Drink,Brandy,South East,2001,12.49
BRANDY-68-70 CL BOTTLE,Drink,Brandy,South West,2001,12.35
BRANDY-68-70 CL BOTTLE,Drink,Brandy,East Anglia,2001,13.99
BRANDY-68-70 CL BOTTLE,Drink,Brandy,East Midlands,2001,12.99
BRANDY-68-70 CL BOTTLE,Drink,Brandy,West Midlands,2001,12.35
BRANDY-68-70 CL BOTTLE,Drink,Brandy,Yorkshire & Humber,2001,12.99
BRANDY-68-70 CL BOTTLE,Drink,Brandy,North West,2001,11.35
BRANDY-68-70 CL BOTTLE,Drink,Brandy,North,2001,12.75
BRANDY-68-70 CL BOTTLE,Drink,Brandy,Wales,2001,12.04
BRANDY-68-70 CL BOTTLE,Drink,Brandy,Scotland,2001,12.99
BRANDY-68-70 CL BOTTLE,Drink,Brandy,Northern Ireland,2001,17.290001
FORTIFIED WINE  (70-75CL),Drink,Sherry,London,2001,5.9899998
FORTIFIED WINE  (70-75CL),Drink,Sherry,South East,2001,6.52
FORTIFIED WINE  (70-75CL),Drink,Sherry,South West,2001,5.4899998
FORTIFIED WINE  (70-75CL),Drink,Sherry,East Anglia,2001,5.6900001
FORTIFIED WINE  (70-75CL),Drink,Sherry,East Midlands,2001,4.9899998
FORTIFIED WINE  (70-75CL),Drink,Sherry,West Midlands,2001,4.9899998
FORTIFIED WINE  (70-75CL),Drink,Sherry,Yorkshire & Humber,2001,5.9899998
FORTIFIED WINE  (70-75CL),Drink,Sherry,North West,2001,6.0900002
FORTIFIED WINE  (70-75CL),Drink,Sherry,North,2001,4.9899998
FORTIFIED WINE  (70-75CL),Drink,Sherry,Wales,2001,6.4899998
FORTIFIED WINE  (70-75CL),Drink,Sherry,Scotland,2001,6.4899998
FORTIFIED WINE  (70-75CL),Drink,Sherry,Northern Ireland,2001,4.9899998
DRAUGHT STOUT PER PINT,Drink,Stout,London,2001,2.395
DRAUGHT STOUT PER PINT,Drink,Stout,South East,2001,2.4000001
DRAUGHT STOUT PER PINT,Drink,Stout,South West,2001,2.3199999
DRAUGHT STOUT PER PINT,Drink,Stout,East Anglia,2001,2.3
DRAUGHT STOUT PER PINT,Drink,Stout,East Midlands,2001,2.2
DRAUGHT STOUT PER PINT,Drink,Stout,West Midlands,2001,2.25
DRAUGHT STOUT PER PINT,Drink,Stout,Yorkshire & Humber,2001,2.1600001
DRAUGHT STOUT PER PINT,Drink,Stout,North West,2001,2.1199999
DRAUGHT STOUT PER PINT,Drink,Stout,North,2001,2.1500001
DRAUGHT STOUT PER PINT,Drink,Stout,Wales,2001,2.0999999
DRAUGHT STOUT PER PINT,Drink,Stout,Scotland,2001,2.0999999
DRAUGHT STOUT PER PINT,Drink,Stout,Northern Ireland,2001,2
DRAUGHT BITTER (PER PINT),Drink,Bitter,London,2002,2.05
DRAUGHT BITTER (PER PINT),Drink,Bitter,South East,2002,2.1500001
DRAUGHT BITTER (PER PINT),Drink,Bitter,South West,2002,2
DRAUGHT BITTER (PER PINT),Drink,Bitter,East Anglia,2002,2
DRAUGHT BITTER (PER PINT),Drink,Bitter,East Midlands,2002,1.8
DRAUGHT BITTER (PER PINT),Drink,Bitter,West Midlands,2002,1.8
DRAUGHT BITTER (PER PINT),Drink,Bitter,Yorkshire & Humber,2002,1.78
DRAUGHT BITTER (PER PINT),Drink,Bitter,North West,2002,1.74
DRAUGHT BITTER (PER PINT),Drink,Bitter,North,2002,1.78
DRAUGHT BITTER (PER PINT),Drink,Bitter,Wales,2002,1.8
DRAUGHT BITTER (PER PINT),Drink,Bitter,Scotland,2002,2
DRAUGHT BITTER (PER PINT),Drink,Bitter,Northern Ireland,2002,2.0999999
BRANDY-68-70 CL BOTTLE,Drink,Brandy,London,2002,13.53
BRANDY-68-70 CL BOTTLE,Drink,Brandy,South East,2002,12.49
BRANDY-68-70 CL BOTTLE,Drink,Brandy,South West,2002,12.99
BRANDY-68-70 CL BOTTLE,Drink,Brandy,East Anglia,2002,13.99
BRANDY-68-70 CL BOTTLE,Drink,Brandy,East Midlands,2002,12.99
BRANDY-68-70 CL BOTTLE,Drink,Brandy,West Midlands,2002,12.74
BRANDY-68-70 CL BOTTLE,Drink,Brandy,Yorkshire & Humber,2002,12.99
BRANDY-68-70 CL BOTTLE,Drink,Brandy,North West,2002,12.49
BRANDY-68-70 CL BOTTLE,Drink,Brandy,North,2002,12.99
BRANDY-68-70 CL BOTTLE,Drink,Brandy,Wales,2002,11.190001
BRANDY-68-70 CL BOTTLE,Drink,Brandy,Scotland,2002,12.99
BRANDY-68-70 CL BOTTLE,Drink,Brandy,Northern Ireland,2002,17.290001
FORTIFIED WINE  (70-75CL),Drink,Sherry,London,2002,5.4899998
FORTIFIED WINE  (70-75CL),Drink,Sherry,South East,2002,6.48
FORTIFIED WINE  (70-75CL),Drink,Sherry,South West,2002,5.8899999
FORTIFIED WINE  (70-75CL),Drink,Sherry,East Anglia,2002,4.9399996
FORTIFIED WINE  (70-75CL),Drink,Sherry,East Midlands,2002,4.9899998
FORTIFIED WINE  (70-75CL),Drink,Sherry,West Midlands,2002,6.3899999
FORTIFIED WINE  (70-75CL),Drink,Sherry,Yorkshire & Humber,2002,5.4899998
FORTIFIED WINE  (70-75CL),Drink,Sherry,North West,2002,6.48
FORTIFIED WINE  (70-75CL),Drink,Sherry,North,2002,4.9899998
FORTIFIED WINE  (70-75CL),Drink,Sherry,Wales,2002,4.9899998
FORTIFIED WINE  (70-75CL),Drink,Sherry,Scotland,2002,6.48
FORTIFIED WINE  (70-75CL),Drink,Sherry,Northern Ireland,2002,4.9899998
DRAUGHT STOUT PER PINT,Drink,Stout,London,2002,2.46
DRAUGHT STOUT PER PINT,Drink,Stout,South East,2002,2.5
DRAUGHT STOUT PER PINT,Drink,Stout,South West,2002,2.4000001
DRAUGHT STOUT PER PINT,Drink,Stout,East Anglia,2002,2.4000001
DRAUGHT STOUT PER PINT,Drink,Stout,East Midlands,2002,2.3
DRAUGHT STOUT PER PINT,Drink,Stout,West Midlands,2002,2.28
DRAUGHT STOUT PER PINT,Drink,Stout,Yorkshire & Humber,2002,2.25
DRAUGHT STOUT PER PINT,Drink,Stout,North West,2002,2.1700001
DRAUGHT STOUT PER PINT,Drink,Stout,North,2002,2.2
DRAUGHT STOUT PER PINT,Drink,Stout,Wales,2002,2.2
DRAUGHT STOUT PER PINT,Drink,Stout,Scotland,2002,2.1500001
DRAUGHT STOUT PER PINT,Drink,Stout,Northern Ireland,2002,2.0999999
DRAUGHT BITTER (PER PINT),Drink,Bitter,London,2003,2.1500001
DRAUGHT BITTER (PER PINT),Drink,Bitter,South East,2003,2.2
DRAUGHT BITTER (PER PINT),Drink,Bitter,South West,2003,2.0999999
DRAUGHT BITTER (PER PINT),Drink,Bitter,East Anglia,2003,2.05
DRAUGHT BITTER (PER PINT),Drink,Bitter,East Midlands,2003,1.9
DRAUGHT BITTER (PER PINT),Drink,Bitter,West Midlands,2003,1.9
DRAUGHT BITTER (PER PINT),Drink,Bitter,Yorkshire & Humber,2003,1.8200001
DRAUGHT BITTER (PER PINT),Drink,Bitter,North West,2003,1.8
DRAUGHT BITTER (PER PINT),Drink,Bitter,North,2003,1.85
DRAUGHT BITTER (PER PINT),Drink,Bitter,Wales,2003,1.85
DRAUGHT BITTER (PER PINT),Drink,Bitter,Scotland,2003,2.0999999
DRAUGHT BITTER (PER PINT),Drink,Bitter,Northern Ireland,2003,2.2
BRANDY-68-70 CL BOTTLE,Drink,Brandy,London,2003,13.99
BRANDY-68-70 CL BOTTLE,Drink,Brandy,South East,2003,12.99
BRANDY-68-70 CL BOTTLE,Drink,Brandy,South West,2003,12.92
BRANDY-68-70 CL BOTTLE,Drink,Brandy,East Anglia,2003,12.99
BRANDY-68-70 CL BOTTLE,Drink,Brandy,East Midlands,2003,12.99
BRANDY-68-70 CL BOTTLE,Drink,Brandy,West Midlands,2003,11.99
BRANDY-68-70 CL BOTTLE,Drink,Brandy,Yorkshire & Humber,2003,12.99
BRANDY-68-70 CL BOTTLE,Drink,Brandy,North West,2003,12.55
BRANDY-68-70 CL BOTTLE,Drink,Brandy,North,2003,11.99
BRANDY-68-70 CL BOTTLE,Drink,Brandy,Wales,2003,11.99
BRANDY-68-70 CL BOTTLE,Drink,Brandy,Scotland,2003,13.49
BRANDY-68-70 CL BOTTLE,Drink,Brandy,Northern Ireland,2003,17.290001
FORTIFIED WINE  (70-75CL),Drink,Sherry,London,2003,5.96
FORTIFIED WINE  (70-75CL),Drink,Sherry,South East,2003,5.9799995
FORTIFIED WINE  (70-75CL),Drink,Sherry,South West,2003,5.9499998
FORTIFIED WINE  (70-75CL),Drink,Sherry,East Anglia,2003,4.9899998
FORTIFIED WINE  (70-75CL),Drink,Sherry,East Midlands,2003,5.7800002
FORTIFIED WINE  (70-75CL),Drink,Sherry,West Midlands,2003,4.9899998
FORTIFIED WINE  (70-75CL),Drink,Sherry,Yorkshire & Humber,2003,5.8899999
FORTIFIED WINE  (70-75CL),Drink,Sherry,North West,2003,6.4699998
FORTIFIED WINE  (70-75CL),Drink,Sherry,North,2003,4.9899998
FORTIFIED WINE  (70-75CL),Drink,Sherry,Wales,2003,4.9899998
FORTIFIED WINE  (70-75CL),Drink,Sherry,Scotland,2003,5.96
FORTIFIED WINE  (70-75CL),Drink,Sherry,Northern Ireland,2003,4.9899998
DRAUGHT STOUT PER PINT,Drink,Stout,London,2003,2.5599999
DRAUGHT STOUT PER PINT,Drink,Stout,South East,2003,2.52
DRAUGHT STOUT PER PINT,Drink,Stout,South West,2003,2.5
DRAUGHT STOUT PER PINT,Drink,Stout,East Anglia,2003,2.4000001
DRAUGHT STOUT PER PINT,Drink,Stout,East Midlands,2003,2.4000001
DRAUGHT STOUT PER PINT,Drink,Stout,West Midlands,2003,2.4000001
DRAUGHT STOUT PER PINT,Drink,Stout,Yorkshire & Humber,2003,2.3
DRAUGHT STOUT PER PINT,Drink,Stout,North West,2003,2.21
DRAUGHT STOUT PER PINT,Drink,Stout,North,2003,2.25
DRAUGHT STOUT PER PINT,Drink,Stout,Wales,2003,2.3
DRAUGHT STOUT PER PINT,Drink,Stout,Scotland,2003,2.2
DRAUGHT STOUT PER PINT,Drink,Stout,Northern Ireland,2003,2.2
DRAUGHT BITTER (PER PINT),Drink,Bitter,London,2004,2.2
DRAUGHT BITTER (PER PINT),Drink,Bitter,South East,2004,2.2
DRAUGHT BITTER (PER PINT),Drink,Bitter,South West,2004,2.1400001
DRAUGHT BITTER (PER PINT),Drink,Bitter,East Anglia,2004,2.0999999
DRAUGHT BITTER (PER PINT),Drink,Bitter,East Midlands,2004,2
DRAUGHT BITTER (PER PINT),Drink,Bitter,West Midlands,2004,1.95
DRAUGHT BITTER (PER PINT),Drink,Bitter,Yorkshire & Humber,2004,1.91
DRAUGHT BITTER (PER PINT),Drink,Bitter,North West,2004,1.86
DRAUGHT BITTER (PER PINT),Drink,Bitter,North,2004,1.9
DRAUGHT BITTER (PER PINT),Drink,Bitter,Wales,2004,1.9
DRAUGHT BITTER (PER PINT),Drink,Bitter,Scotland,2004,2.05
DRAUGHT BITTER (PER PINT),Drink,Bitter,Northern Ireland,2004,2.3
BRANDY-68-70 CL BOTTLE,Drink,Brandy,London,2004,12.99
BRANDY-68-70 CL BOTTLE,Drink,Brandy,South East,2004,11.24
BRANDY-68-70 CL BOTTLE,Drink,Brandy,South West,2004,12.69
BRANDY-68-70 CL BOTTLE,Drink,Brandy,East Anglia,2004,12.24
BRANDY-68-70 CL BOTTLE,Drink,Brandy,East Midlands,2004,11.99
BRANDY-68-70 CL BOTTLE,Drink,Brandy,West Midlands,2004,11.99
BRANDY-68-70 CL BOTTLE,Drink,Brandy,Yorkshire & Humber,2004,12.99
BRANDY-68-70 CL BOTTLE,Drink,Brandy,North West,2004,11.99
BRANDY-68-70 CL BOTTLE,Drink,Brandy,North,2004,12.49
BRANDY-68-70 CL BOTTLE,Drink,Brandy,Wales,2004,10.74
BRANDY-68-70 CL BOTTLE,Drink,Brandy,Scotland,2004,12.55
BRANDY-68-70 CL BOTTLE,Drink,Brandy,Northern Ireland,2004,17.49
FORTIFIED WINE  (70-75CL),Drink,Sherry,London,2004,5.9899998
FORTIFIED WINE  (70-75CL),Drink,Sherry,South East,2004,5.9899998
FORTIFIED WINE  (70-75CL),Drink,Sherry,South West,2004,5.9200001
FORTIFIED WINE  (70-75CL),Drink,Sherry,East Anglia,2004,5.96
FORTIFIED WINE  (70-75CL),Drink,Sherry,East Midlands,2004,5.96
FORTIFIED WINE  (70-75CL),Drink,Sherry,West Midlands,2004,4.9899998
FORTIFIED WINE  (70-75CL),Drink,Sherry,Yorkshire & Humber,2004,5.0300002
FORTIFIED WINE  (70-75CL),Drink,Sherry,North West,2004,5.98
FORTIFIED WINE  (70-75CL),Drink,Sherry,North,2004,4.9899998
FORTIFIED WINE  (70-75CL),Drink,Sherry,Wales,2004,5.0300002
FORTIFIED WINE  (70-75CL),Drink,Sherry,Scotland,2004,6.0900002
FORTIFIED WINE  (70-75CL),Drink,Sherry,Northern Ireland,2004,4.9899998
DRAUGHT STOUT PER PINT,Drink,Stout,London,2004,2.5999999
DRAUGHT STOUT PER PINT,Drink,Stout,South East,2004,2.5999999
DRAUGHT STOUT PER PINT,Drink,Stout,South West,2004,2.5
DRAUGHT STOUT PER PINT,Drink,Stout,East Anglia,2004,2.55
DRAUGHT STOUT PER PINT,Drink,Stout,East Midlands,2004,2.45
DRAUGHT STOUT PER PINT,Drink,Stout,West Midlands,2004,2.4200001
DRAUGHT STOUT PER PINT,Drink,Stout,Yorkshire & Humber,2004,2.4000001
DRAUGHT STOUT PER PINT,Drink,Stout,North West,2004,2.3
DRAUGHT STOUT PER PINT,Drink,Stout,North,2004,2.3499999
DRAUGHT STOUT PER PINT,Drink,Stout,Wales,2004,2.3800001
DRAUGHT STOUT PER PINT,Drink,Stout,Scotland,2004,2.2
DRAUGHT STOUT PER PINT,Drink,Stout,Northern Ireland,2004,2.25
DRAUGHT BITTER (PER PINT),Drink,Bitter,London,2005,2.3
DRAUGHT BITTER (PER PINT),Drink,Bitter,South East,2005,2.3
DRAUGHT BITTER (PER PINT),Drink,Bitter,South West,2005,2.2
DRAUGHT BITTER (PER PINT),Drink,Bitter,East Anglia,2005,2.2249999
DRAUGHT BITTER (PER PINT),Drink,Bitter,East Midlands,2005,2.1400001
DRAUGHT BITTER (PER PINT),Drink,Bitter,West Midlands,2005,2
DRAUGHT BITTER (PER PINT),Drink,Bitter,Yorkshire & Humber,2005,2
DRAUGHT BITTER (PER PINT),Drink,Bitter,North West,2005,1.9
DRAUGHT BITTER (PER PINT),Drink,Bitter,North,2005,1.95
DRAUGHT BITTER (PER PINT),Drink,Bitter,Wales,2005,1.97
DRAUGHT BITTER (PER PINT),Drink,Bitter,Scotland,2005,2.0999999
DRAUGHT BITTER (PER PINT),Drink,Bitter,Northern Ireland,2005,2.3
BRANDY-68-70 CL BOTTLE,Drink,Brandy,London,2005,12.35
BRANDY-68-70 CL BOTTLE,Drink,Brandy,South East,2005,13.19
BRANDY-68-70 CL BOTTLE,Drink,Brandy,South West,2005,12.95
BRANDY-68-70 CL BOTTLE,Drink,Brandy,East Anglia,2005,12.85
BRANDY-68-70 CL BOTTLE,Drink,Brandy,East Midlands,2005,12.59
BRANDY-68-70 CL BOTTLE,Drink,Brandy,West Midlands,2005,12.74
BRANDY-68-70 CL BOTTLE,Drink,Brandy,Yorkshire & Humber,2005,12.79
BRANDY-68-70 CL BOTTLE,Drink,Brandy,North West,2005,9.9899998
BRANDY-68-70 CL BOTTLE,Drink,Brandy,North,2005,13.19
BRANDY-68-70 CL BOTTLE,Drink,Brandy,Wales,2005,9.9899998
BRANDY-68-70 CL BOTTLE,Drink,Brandy,Scotland,2005,12.69
BRANDY-68-70 CL BOTTLE,Drink,Brandy,Northern Ireland,2005,17.49
FORTIFIED WINE  (70-75CL),Drink,Sherry,London,2005,6.25
FORTIFIED WINE  (70-75CL),Drink,Sherry,South East,2005,6.0900002
FORTIFIED WINE  (70-75CL),Drink,Sherry,South West,2005,5.4899998
FORTIFIED WINE  (70-75CL),Drink,Sherry,East Anglia,2005,6.04
FORTIFIED WINE  (70-75CL),Drink,Sherry,East Midlands,2005,5.9899998
FORTIFIED WINE  (70-75CL),Drink,Sherry,West Midlands,2005,5.8800001
FORTIFIED WINE  (70-75CL),Drink,Sherry,Yorkshire & Humber,2005,5.9499998
FORTIFIED WINE  (70-75CL),Drink,Sherry,North West,2005,6.0900002
FORTIFIED WINE  (70-75CL),Drink,Sherry,North,2005,5.0599999
FORTIFIED WINE  (70-75CL),Drink,Sherry,Wales,2005,5.0599999
FORTIFIED WINE  (70-75CL),Drink,Sherry,Scotland,2005,6.29
FORTIFIED WINE  (70-75CL),Drink,Sherry,Northern Ireland,2005,4.9899998
DRAUGHT STOUT PER PINT,Drink,Stout,London,2005,2.6600001
DRAUGHT STOUT PER PINT,Drink,Stout,South East,2005,2.7
DRAUGHT STOUT PER PINT,Drink,Stout,South West,2005,2.5999999
DRAUGHT STOUT PER PINT,Drink,Stout,East Anglia,2005,2.5999999
DRAUGHT STOUT PER PINT,Drink,Stout,East Midlands,2005,2.5
DRAUGHT STOUT PER PINT,Drink,Stout,West Midlands,2005,2.5
DRAUGHT STOUT PER PINT,Drink,Stout,Yorkshire & Humber,2005,2.5
DRAUGHT STOUT PER PINT,Drink,Stout,North West,2005,2.3599999
DRAUGHT STOUT PER PINT,Drink,Stout,North,2005,2.3900001
DRAUGHT STOUT PER PINT,Drink,Stout,Wales,2005,2.4100001
DRAUGHT STOUT PER PINT,Drink,Stout,Scotland,2005,2.3
DRAUGHT STOUT PER PINT,Drink,Stout,Northern Ireland,2005,2.3
DRAUGHT BITTER (PER PINT),Drink,Bitter,London,2006,2.3
DRAUGHT BITTER (PER PINT),Drink,Bitter,South East,2006,2.4000001
DRAUGHT BITTER (PER PINT),Drink,Bitter,South West,2006,2.3
DRAUGHT BITTER (PER PINT),Drink,Bitter,East Anglia,2006,2.3
DRAUGHT BITTER (PER PINT),Drink,Bitter,East Midlands,2006,2.2
DRAUGHT BITTER (PER PINT),Drink,Bitter,West Midlands,2006,2.0699999
DRAUGHT BITTER (PER PINT),Drink,Bitter,Yorkshire & Humber,2006,2.0999999
DRAUGHT BITTER (PER PINT),Drink,Bitter,North West,2006,1.98
DRAUGHT BITTER (PER PINT),Drink,Bitter,North,2006,2.05
DRAUGHT BITTER (PER PINT),Drink,Bitter,Wales,2006,2.0699999
DRAUGHT BITTER (PER PINT),Drink,Bitter,Scotland,2006,2.2
DRAUGHT BITTER (PER PINT),Drink,Bitter,Northern Ireland,2006,2.4000001
BRANDY-68-70 CL BOTTLE,Drink,Brandy,London,2006,12.49
BRANDY-68-70 CL BOTTLE,Drink,Brandy,South East,2006,14.12
BRANDY-68-70 CL BOTTLE,Drink,Brandy,South West,2006,12.49
BRANDY-68-70 CL BOTTLE,Drink,Brandy,East Anglia,2006,13.69
BRANDY-68-70 CL BOTTLE,Drink,Brandy,East Midlands,2006,14.95
BRANDY-68-70 CL BOTTLE,Drink,Brandy,West Midlands,2006,12.49
BRANDY-68-70 CL BOTTLE,Drink,Brandy,Yorkshire & Humber,2006,12.49
BRANDY-68-70 CL BOTTLE,Drink,Brandy,North West,2006,12.139999
BRANDY-68-70 CL BOTTLE,Drink,Brandy,North,2006,13.19
BRANDY-68-70 CL BOTTLE,Drink,Brandy,Wales,2006,9.9899998
BRANDY-68-70 CL BOTTLE,Drink,Brandy,Scotland,2006,12.49
BRANDY-68-70 CL BOTTLE,Drink,Brandy,Northern Ireland,2006,17.49
FORTIFIED WINE  (70-75CL),Drink,Sherry,London,2006,6.75
FORTIFIED WINE  (70-75CL),Drink,Sherry,South East,2006,6.29
FORTIFIED WINE  (70-75CL),Drink,Sherry,South West,2006,4.9700003
FORTIFIED WINE  (70-75CL),Drink,Sherry,East Anglia,2006,5.9899998
FORTIFIED WINE  (70-75CL),Drink,Sherry,East Midlands,2006,5.9899998
FORTIFIED WINE  (70-75CL),Drink,Sherry,West Midlands,2006,4.9899998
FORTIFIED WINE  (70-75CL),Drink,Sherry,Yorkshire & Humber,2006,5.9200001
FORTIFIED WINE  (70-75CL),Drink,Sherry,North West,2006,5.9899998
FORTIFIED WINE  (70-75CL),Drink,Sherry,North,2006,4.9899998
FORTIFIED WINE  (70-75CL),Drink,Sherry,Wales,2006,4.9899998
FORTIFIED WINE  (70-75CL),Drink,Sherry,Scotland,2006,5.9899998
FORTIFIED WINE  (70-75CL),Drink,Sherry,Northern Ireland,2006,4.1599998
DRAUGHT STOUT PER PINT,Drink,Stout,London,2006,2.75
DRAUGHT STOUT PER PINT,Drink,Stout,South East,2006,2.8
DRAUGHT STOUT PER PINT,Drink,Stout,South West,2006,2.7
DRAUGHT STOUT PER PINT,Drink,Stout,East Anglia,2006,2.7
DRAUGHT STOUT PER PINT,Drink,Stout,East Midlands,2006,2.5899999
DRAUGHT STOUT PER PINT,Drink,Stout,West Midlands,2006,2.5
DRAUGHT STOUT PER PINT,Drink,Stout,Yorkshire & Humber,2006,2.5999999
DRAUGHT STOUT PER PINT,Drink,Stout,North West,2006,2.45
DRAUGHT STOUT PER PINT,Drink,Stout,North,2006,2.45
DRAUGHT STOUT PER PINT,Drink,Stout,Wales,2006,2.5
DRAUGHT STOUT PER PINT,Drink,Stout,Scotland,2006,2.3599999
DRAUGHT STOUT PER PINT,Drink,Stout,Northern Ireland,2006,2.4000001
DRAUGHT BITTER (PER PINT),Drink,Bitter,London,2007,2.4200001
DRAUGHT BITTER (PER PINT),Drink,Bitter,South East,2007,2.5
DRAUGHT BITTER (PER PINT),Drink,Bitter,South West,2007,2.4000001
DRAUGHT BITTER (PER PINT),Drink,Bitter,East Anglia,2007,2.4000001
DRAUGHT BITTER (PER PINT),Drink,Bitter,East Midlands,2007,2.3
DRAUGHT BITTER (PER PINT),Drink,Bitter,West Midlands,2007,2.1950002
DRAUGHT BITTER (PER PINT),Drink,Bitter,Yorkshire & Humber,2007,2.2
DRAUGHT BITTER (PER PINT),Drink,Bitter,North West,2007,2.05
DRAUGHT BITTER (PER PINT),Drink,Bitter,North,2007,2.1500001
DRAUGHT BITTER (PER PINT),Drink,Bitter,Wales,2007,2.0999999
DRAUGHT BITTER (PER PINT),Drink,Bitter,Scotland,2007,2.2
DRAUGHT BITTER (PER PINT),Drink,Bitter,Northern Ireland,2007,2.55
BRANDY-68-70 CL BOTTLE,Drink,Brandy,London,2007,12.33
BRANDY-68-70 CL BOTTLE,Drink,Brandy,South East,2007,17.639999
BRANDY-68-70 CL BOTTLE,Drink,Brandy,South West,2007,12.69
BRANDY-68-70 CL BOTTLE,Drink,Brandy,East Anglia,2007,13.69
BRANDY-68-70 CL BOTTLE,Drink,Brandy,East Midlands,2007,13.49
BRANDY-68-70 CL BOTTLE,Drink,Brandy,West Midlands,2007,12.69
BRANDY-68-70 CL BOTTLE,Drink,Brandy,Yorkshire & Humber,2007,12.49
BRANDY-68-70 CL BOTTLE,Drink,Brandy,North West,2007,12.69
BRANDY-68-70 CL BOTTLE,Drink,Brandy,North,2007,13.77
BRANDY-68-70 CL BOTTLE,Drink,Brandy,Wales,2007,9.9899998
BRANDY-68-70 CL BOTTLE,Drink,Brandy,Scotland,2007,9.9899998
BRANDY-68-70 CL BOTTLE,Drink,Brandy,Northern Ireland,2007,17.98
FORTIFIED WINE  (70-75CL),Drink,Sherry,London,2007,6.9949999
FORTIFIED WINE  (70-75CL),Drink,Sherry,South East,2007,6.4899998
FORTIFIED WINE  (70-75CL),Drink,Sherry,South West,2007,5.4799995
FORTIFIED WINE  (70-75CL),Drink,Sherry,East Anglia,2007,5.9899998
FORTIFIED WINE  (70-75CL),Drink,Sherry,East Midlands,2007,5.9899998
FORTIFIED WINE  (70-75CL),Drink,Sherry,West Midlands,2007,5.54
FORTIFIED WINE  (70-75CL),Drink,Sherry,Yorkshire & Humber,2007,5.79
FORTIFIED WINE  (70-75CL),Drink,Sherry,North West,2007,6.4899998
FORTIFIED WINE  (70-75CL),Drink,Sherry,North,2007,4.9899998
FORTIFIED WINE  (70-75CL),Drink,Sherry,Wales,2007,5.6799998
FORTIFIED WINE  (70-75CL),Drink,Sherry,Scotland,2007,5.9899998
FORTIFIED WINE  (70-75CL),Drink,Sherry,Northern Ireland,2007,3.98
DRAUGHT STOUT PER PINT,Drink,Stout,London,2007,2.8049998
DRAUGHT STOUT PER PINT,Drink,Stout,South East,2007,2.9000001
DRAUGHT STOUT PER PINT,Drink,Stout,South West,2007,2.8
DRAUGHT STOUT PER PINT,Drink,Stout,East Anglia,2007,2.8
DRAUGHT STOUT PER PINT,Drink,Stout,East Midlands,2007,2.7
DRAUGHT STOUT PER PINT,Drink,Stout,West Midlands,2007,2.5999999
DRAUGHT STOUT PER PINT,Drink,Stout,Yorkshire & Humber,2007,2.6800001
DRAUGHT STOUT PER PINT,Drink,Stout,North West,2007,2.55
DRAUGHT STOUT PER PINT,Drink,Stout,North,2007,2.5999999
DRAUGHT STOUT PER PINT,Drink,Stout,Wales,2007,2.5999999
DRAUGHT STOUT PER PINT,Drink,Stout,Scotland,2007,2.4000001
DRAUGHT STOUT PER PINT,Drink,Stout,Northern Ireland,2007,2.5
DRAUGHT BITTER (PER PINT),Drink,Bitter,London,2008,2.5999999
DRAUGHT BITTER (PER PINT),Drink,Bitter,South East,2008,2.6199999
DRAUGHT BITTER (PER PINT),Drink,Bitter,South West,2008,2.5999999
DRAUGHT BITTER (PER PINT),Drink,Bitter,East Anglia,2008,2.5999999
DRAUGHT BITTER (PER PINT),Drink,Bitter,East Midlands,2008,2.4000001
DRAUGHT BITTER (PER PINT),Drink,Bitter,West Midlands,2008,2.3
DRAUGHT BITTER (PER PINT),Drink,Bitter,Yorkshire & Humber,2008,2.3499999
DRAUGHT BITTER (PER PINT),Drink,Bitter,North West,2008,2.1500001
DRAUGHT BITTER (PER PINT),Drink,Bitter,North,2008,2.25
DRAUGHT BITTER (PER PINT),Drink,Bitter,Wales,2008,2.1500001
DRAUGHT BITTER (PER PINT),Drink,Bitter,Scotland,2008,2.3499999
DRAUGHT BITTER (PER PINT),Drink,Bitter,Northern Ireland,2008,2.6500001
BRANDY-68-70 CL BOTTLE,Drink,Brandy,London,2008,12.74
BRANDY-68-70 CL BOTTLE,Drink,Brandy,South East,2008,16.99
BRANDY-68-70 CL BOTTLE,Drink,Brandy,South West,2008,14.19
BRANDY-68-70 CL BOTTLE,Drink,Brandy,East Anglia,2008,13.99
BRANDY-68-70 CL BOTTLE,Drink,Brandy,East Midlands,2008,16.99
BRANDY-68-70 CL BOTTLE,Drink,Brandy,West Midlands,2008,12.99
BRANDY-68-70 CL BOTTLE,Drink,Brandy,Yorkshire & Humber,2008,14.59
BRANDY-68-70 CL BOTTLE,Drink,Brandy,North West,2008,12.19
BRANDY-68-70 CL BOTTLE,Drink,Brandy,North,2008,14.5
BRANDY-68-70 CL BOTTLE,Drink,Brandy,Wales,2008,10.99
BRANDY-68-70 CL BOTTLE,Drink,Brandy,Scotland,2008,10.85
BRANDY-68-70 CL BOTTLE,Drink,Brandy,Northern Ireland,2008,17.99
FORTIFIED WINE  (70-75CL),Drink,Sherry,London,2008,7.4899998
FORTIFIED WINE  (70-75CL),Drink,Sherry,South East,2008,6.9899998
FORTIFIED WINE  (70-75CL),Drink,Sherry,South West,2008,6.54
FORTIFIED WINE  (70-75CL),Drink,Sherry,East Anglia,2008,6.79
FORTIFIED WINE  (70-75CL),Drink,Sherry,East Midlands,2008,6.79
FORTIFIED WINE  (70-75CL),Drink,Sherry,West Midlands,2008,5.6300001
FORTIFIED WINE  (70-75CL),Drink,Sherry,Yorkshire & Humber,2008,5.9899998
FORTIFIED WINE  (70-75CL),Drink,Sherry,North West,2008,6.79
FORTIFIED WINE  (70-75CL),Drink,Sherry,North,2008,5.9549999
FORTIFIED WINE  (70-75CL),Drink,Sherry,Wales,2008,5.9899998
FORTIFIED WINE  (70-75CL),Drink,Sherry,Scotland,2008,6.9899998
FORTIFIED WINE  (70-75CL),Drink,Sherry,Northern Ireland,2008,4.2799997
DRAUGHT STOUT PER PINT,Drink,Stout,London,2008,2.95
DRAUGHT STOUT PER PINT,Drink,Stout,South East,2008,3.0999999
DRAUGHT STOUT PER PINT,Drink,Stout,South West,2008,2.95
DRAUGHT STOUT PER PINT,Drink,Stout,East Anglia,2008,3
DRAUGHT STOUT PER PINT,Drink,Stout,East Midlands,2008,2.8
DRAUGHT STOUT PER PINT,Drink,Stout,West Midlands,2008,2.75
DRAUGHT STOUT PER PINT,Drink,Stout,Yorkshire & Humber,2008,2.8
DRAUGHT STOUT PER PINT,Drink,Stout,North West,2008,2.7
DRAUGHT STOUT PER PINT,Drink,Stout,North,2008,2.7
DRAUGHT STOUT PER PINT,Drink,Stout,Wales,2008,2.7
DRAUGHT STOUT PER PINT,Drink,Stout,Scotland,2008,2.5799999
DRAUGHT STOUT PER PINT,Drink,Stout,Northern Ireland,2008,2.6500001
DRAUGHT BITTER (PER PINT),Drink,Bitter,London,2009,2.5999999
DRAUGHT BITTER (PER PINT),Drink,Bitter,South East,2009,2.75
DRAUGHT BITTER (PER PINT),Drink,Bitter,South West,2009,2.7
DRAUGHT BITTER (PER PINT),Drink,Bitter,East Anglia,2009,2.7
DRAUGHT BITTER (PER PINT),Drink,Bitter,East Midlands,2009,2.5
DRAUGHT BITTER (PER PINT),Drink,Bitter,West Midlands,2009,2.4000001
DRAUGHT BITTER (PER PINT),Drink,Bitter,Yorkshire & Humber,2009,2.4000001
DRAUGHT BITTER (PER PINT),Drink,Bitter,North West,2009,2.2
DRAUGHT BITTER (PER PINT),Drink,Bitter,North,2009,2.3499999
DRAUGHT BITTER (PER PINT),Drink,Bitter,Wales,2009,2.3
DRAUGHT BITTER (PER PINT),Drink,Bitter,Scotland,2009,2.5
DRAUGHT BITTER (PER PINT),Drink,Bitter,Northern Ireland,2009,2.8
BRANDY-68-70 CL BOTTLE,Drink,Brandy,London,2009,12.09
BRANDY-68-70 CL BOTTLE,Drink,Brandy,South East,2009,18.530001
BRANDY-68-70 CL BOTTLE,Drink,Brandy,South West,2009,14.63
BRANDY-68-70 CL BOTTLE,Drink,Brandy,East Anglia,2009,13.89
BRANDY-68-70 CL BOTTLE,Drink,Brandy,East Midlands,2009,16.48
BRANDY-68-70 CL BOTTLE,Drink,Brandy,West Midlands,2009,14.83
BRANDY-68-70 CL BOTTLE,Drink,Brandy,Yorkshire & Humber,2009,15.99
BRANDY-68-70 CL BOTTLE,Drink,Brandy,North West,2009,11.71
BRANDY-68-70 CL BOTTLE,Drink,Brandy,North,2009,15.04
BRANDY-68-70 CL BOTTLE,Drink,Brandy,Wales,2009,10.99
BRANDY-68-70 CL BOTTLE,Drink,Brandy,Scotland,2009,11.25
BRANDY-68-70 CL BOTTLE,Drink,Brandy,Northern Ireland,2009,19.49
FORTIFIED WINE  (70-75CL),Drink,Sherry,London,2009,7.7399998
FORTIFIED WINE  (70-75CL),Drink,Sherry,South East,2009,6.9899998
FORTIFIED WINE  (70-75CL),Drink,Sherry,South West,2009,6.4899998
FORTIFIED WINE  (70-75CL),Drink,Sherry,East Anglia,2009,6.6900001
FORTIFIED WINE  (70-75CL),Drink,Sherry,East Midlands,2009,6.4549999
FORTIFIED WINE  (70-75CL),Drink,Sherry,West Midlands,2009,5.6300001
FORTIFIED WINE  (70-75CL),Drink,Sherry,Yorkshire & Humber,2009,6.3099999
FORTIFIED WINE  (70-75CL),Drink,Sherry,North West,2009,6.79
FORTIFIED WINE  (70-75CL),Drink,Sherry,North,2009,6.46
FORTIFIED WINE  (70-75CL),Drink,Sherry,Wales,2009,6.2800002
FORTIFIED WINE  (70-75CL),Drink,Sherry,Scotland,2009,6.79
FORTIFIED WINE  (70-75CL),Drink,Sherry,Northern Ireland,2009,4.5900002
DRAUGHT STOUT PER PINT,Drink,Stout,London,2009,3
DRAUGHT STOUT PER PINT,Drink,Stout,South East,2009,3.2
DRAUGHT STOUT PER PINT,Drink,Stout,South West,2009,3.0999999
DRAUGHT STOUT PER PINT,Drink,Stout,East Anglia,2009,3.2
DRAUGHT STOUT PER PINT,Drink,Stout,East Midlands,2009,2.95
DRAUGHT STOUT PER PINT,Drink,Stout,West Midlands,2009,2.8499999
DRAUGHT STOUT PER PINT,Drink,Stout,Yorkshire & Humber,2009,2.9000001
DRAUGHT STOUT PER PINT,Drink,Stout,North West,2009,2.75
DRAUGHT STOUT PER PINT,Drink,Stout,North,2009,2.8
DRAUGHT STOUT PER PINT,Drink,Stout,Wales,2009,2.8
DRAUGHT STOUT PER PINT,Drink,Stout,Scotland,2009,2.7
DRAUGHT STOUT PER PINT,Drink,Stout,Northern Ireland,2009,2.8
DRAUGHT BITTER (PER PINT),Drink,Bitter,London,2010,2.7
DRAUGHT BITTER (PER PINT),Drink,Bitter,South East,2010,2.9000001
DRAUGHT BITTER (PER PINT),Drink,Bitter,South West,2010,2.8
DRAUGHT BITTER (PER PINT),Drink,Bitter,East Anglia,2010,2.7
DRAUGHT BITTER (PER PINT),Drink,Bitter,East Midlands,2010,2.6500001
DRAUGHT BITTER (PER PINT),Drink,Bitter,West Midlands,2010,2.55
DRAUGHT BITTER (PER PINT),Drink,Bitter,Yorkshire & Humber,2010,2.54
DRAUGHT BITTER (PER PINT),Drink,Bitter,North West,2010,2.25
DRAUGHT BITTER (PER PINT),Drink,Bitter,North,2010,2.4000001
DRAUGHT BITTER (PER PINT),Drink,Bitter,Wales,2010,2.48
DRAUGHT BITTER (PER PINT),Drink,Bitter,Scotland,2010,2.5999999
DRAUGHT BITTER (PER PINT),Drink,Bitter,Northern Ireland,2010,2.9000001
BRANDY-68-70 CL BOTTLE,Drink,Brandy,London,2010,13.8
BRANDY-68-70 CL BOTTLE,Drink,Brandy,South East,2010,18.780001
BRANDY-68-70 CL BOTTLE,Drink,Brandy,South West,2010,12.99
BRANDY-68-70 CL BOTTLE,Drink,Brandy,East Anglia,2010,14.49
BRANDY-68-70 CL BOTTLE,Drink,Brandy,East Midlands,2010,14.65
BRANDY-68-70 CL BOTTLE,Drink,Brandy,West Midlands,2010,13.38
BRANDY-68-70 CL BOTTLE,Drink,Brandy,Yorkshire & Humber,2010,15.445
BRANDY-68-70 CL BOTTLE,Drink,Brandy,North West,2010,11.45
BRANDY-68-70 CL BOTTLE,Drink,Brandy,North,2010,12.99
BRANDY-68-70 CL BOTTLE,Drink,Brandy,Wales,2010,11.47
BRANDY-68-70 CL BOTTLE,Drink,Brandy,Scotland,2010,11.25
BRANDY-68-70 CL BOTTLE,Drink,Brandy,Northern Ireland,2010,21.134998
FORTIFIED WINE  (70-75CL),Drink,Sherry,London,2010,7.1500001
FORTIFIED WINE  (70-75CL),Drink,Sherry,South East,2010,7.79
FORTIFIED WINE  (70-75CL),Drink,Sherry,South West,2010,6.9899998
FORTIFIED WINE  (70-75CL),Drink,Sherry,East Anglia,2010,6.9699998
FORTIFIED WINE  (70-75CL),Drink,Sherry,East Midlands,2010,6.6399999
FORTIFIED WINE  (70-75CL),Drink,Sherry,West Midlands,2010,6
FORTIFIED WINE  (70-75CL),Drink,Sherry,Yorkshire & Humber,2010,6.0999999
FORTIFIED WINE  (70-75CL),Drink,Sherry,North West,2010,7.1500001
FORTIFIED WINE  (70-75CL),Drink,Sherry,North,2010,6.7600002
FORTIFIED WINE  (70-75CL),Drink,Sherry,Wales,2010,6.5649996
FORTIFIED WINE  (70-75CL),Drink,Sherry,Scotland,2010,7.1500001
FORTIFIED WINE  (70-75CL),Drink,Sherry,Northern Ireland,2010,5.8899999
DRAUGHT STOUT PER PINT,Drink,Stout,London,2010,3.05
DRAUGHT STOUT PER PINT,Drink,Stout,South East,2010,3.2
DRAUGHT STOUT PER PINT,Drink,Stout,South West,2010,3.2
DRAUGHT STOUT PER PINT,Drink,Stout,East Anglia,2010,3.3
DRAUGHT STOUT PER PINT,Drink,Stout,East Midlands,2010,3.05
DRAUGHT STOUT PER PINT,Drink,Stout,West Midlands,2010,3
DRAUGHT STOUT PER PINT,Drink,Stout,Yorkshire & Humber,2010,3.05
DRAUGHT STOUT PER PINT,Drink,Stout,North West,2010,2.79
DRAUGHT STOUT PER PINT,Drink,Stout,North,2010,2.8499999
DRAUGHT STOUT PER PINT,Drink,Stout,Wales,2010,2.9200001
DRAUGHT STOUT PER PINT,Drink,Stout,Scotland,2010,2.8
DRAUGHT STOUT PER PINT,Drink,Stout,Northern Ireland,2010,2.9000001
DRAUGHT BITTER (PER PINT),Drink,Bitter,London,2011,2.9000001
DRAUGHT BITTER (PER PINT),Drink,Bitter,South East,2011,3
DRAUGHT BITTER (PER PINT),Drink,Bitter,South West,2011,2.95
DRAUGHT BITTER (PER PINT),Drink,Bitter,East Anglia,2011,2.9000001
DRAUGHT BITTER (PER PINT),Drink,Bitter,East Midlands,2011,2.75
DRAUGHT BITTER (PER PINT),Drink,Bitter,West Midlands,2011,2.5999999
DRAUGHT BITTER (PER PINT),Drink,Bitter,Yorkshire & Humber,2011,2.75
DRAUGHT BITTER (PER PINT),Drink,Bitter,North West,2011,2.3499999
DRAUGHT BITTER (PER PINT),Drink,Bitter,North,2011,2.55
DRAUGHT BITTER (PER PINT),Drink,Bitter,Wales,2011,2.5999999
DRAUGHT BITTER (PER PINT),Drink,Bitter,Scotland,2011,2.7
DRAUGHT BITTER (PER PINT),Drink,Bitter,Northern Ireland,2011,3.0999999
BRANDY-68-70 CL BOTTLE,Drink,Brandy,London,2011,14.99
BRANDY-68-70 CL BOTTLE,Drink,Brandy,South East,2011,17.99
BRANDY-68-70 CL BOTTLE,Drink,Brandy,South West,2011,14.24
BRANDY-68-70 CL BOTTLE,Drink,Brandy,East Anglia,2011,14.190001
BRANDY-68-70 CL BOTTLE,Drink,Brandy,East Midlands,2011,15.29
BRANDY-68-70 CL BOTTLE,Drink,Brandy,West Midlands,2011,14.99
BRANDY-68-70 CL BOTTLE,Drink,Brandy,Yorkshire & Humber,2011,15.99
BRANDY-68-70 CL BOTTLE,Drink,Brandy,North West,2011,13.99
BRANDY-68-70 CL BOTTLE,Drink,Brandy,North,2011,13.99
BRANDY-68-70 CL BOTTLE,Drink,Brandy,Wales,2011,13.99
BRANDY-68-70 CL BOTTLE,Drink,Brandy,Scotland,2011,14.99
BRANDY-68-70 CL BOTTLE,Drink,Brandy,Northern Ireland,2011,21.965
FORTIFIED WINE  (70-75CL),Drink,Sherry,London,2011,7.9899998
FORTIFIED WINE  (70-75CL),Drink,Sherry,South East,2011,8.4899998
FORTIFIED WINE  (70-75CL),Drink,Sherry,South West,2011,8.4200001
FORTIFIED WINE  (70-75CL),Drink,Sherry,East Anglia,2011,7.98
FORTIFIED WINE  (70-75CL),Drink,Sherry,East Midlands,2011,7.5700002
FORTIFIED WINE  (70-75CL),Drink,Sherry,West Midlands,2011,6.4899998
FORTIFIED WINE  (70-75CL),Drink,Sherry,Yorkshire & Humber,2011,7.48
FORTIFIED WINE  (70-75CL),Drink,Sherry,North West,2011,8.3900003
FORTIFIED WINE  (70-75CL),Drink,Sherry,North,2011,7.75
FORTIFIED WINE  (70-75CL),Drink,Sherry,Wales,2011,8.1499996
FORTIFIED WINE  (70-75CL),Drink,Sherry,Scotland,2011,8.4899998
FORTIFIED WINE  (70-75CL),Drink,Sherry,Northern Ireland,2011,6.6999998
DRAUGHT STOUT PER PINT,Drink,Stout,London,2011,3.25
DRAUGHT STOUT PER PINT,Drink,Stout,South East,2011,3.4000001
DRAUGHT STOUT PER PINT,Drink,Stout,South West,2011,3.4000001
DRAUGHT STOUT PER PINT,Drink,Stout,East Anglia,2011,3.4000001
DRAUGHT STOUT PER PINT,Drink,Stout,East Midlands,2011,3.2
DRAUGHT STOUT PER PINT,Drink,Stout,West Midlands,2011,3.1500001
DRAUGHT STOUT PER PINT,Drink,Stout,Yorkshire & Humber,2011,3.2
DRAUGHT STOUT PER PINT,Drink,Stout,North West,2011,2.96
DRAUGHT STOUT PER PINT,Drink,Stout,North,2011,3
DRAUGHT STOUT PER PINT,Drink,Stout,Wales,2011,3.0999999
DRAUGHT STOUT PER PINT,Drink,Stout,Scotland,2011,2.95
DRAUGHT STOUT PER PINT,Drink,Stout,Northern Ireland,2011,3
DRAUGHT BITTER (PER PINT),Drink,Bitter,London,2012,3
DRAUGHT BITTER (PER PINT),Drink,Bitter,South East,2012,3.0999999
DRAUGHT BITTER (PER PINT),Drink,Bitter,South West,2012,3.0999999
DRAUGHT BITTER (PER PINT),Drink,Bitter,East Anglia,2012,2.8499999
DRAUGHT BITTER (PER PINT),Drink,Bitter,East Midlands,2012,2.9000001
DRAUGHT BITTER (PER PINT),Drink,Bitter,West Midlands,2012,2.6500001
DRAUGHT BITTER (PER PINT),Drink,Bitter,Yorkshire & Humber,2012,2.9000001
DRAUGHT BITTER (PER PINT),Drink,Bitter,North West,2012,2.25
DRAUGHT BITTER (PER PINT),Drink,Bitter,North,2012,2.6500001
DRAUGHT BITTER (PER PINT),Drink,Bitter,Wales,2012,2.75
DRAUGHT BITTER (PER PINT),Drink,Bitter,Scotland,2012,2.8
DRAUGHT BITTER (PER PINT),Drink,Bitter,Northern Ireland,2012,3.2
BRANDY-68-70 CL BOTTLE,Drink,Brandy,London,2012,15.29
BRANDY-68-70 CL BOTTLE,Drink,Brandy,South East,2012,17.99
BRANDY-68-70 CL BOTTLE,Drink,Brandy,South West,2012,15.5
BRANDY-68-70 CL BOTTLE,Drink,Brandy,East Anglia,2012,14.79
BRANDY-68-70 CL BOTTLE,Drink,Brandy,East Midlands,2012,16.889999
BRANDY-68-70 CL BOTTLE,Drink,Brandy,West Midlands,2012,15.47
BRANDY-68-70 CL BOTTLE,Drink,Brandy,Yorkshire & Humber,2012,15.99
BRANDY-68-70 CL BOTTLE,Drink,Brandy,North West,2012,14.79
BRANDY-68-70 CL BOTTLE,Drink,Brandy,North,2012,16.119999
BRANDY-68-70 CL BOTTLE,Drink,Brandy,Wales,2012,14.79
BRANDY-68-70 CL BOTTLE,Drink,Brandy,Scotland,2012,15.49
BRANDY-68-70 CL BOTTLE,Drink,Brandy,Northern Ireland,2012,23.15
FORTIFIED WINE  (70-75CL),Drink,Sherry,London,2012,8.9700003
FORTIFIED WINE  (70-75CL),Drink,Sherry,South East,2012,8.9899998
FORTIFIED WINE  (70-75CL),Drink,Sherry,South West,2012,8.9899998
FORTIFIED WINE  (70-75CL),Drink,Sherry,East Anglia,2012,8.7700005
FORTIFIED WINE  (70-75CL),Drink,Sherry,East Midlands,2012,8.4899998
FORTIFIED WINE  (70-75CL),Drink,Sherry,West Midlands,2012,7.4899998
FORTIFIED WINE  (70-75CL),Drink,Sherry,Yorkshire & Humber,2012,7.9899998
FORTIFIED WINE  (70-75CL),Drink,Sherry,North West,2012,9
FORTIFIED WINE  (70-75CL),Drink,Sherry,North,2012,8.5349998
FORTIFIED WINE  (70-75CL),Drink,Sherry,Wales,2012,8.6899996
FORTIFIED WINE  (70-75CL),Drink,Sherry,Scotland,2012,8.6499996
FORTIFIED WINE  (70-75CL),Drink,Sherry,Northern Ireland,2012,7.5
DRAUGHT STOUT PER PINT,Drink,Stout,London,2012,3.4000001
DRAUGHT STOUT PER PINT,Drink,Stout,South East,2012,3.5999999
DRAUGHT STOUT PER PINT,Drink,Stout,South West,2012,3.55
DRAUGHT STOUT PER PINT,Drink,Stout,East Anglia,2012,3.5
DRAUGHT STOUT PER PINT,Drink,Stout,East Midlands,2012,3.3499999
DRAUGHT STOUT PER PINT,Drink,Stout,West Midlands,2012,3.25
DRAUGHT STOUT PER PINT,Drink,Stout,Yorkshire & Humber,2012,3.3
DRAUGHT STOUT PER PINT,Drink,Stout,North West,2012,3.05
DRAUGHT STOUT PER PINT,Drink,Stout,North,2012,3.1500001
DRAUGHT STOUT PER PINT,Drink,Stout,Wales,2012,3.2
DRAUGHT STOUT PER PINT,Drink,Stout,Scotland,2012,3.0999999
DRAUGHT STOUT PER PINT,Drink,Stout,Northern Ireland,2012,3.2
DRAUGHT BITTER (PER PINT),Drink,Bitter,London,2013,3.1500001
DRAUGHT BITTER (PER PINT),Drink,Bitter,South East,2013,3.1750002
DRAUGHT BITTER (PER PINT),Drink,Bitter,South West,2013,3.2
DRAUGHT BITTER (PER PINT),Drink,Bitter,East Anglia,2013,3
DRAUGHT BITTER (PER PINT),Drink,Bitter,East Midlands,2013,3
DRAUGHT BITTER (PER PINT),Drink,Bitter,West Midlands,2013,2.7
DRAUGHT BITTER (PER PINT),Drink,Bitter,Yorkshire & Humber,2013,2.95
DRAUGHT BITTER (PER PINT),Drink,Bitter,North West,2013,2.45
DRAUGHT BITTER (PER PINT),Drink,Bitter,North,2013,2.75
DRAUGHT BITTER (PER PINT),Drink,Bitter,Wales,2013,2.8
DRAUGHT BITTER (PER PINT),Drink,Bitter,Scotland,2013,2.8499999
DRAUGHT BITTER (PER PINT),Drink,Bitter,Northern Ireland,2013,3
BRANDY-68-70 CL BOTTLE,Drink,Brandy,London,2013,16.5
BRANDY-68-70 CL BOTTLE,Drink,Brandy,South East,2013,17.99
BRANDY-68-70 CL BOTTLE,Drink,Brandy,South West,2013,18.09
BRANDY-68-70 CL BOTTLE,Drink,Brandy,East Anglia,2013,15.190001
BRANDY-68-70 CL BOTTLE,Drink,Brandy,East Midlands,2013,18.99
BRANDY-68-70 CL BOTTLE,Drink,Brandy,West Midlands,2013,13.99
BRANDY-68-70 CL BOTTLE,Drink,Brandy,Yorkshire & Humber,2013,15.62
BRANDY-68-70 CL BOTTLE,Drink,Brandy,North West,2013,14.79
BRANDY-68-70 CL BOTTLE,Drink,Brandy,North,2013,15.29
BRANDY-68-70 CL BOTTLE,Drink,Brandy,Wales,2013,15.29
BRANDY-68-70 CL BOTTLE,Drink,Brandy,Scotland,2013,20
BRANDY-68-70 CL BOTTLE,Drink,Brandy,Northern Ireland,2013,23.5
FORTIFIED WINE  (70-75CL),Drink,Sherry,London,2013,9.75
FORTIFIED WINE  (70-75CL),Drink,Sherry,South East,2013,10
FORTIFIED WINE  (70-75CL),Drink,Sherry,South West,2013,9.9899998
FORTIFIED WINE  (70-75CL),Drink,Sherry,East Anglia,2013,9.3000002
FORTIFIED WINE  (70-75CL),Drink,Sherry,East Midlands,2013,9
FORTIFIED WINE  (70-75CL),Drink,Sherry,West Midlands,2013,7.79
FORTIFIED WINE  (70-75CL),Drink,Sherry,Yorkshire & Humber,2013,7.9899998
FORTIFIED WINE  (70-75CL),Drink,Sherry,North West,2013,9.75
FORTIFIED WINE  (70-75CL),Drink,Sherry,North,2013,9
FORTIFIED WINE  (70-75CL),Drink,Sherry,Wales,2013,9.5
FORTIFIED WINE  (70-75CL),Drink,Sherry,Scotland,2013,9.3500004
FORTIFIED WINE  (70-75CL),Drink,Sherry,Northern Ireland,2013,8.5
DRAUGHT STOUT PER PINT,Drink,Stout,London,2013,3.54
DRAUGHT STOUT PER PINT,Drink,Stout,South East,2013,3.7
DRAUGHT STOUT PER PINT,Drink,Stout,South West,2013,3.5999999
DRAUGHT STOUT PER PINT,Drink,Stout,East Anglia,2013,3.5999999
DRAUGHT STOUT PER PINT,Drink,Stout,East Midlands,2013,3.4000001
DRAUGHT STOUT PER PINT,Drink,Stout,West Midlands,2013,3.29
DRAUGHT STOUT PER PINT,Drink,Stout,Yorkshire & Humber,2013,3.3499999
DRAUGHT STOUT PER PINT,Drink,Stout,North West,2013,3.2
DRAUGHT STOUT PER PINT,Drink,Stout,North,2013,3.2
DRAUGHT STOUT PER PINT,Drink,Stout,Wales,2013,3.3
DRAUGHT STOUT PER PINT,Drink,Stout,Scotland,2013,3.2
DRAUGHT STOUT PER PINT,Drink,Stout,Northern Ireland,2013,3.2
DRAUGHT BITTER (PER PINT),Drink,Bitter,London,2014,3.3399999
DRAUGHT BITTER (PER PINT),Drink,Bitter,South East,2014,3.3
DRAUGHT BITTER (PER PINT),Drink,Bitter,South West,2014,3.25
DRAUGHT BITTER (PER PINT),Drink,Bitter,East Anglia,2014,3
DRAUGHT BITTER (PER PINT),Drink,Bitter,East Midlands,2014,3
DRAUGHT BITTER (PER PINT),Drink,Bitter,West Midlands,2014,2.7
DRAUGHT BITTER (PER PINT),Drink,Bitter,Yorkshire & Humber,2014,2.95
DRAUGHT BITTER (PER PINT),Drink,Bitter,North West,2014,2.4000001
DRAUGHT BITTER (PER PINT),Drink,Bitter,North,2014,2.7
DRAUGHT BITTER (PER PINT),Drink,Bitter,Wales,2014,2.8499999
DRAUGHT BITTER (PER PINT),Drink,Bitter,Scotland,2014,2.95
DRAUGHT BITTER (PER PINT),Drink,Bitter,Northern Ireland,2014,3.25
BRANDY-68-70 CL BOTTLE,Drink,Brandy,London,2014,16.99
BRANDY-68-70 CL BOTTLE,Drink,Brandy,South East,2014,18.790001
BRANDY-68-70 CL BOTTLE,Drink,Brandy,South West,2014,19.25
BRANDY-68-70 CL BOTTLE,Drink,Brandy,East Anglia,2014,15
BRANDY-68-70 CL BOTTLE,Drink,Brandy,East Midlands,2014,18.49
BRANDY-68-70 CL BOTTLE,Drink,Brandy,West Midlands,2014,13.5
BRANDY-68-70 CL BOTTLE,Drink,Brandy,Yorkshire & Humber,2014,14.5
BRANDY-68-70 CL BOTTLE,Drink,Brandy,North West,2014,15
BRANDY-68-70 CL BOTTLE,Drink,Brandy,North,2014,15.29
BRANDY-68-70 CL BOTTLE,Drink,Brandy,Wales,2014,15
BRANDY-68-70 CL BOTTLE,Drink,Brandy,Scotland,2014,20
BRANDY-68-70 CL BOTTLE,Drink,Brandy,Northern Ireland,2014,15.29
FORTIFIED WINE  (70-75CL),Drink,Sherry,London,2014,9.4949999
FORTIFIED WINE  (70-75CL),Drink,Sherry,South East,2014,9.4899998
FORTIFIED WINE  (70-75CL),Drink,Sherry,South West,2014,9.75
FORTIFIED WINE  (70-75CL),Drink,Sherry,East Anglia,2014,9
FORTIFIED WINE  (70-75CL),Drink,Sherry,East Midlands,2014,9
FORTIFIED WINE  (70-75CL),Drink,Sherry,West Midlands,2014,8
FORTIFIED WINE  (70-75CL),Drink,Sherry,Yorkshire & Humber,2014,7.5
FORTIFIED WINE  (70-75CL),Drink,Sherry,North West,2014,9.75
FORTIFIED WINE  (70-75CL),Drink,Sherry,North,2014,9
FORTIFIED WINE  (70-75CL),Drink,Sherry,Wales,2014,9
FORTIFIED WINE  (70-75CL),Drink,Sherry,Scotland,2014,9
FORTIFIED WINE  (70-75CL),Drink,Sherry,Northern Ireland,2014,8.5
DRAUGHT STOUT PER PINT,Drink,Stout,London,2014,3.7
DRAUGHT STOUT PER PINT,Drink,Stout,South East,2014,3.8
DRAUGHT STOUT PER PINT,Drink,Stout,South West,2014,3.6500001
DRAUGHT STOUT PER PINT,Drink,Stout,East Anglia,2014,3.5899999
DRAUGHT STOUT PER PINT,Drink,Stout,East Midlands,2014,3.5
DRAUGHT STOUT PER PINT,Drink,Stout,West Midlands,2014,3.29
DRAUGHT STOUT PER PINT,Drink,Stout,Yorkshire & Humber,2014,3.4300001
DRAUGHT STOUT PER PINT,Drink,Stout,North West,2014,3.1900001
DRAUGHT STOUT PER PINT,Drink,Stout,North,2014,3.29
DRAUGHT STOUT PER PINT,Drink,Stout,Wales,2014,3.4000001
DRAUGHT STOUT PER PINT,Drink,Stout,Scotland,2014,3.25
DRAUGHT STOUT PER PINT,Drink,Stout,Northern Ireland,2014,3.2
DRAUGHT BITTER (PER PINT),Drink,Bitter,London,2015,3.5
DRAUGHT BITTER (PER PINT),Drink,Bitter,South East,2015,3.5
DRAUGHT BITTER (PER PINT),Drink,Bitter,South West,2015,3.4000001
DRAUGHT BITTER (PER PINT),Drink,Bitter,East Anglia,2015,3.0999999
DRAUGHT BITTER (PER PINT),Drink,Bitter,East Midlands,2015,3
DRAUGHT BITTER (PER PINT),Drink,Bitter,West Midlands,2015,2.7
DRAUGHT BITTER (PER PINT),Drink,Bitter,Yorkshire & Humber,2015,2.95
DRAUGHT BITTER (PER PINT),Drink,Bitter,North West,2015,2.45
DRAUGHT BITTER (PER PINT),Drink,Bitter,North,2015,2.7
DRAUGHT BITTER (PER PINT),Drink,Bitter,Wales,2015,3
DRAUGHT BITTER (PER PINT),Drink,Bitter,Scotland,2015,3
DRAUGHT BITTER (PER PINT),Drink,Bitter,Northern Ireland,2015,3.5
BRANDY-68-70 CL BOTTLE,Drink,Brandy,London,2015,17
BRANDY-68-70 CL BOTTLE,Drink,Brandy,South East,2015,16.99
BRANDY-68-70 CL BOTTLE,Drink,Brandy,South West,2015,18.49
BRANDY-68-70 CL BOTTLE,Drink,Brandy,East Anglia,2015,15
BRANDY-68-70 CL BOTTLE,Drink,Brandy,East Midlands,2015,17.744999
BRANDY-68-70 CL BOTTLE,Drink,Brandy,West Midlands,2015,15.99
BRANDY-68-70 CL BOTTLE,Drink,Brandy,Yorkshire & Humber,2015,17.99
BRANDY-68-70 CL BOTTLE,Drink,Brandy,North West,2015,15
BRANDY-68-70 CL BOTTLE,Drink,Brandy,North,2015,18.49
BRANDY-68-70 CL BOTTLE,Drink,Brandy,Wales,2015,15
BRANDY-68-70 CL BOTTLE,Drink,Brandy,Scotland,2015,20
BRANDY-68-70 CL BOTTLE,Drink,Brandy,Northern Ireland,2015,15
FORTIFIED WINE  (70-75CL),Drink,Sherry,London,2015,9.9899998
FORTIFIED WINE  (70-75CL),Drink,Sherry,South East,2015,9.9200001
FORTIFIED WINE  (70-75CL),Drink,Sherry,South West,2015,9.9899998
FORTIFIED WINE  (70-75CL),Drink,Sherry,East Anglia,2015,9
FORTIFIED WINE  (70-75CL),Drink,Sherry,East Midlands,2015,9
FORTIFIED WINE  (70-75CL),Drink,Sherry,West Midlands,2015,8
FORTIFIED WINE  (70-75CL),Drink,Sherry,Yorkshire & Humber,2015,7.5
FORTIFIED WINE  (70-75CL),Drink,Sherry,North West,2015,9.4899998
FORTIFIED WINE  (70-75CL),Drink,Sherry,North,2015,9
FORTIFIED WINE  (70-75CL),Drink,Sherry,Wales,2015,9
FORTIFIED WINE  (70-75CL),Drink,Sherry,Scotland,2015,9
FORTIFIED WINE  (70-75CL),Drink,Sherry,Northern Ireland,2015,9
DRAUGHT STOUT PER PINT,Drink,Stout,London,2015,3.9000001
DRAUGHT STOUT PER PINT,Drink,Stout,South East,2015,3.9000001
DRAUGHT STOUT PER PINT,Drink,Stout,South West,2015,3.7
DRAUGHT STOUT PER PINT,Drink,Stout,East Anglia,2015,3.7
DRAUGHT STOUT PER PINT,Drink,Stout,East Midlands,2015,3.5
DRAUGHT STOUT PER PINT,Drink,Stout,West Midlands,2015,3.3499999
DRAUGHT STOUT PER PINT,Drink,Stout,Yorkshire & Humber,2015,3.5
DRAUGHT STOUT PER PINT,Drink,Stout,North West,2015,3.2
DRAUGHT STOUT PER PINT,Drink,Stout,North,2015,3.3
DRAUGHT STOUT PER PINT,Drink,Stout,Wales,2015,3.45
DRAUGHT STOUT PER PINT,Drink,Stout,Scotland,2015,3.3
DRAUGHT STOUT PER PINT,Drink,Stout,Northern Ireland,2015,3.3
DRAUGHT BITTER (PER PINT),Drink,Bitter,London,2016,3.5999999
DRAUGHT BITTER (PER PINT),Drink,Bitter,South East,2016,3.5
DRAUGHT BITTER (PER PINT),Drink,Bitter,South West,2016,3.3
DRAUGHT BITTER (PER PINT),Drink,Bitter,East Anglia,2016,3.2
DRAUGHT BITTER (PER PINT),Drink,Bitter,East Midlands,2016,3.0999999
DRAUGHT BITTER (PER PINT),Drink,Bitter,West Midlands,2016,2.7
DRAUGHT BITTER (PER PINT),Drink,Bitter,Yorkshire & Humber,2016,2.9000001
DRAUGHT BITTER (PER PINT),Drink,Bitter,North West,2016,2.5999999
DRAUGHT BITTER (PER PINT),Drink,Bitter,North,2016,2.7
DRAUGHT BITTER (PER PINT),Drink,Bitter,Wales,2016,3
DRAUGHT BITTER (PER PINT),Drink,Bitter,Scotland,2016,3.05
DRAUGHT BITTER (PER PINT),Drink,Bitter,Northern Ireland,2016,3.5999999
BRANDY-68-70 CL BOTTLE,Drink,Brandy,London,2016,17.99
BRANDY-68-70 CL BOTTLE,Drink,Brandy,South East,2016,18.99
BRANDY-68-70 CL BOTTLE,Drink,Brandy,South West,2016,18.49
BRANDY-68-70 CL BOTTLE,Drink,Brandy,East Anglia,2016,15
BRANDY-68-70 CL BOTTLE,Drink,Brandy,East Midlands,2016,17
BRANDY-68-70 CL BOTTLE,Drink,Brandy,West Midlands,2016,17
BRANDY-68-70 CL BOTTLE,Drink,Brandy,Yorkshire & Humber,2016,17.99
BRANDY-68-70 CL BOTTLE,Drink,Brandy,North West,2016,15
BRANDY-68-70 CL BOTTLE,Drink,Brandy,North,2016,18.49
BRANDY-68-70 CL BOTTLE,Drink,Brandy,Wales,2016,15
BRANDY-68-70 CL BOTTLE,Drink,Brandy,Scotland,2016,20
BRANDY-68-70 CL BOTTLE,Drink,Brandy,Northern Ireland,2016,15
FORTIFIED WINE  (70-75CL),Drink,Sherry,London,2016,9.9899998
FORTIFIED WINE  (70-75CL),Drink,Sherry,South East,2016,9.9899998
FORTIFIED WINE  (70-75CL),Drink,Sherry,South West,2016,9.4949999
FORTIFIED WINE  (70-75CL),Drink,Sherry,East Anglia,2016,8.5
FORTIFIED WINE  (70-75CL),Drink,Sherry,East Midlands,2016,8.9899998
FORTIFIED WINE  (70-75CL),Drink,Sherry,West Midlands,2016,8.5
FORTIFIED WINE  (70-75CL),Drink,Sherry,Yorkshire & Humber,2016,7.5
FORTIFIED WINE  (70-75CL),Drink,Sherry,North West,2016,9
FORTIFIED WINE  (70-75CL),Drink,Sherry,North,2016,8
FORTIFIED WINE  (70-75CL),Drink,Sherry,Wales,2016,8.9899998
FORTIFIED WINE  (70-75CL),Drink,Sherry,Scotland,2016,8
FORTIFIED WINE  (70-75CL),Drink,Sherry,Northern Ireland,2016,8.5
DRAUGHT STOUT PER PINT,Drink,Stout,London,2016,4
DRAUGHT STOUT PER PINT,Drink,Stout,South East,2016,3.8499999
DRAUGHT STOUT PER PINT,Drink,Stout,South West,2016,3.8
DRAUGHT STOUT PER PINT,Drink,Stout,East Anglia,2016,3.75
DRAUGHT STOUT PER PINT,Drink,Stout,East Midlands,2016,3.5
DRAUGHT STOUT PER PINT,Drink,Stout,West Midlands,2016,3.3499999
DRAUGHT STOUT PER PINT,Drink,Stout,Yorkshire & Humber,2016,3.5
DRAUGHT STOUT PER PINT,Drink,Stout,North West,2016,3.3
DRAUGHT STOUT PER PINT,Drink,Stout,North,2016,3.2
DRAUGHT STOUT PER PINT,Drink,Stout,Wales,2016,3.5
DRAUGHT STOUT PER PINT,Drink,Stout,Scotland,2016,3.3499999
DRAUGHT STOUT PER PINT,Drink,Stout,Northern Ireland,2016,3.4000001
DRAUGHT BITTER (PER PINT),Drink,Bitter,London,2017,3.5999999
DRAUGHT BITTER (PER PINT),Drink,Bitter,South East,2017,3.4100001
DRAUGHT BITTER (PER PINT),Drink,Bitter,South West,2017,3.5999999
DRAUGHT BITTER (PER PINT),Drink,Bitter,East Anglia,2017,3.2
DRAUGHT BITTER (PER PINT),Drink,Bitter,East Midlands,2017,3.0999999
DRAUGHT BITTER (PER PINT),Drink,Bitter,West Midlands,2017,2.7
DRAUGHT BITTER (PER PINT),Drink,Bitter,Yorkshire & Humber,2017,2.9000001
DRAUGHT BITTER (PER PINT),Drink,Bitter,North West,2017,2.55
DRAUGHT BITTER (PER PINT),Drink,Bitter,North,2017,2.5
DRAUGHT BITTER (PER PINT),Drink,Bitter,Wales,2017,3
DRAUGHT BITTER (PER PINT),Drink,Bitter,Scotland,2017,3.05
DRAUGHT BITTER (PER PINT),Drink,Bitter,Northern Ireland,2017,3.5999999
BRANDY-68-70 CL BOTTLE,Drink,Brandy,London,2017,18
BRANDY-68-70 CL BOTTLE,Drink,Brandy,South East,2017,17.49
BRANDY-68-70 CL BOTTLE,Drink,Brandy,South West,2017,18.74
BRANDY-68-70 CL BOTTLE,Drink,Brandy,East Anglia,2017,20
BRANDY-68-70 CL BOTTLE,Drink,Brandy,East Midlands,2017,16
BRANDY-68-70 CL BOTTLE,Drink,Brandy,West Midlands,2017,17.5
BRANDY-68-70 CL BOTTLE,Drink,Brandy,Yorkshire & Humber,2017,17.99
BRANDY-68-70 CL BOTTLE,Drink,Brandy,North West,2017,13.99
BRANDY-68-70 CL BOTTLE,Drink,Brandy,North,2017,18.99
BRANDY-68-70 CL BOTTLE,Drink,Brandy,Wales,2017,15.5
BRANDY-68-70 CL BOTTLE,Drink,Brandy,Scotland,2017,20
BRANDY-68-70 CL BOTTLE,Drink,Brandy,Northern Ireland,2017,15
FORTIFIED WINE  (70-75CL),Drink,Sherry,London,2017,9.9899998
FORTIFIED WINE  (70-75CL),Drink,Sherry,South East,2017,9.9899998
FORTIFIED WINE  (70-75CL),Drink,Sherry,South West,2017,9.9899998
FORTIFIED WINE  (70-75CL),Drink,Sherry,East Anglia,2017,9
FORTIFIED WINE  (70-75CL),Drink,Sherry,East Midlands,2017,9.0949993
FORTIFIED WINE  (70-75CL),Drink,Sherry,West Midlands,2017,8.9899998
FORTIFIED WINE  (70-75CL),Drink,Sherry,Yorkshire & Humber,2017,8
FORTIFIED WINE  (70-75CL),Drink,Sherry,North West,2017,9.1899996
FORTIFIED WINE  (70-75CL),Drink,Sherry,North,2017,8.5
FORTIFIED WINE  (70-75CL),Drink,Sherry,Wales,2017,9
FORTIFIED WINE  (70-75CL),Drink,Sherry,Scotland,2017,9.0949993
FORTIFIED WINE  (70-75CL),Drink,Sherry,Northern Ireland,2017,8.5
DRAUGHT STOUT PER PINT,Drink,Stout,London,2017,4.0999999
DRAUGHT STOUT PER PINT,Drink,Stout,South East,2017,4
DRAUGHT STOUT PER PINT,Drink,Stout,South West,2017,4
DRAUGHT STOUT PER PINT,Drink,Stout,East Anglia,2017,3.8499999
DRAUGHT STOUT PER PINT,Drink,Stout,East Midlands,2017,3.5999999
DRAUGHT STOUT PER PINT,Drink,Stout,West Midlands,2017,3.45
DRAUGHT STOUT PER PINT,Drink,Stout,Yorkshire & Humber,2017,3.55
DRAUGHT STOUT PER PINT,Drink,Stout,North West,2017,3.3499999
DRAUGHT STOUT PER PINT,Drink,Stout,North,2017,3.1500001
DRAUGHT STOUT PER PINT,Drink,Stout,Wales,2017,3.45
DRAUGHT STOUT PER PINT,Drink,Stout,Scotland,2017,3.5
DRAUGHT STOUT PER PINT,Drink,Stout,Northern Ireland,2017,3.5
DRAUGHT BITTER (PER PINT),Drink,Bitter,London,2018,3.49
DRAUGHT BITTER (PER PINT),Drink,Bitter,South East,2018,3.5
DRAUGHT BITTER (PER PINT),Drink,Bitter,South West,2018,3.5
DRAUGHT BITTER (PER PINT),Drink,Bitter,East Anglia,2018,3.3
DRAUGHT BITTER (PER PINT),Drink,Bitter,East Midlands,2018,2.9000001
DRAUGHT BITTER (PER PINT),Drink,Bitter,West Midlands,2018,2.9000001
DRAUGHT BITTER (PER PINT),Drink,Bitter,Yorkshire & Humber,2018,2.9000001
DRAUGHT BITTER (PER PINT),Drink,Bitter,North West,2018,2.49
DRAUGHT BITTER (PER PINT),Drink,Bitter,North,2018,2.5999999
DRAUGHT BITTER (PER PINT),Drink,Bitter,Wales,2018,3
DRAUGHT BITTER (PER PINT),Drink,Bitter,Scotland,2018,2.99
DRAUGHT BITTER (PER PINT),Drink,Bitter,Northern Ireland,2018,3.5
BRANDY-68-70 CL BOTTLE,Drink,Brandy,London,2018,20
BRANDY-68-70 CL BOTTLE,Drink,Brandy,South East,2018,19.790001
BRANDY-68-70 CL BOTTLE,Drink,Brandy,South West,2018,17.5
BRANDY-68-70 CL BOTTLE,Drink,Brandy,East Anglia,2018,20
BRANDY-68-70 CL BOTTLE,Drink,Brandy,East Midlands,2018,17.5
BRANDY-68-70 CL BOTTLE,Drink,Brandy,West Midlands,2018,17.5
BRANDY-68-70 CL BOTTLE,Drink,Brandy,Yorkshire & Humber,2018,16.49
BRANDY-68-70 CL BOTTLE,Drink,Brandy,North West,2018,15
BRANDY-68-70 CL BOTTLE,Drink,Brandy,North,2018,17.25
BRANDY-68-70 CL BOTTLE,Drink,Brandy,Wales,2018,16
BRANDY-68-70 CL BOTTLE,Drink,Brandy,Scotland,2018,20
BRANDY-68-70 CL BOTTLE,Drink,Brandy,Northern Ireland,2018,16
FORTIFIED WINE  (70-75CL),Drink,Sherry,London,2018,10
FORTIFIED WINE  (70-75CL),Drink,Sherry,South East,2018,10
FORTIFIED WINE  (70-75CL),Drink,Sherry,South West,2018,9.9899998
FORTIFIED WINE  (70-75CL),Drink,Sherry,East Anglia,2018,9.6899996
FORTIFIED WINE  (70-75CL),Drink,Sherry,East Midlands,2018,9.9899998
FORTIFIED WINE  (70-75CL),Drink,Sherry,West Midlands,2018,9.29
FORTIFIED WINE  (70-75CL),Drink,Sherry,Yorkshire & Humber,2018,8.3449993
FORTIFIED WINE  (70-75CL),Drink,Sherry,North West,2018,9.8400002
FORTIFIED WINE  (70-75CL),Drink,Sherry,North,2018,10
FORTIFIED WINE  (70-75CL),Drink,Sherry,Wales,2018,9.9899998
FORTIFIED WINE  (70-75CL),Drink,Sherry,Scotland,2018,9.9899998
FORTIFIED WINE  (70-75CL),Drink,Sherry,Northern Ireland,2018,8.5
DRAUGHT STOUT PER PINT,Drink,Stout,London,2018,4.1999998
DRAUGHT STOUT PER PINT,Drink,Stout,South East,2018,4.0999999
DRAUGHT STOUT PER PINT,Drink,Stout,South West,2018,4
DRAUGHT STOUT PER PINT,Drink,Stout,East Anglia,2018,4
DRAUGHT STOUT PER PINT,Drink,Stout,East Midlands,2018,3.5999999
DRAUGHT STOUT PER PINT,Drink,Stout,West Midlands,2018,3.5999999
DRAUGHT STOUT PER PINT,Drink,Stout,Yorkshire & Humber,2018,3.4000001
DRAUGHT STOUT PER PINT,Drink,Stout,North West,2018,3.4000001
DRAUGHT STOUT PER PINT,Drink,Stout,North,2018,3.3
DRAUGHT STOUT PER PINT,Drink,Stout,Wales,2018,3.5749998
DRAUGHT STOUT PER PINT,Drink,Stout,Scotland,2018,3.5
DRAUGHT STOUT PER PINT,Drink,Stout,Northern Ireland,2018,3.7
DRAUGHT BITTER (PER PINT),Drink,Bitter,London,2019,3.49
DRAUGHT BITTER (PER PINT),Drink,Bitter,South East,2019,3.5999999
DRAUGHT BITTER (PER PINT),Drink,Bitter,South West,2019,3.5
DRAUGHT BITTER (PER PINT),Drink,Bitter,East Anglia,2019,3.4000001
DRAUGHT BITTER (PER PINT),Drink,Bitter,East Midlands,2019,3.2
DRAUGHT BITTER (PER PINT),Drink,Bitter,West Midlands,2019,3
DRAUGHT BITTER (PER PINT),Drink,Bitter,Yorkshire & Humber,2019,2.7
DRAUGHT BITTER (PER PINT),Drink,Bitter,North West,2019,2.3900001
DRAUGHT BITTER (PER PINT),Drink,Bitter,North,2019,2.8499999
DRAUGHT BITTER (PER PINT),Drink,Bitter,Wales,2019,2.9000001
DRAUGHT BITTER (PER PINT),Drink,Bitter,Scotland,2019,2.8
DRAUGHT BITTER (PER PINT),Drink,Bitter,Northern Ireland,2019,3.7
BRANDY-68-70 CL BOTTLE,Drink,Brandy,London,2019,19.25
BRANDY-68-70 CL BOTTLE,Drink,Brandy,South East,2019,19.25
BRANDY-68-70 CL BOTTLE,Drink,Brandy,South West,2019,17.5
BRANDY-68-70 CL BOTTLE,Drink,Brandy,East Anglia,2019,13.05
BRANDY-68-70 CL BOTTLE,Drink,Brandy,East Midlands,2019,18
BRANDY-68-70 CL BOTTLE,Drink,Brandy,West Midlands,2019,14
BRANDY-68-70 CL BOTTLE,Drink,Brandy,Yorkshire & Humber,2019,19.25
BRANDY-68-70 CL BOTTLE,Drink,Brandy,North West,2019,16
BRANDY-68-70 CL BOTTLE,Drink,Brandy,North,2019,16
BRANDY-68-70 CL BOTTLE,Drink,Brandy,Wales,2019,16
BRANDY-68-70 CL BOTTLE,Drink,Brandy,Scotland,2019,24
BRANDY-68-70 CL BOTTLE,Drink,Brandy,Northern Ireland,2019,16
FORTIFIED WINE  (70-75CL),Drink,Sherry,London,2019,10
FORTIFIED WINE  (70-75CL),Drink,Sherry,South East,2019,10.25
FORTIFIED WINE  (70-75CL),Drink,Sherry,South West,2019,10
FORTIFIED WINE  (70-75CL),Drink,Sherry,East Anglia,2019,9.9899998
FORTIFIED WINE  (70-75CL),Drink,Sherry,East Midlands,2019,10
FORTIFIED WINE  (70-75CL),Drink,Sherry,West Midlands,2019,9.9899998
FORTIFIED WINE  (70-75CL),Drink,Sherry,Yorkshire & Humber,2019,9.5
FORTIFIED WINE  (70-75CL),Drink,Sherry,North West,2019,9.9899998
FORTIFIED WINE  (70-75CL),Drink,Sherry,North,2019,10
FORTIFIED WINE  (70-75CL),Drink,Sherry,Wales,2019,10.5
FORTIFIED WINE  (70-75CL),Drink,Sherry,Scotland,2019,10
FORTIFIED WINE  (70-75CL),Drink,Sherry,Northern Ireland,2019,9.5
DRAUGHT STOUT PER PINT,Drink,Stout,London,2019,4.1999998
DRAUGHT STOUT PER PINT,Drink,Stout,South East,2019,4.1500001
DRAUGHT STOUT PER PINT,Drink,Stout,South West,2019,4.0999999
DRAUGHT STOUT PER PINT,Drink,Stout,East Anglia,2019,3.9650002
DRAUGHT STOUT PER PINT,Drink,Stout,East Midlands,2019,3.9000001
DRAUGHT STOUT PER PINT,Drink,Stout,West Midlands,2019,3.5999999
DRAUGHT STOUT PER PINT,Drink,Stout,Yorkshire & Humber,2019,3.49
DRAUGHT STOUT PER PINT,Drink,Stout,North West,2019,3.3
DRAUGHT STOUT PER PINT,Drink,Stout,North,2019,3.55
DRAUGHT STOUT PER PINT,Drink,Stout,Wales,2019,3.4000001
DRAUGHT STOUT PER PINT,Drink,Stout,Scotland,2019,3.55
DRAUGHT STOUT PER PINT,Drink,Stout,Northern Ireland,2019,3.9000001
DRAUGHT BITTER (PER PINT),Drink,Bitter,London,2020,4.3000002
DRAUGHT BITTER (PER PINT),Drink,Bitter,South East,2020,3.5999999
DRAUGHT BITTER (PER PINT),Drink,Bitter,South West,2020,3.5999999
DRAUGHT BITTER (PER PINT),Drink,Bitter,East Anglia,2020,3.3
DRAUGHT BITTER (PER PINT),Drink,Bitter,East Midlands,2020,3.3
DRAUGHT BITTER (PER PINT),Drink,Bitter,West Midlands,2020,3.0749998
DRAUGHT BITTER (PER PINT),Drink,Bitter,Yorkshire & Humber,2020,2.7
DRAUGHT BITTER (PER PINT),Drink,Bitter,North West,2020,2.25
DRAUGHT BITTER (PER PINT),Drink,Bitter,North,2020,2.9000001
DRAUGHT BITTER (PER PINT),Drink,Bitter,Wales,2020,2.95
DRAUGHT BITTER (PER PINT),Drink,Bitter,Scotland,2020,2.7950001
DRAUGHT BITTER (PER PINT),Drink,Bitter,Northern Ireland,2020,4
BRANDY-68-70 CL BOTTLE,Drink,Brandy,London,2020,19
BRANDY-68-70 CL BOTTLE,Drink,Brandy,South East,2020,16.75
BRANDY-68-70 CL BOTTLE,Drink,Brandy,South West,2020,17.5
BRANDY-68-70 CL BOTTLE,Drink,Brandy,East Anglia,2020,13.05
BRANDY-68-70 CL BOTTLE,Drink,Brandy,East Midlands,2020,15
BRANDY-68-70 CL BOTTLE,Drink,Brandy,West Midlands,2020,15
BRANDY-68-70 CL BOTTLE,Drink,Brandy,Yorkshire & Humber,2020,19.25
BRANDY-68-70 CL BOTTLE,Drink,Brandy,North West,2020,15.49
BRANDY-68-70 CL BOTTLE,Drink,Brandy,North,2020,18.5
BRANDY-68-70 CL BOTTLE,Drink,Brandy,Wales,2020,16
BRANDY-68-70 CL BOTTLE,Drink,Brandy,Scotland,2020,24.5
BRANDY-68-70 CL BOTTLE,Drink,Brandy,Northern Ireland,2020,26.75
FORTIFIED WINE  (70-75CL),Drink,Sherry,London,2020,11
FORTIFIED WINE  (70-75CL),Drink,Sherry,South East,2020,11
FORTIFIED WINE  (70-75CL),Drink,Sherry,South West,2020,11
FORTIFIED WINE  (70-75CL),Drink,Sherry,East Anglia,2020,9.75
FORTIFIED WINE  (70-75CL),Drink,Sherry,East Midlands,2020,11
FORTIFIED WINE  (70-75CL),Drink,Sherry,West Midlands,2020,10.75
FORTIFIED WINE  (70-75CL),Drink,Sherry,Yorkshire & Humber,2020,10
FORTIFIED WINE  (70-75CL),Drink,Sherry,North West,2020,9.75
FORTIFIED WINE  (70-75CL),Drink,Sherry,North,2020,11
FORTIFIED WINE  (70-75CL),Drink,Sherry,Wales,2020,11
FORTIFIED WINE  (70-75CL),Drink,Sherry,Scotland,2020,10.75
FORTIFIED WINE  (70-75CL),Drink,Sherry,Northern Ireland,2020,9.5
DRAUGHT STOUT PER PINT,Drink,Stout,London,2020,4.4499998
DRAUGHT STOUT PER PINT,Drink,Stout,South East,2020,4.2249999
DRAUGHT STOUT PER PINT,Drink,Stout,South West,2020,4.1999998
DRAUGHT STOUT PER PINT,Drink,Stout,East Anglia,2020,4
DRAUGHT STOUT PER PINT,Drink,Stout,East Midlands,2020,3.9000001
DRAUGHT STOUT PER PINT,Drink,Stout,West Midlands,2020,3.5999999
DRAUGHT STOUT PER PINT,Drink,Stout,Yorkshire & Humber,2020,3.3499999
DRAUGHT STOUT PER PINT,Drink,Stout,North West,2020,3.2
DRAUGHT STOUT PER PINT,Drink,Stout,North,2020,3.5999999
DRAUGHT STOUT PER PINT,Drink,Stout,Wales,2020,3.7
DRAUGHT STOUT PER PINT,Drink,Stout,Scotland,2020,3.6750002
DRAUGHT STOUT PER PINT,Drink,Stout,Northern Ireland,2020,4
