{
    "$schema": "https://vega.github.io/schema/vega-lite/v5.json",
  
    "description": "Unemployment",
  
     "title": {
      "text": "Unemployment",
      "subtitle":"Unemployment rate (aged 16 and over, seasonally adjusted)",
      "subtitleFontStyle":"italic",
      "subtitleFontSize":10,
      "anchor": "start",
      "color": "black"
    },
    
    "data": {
      "url": "https://api.allorigins.win/raw?url=https://api.ons.gov.uk/timeseries/mgsx/dataset/lms/data",
      "format": {"type": "json", "property": "months"}
    },
    "height": 300,
    "width": 345,
    "mark": {
      "type": "line",
      "point": false,
      "interpolate": "monotone",
      "color": "orangered"
    },
    "encoding": {
      "x": {
        "field": "date",
        "type": "temporal",
        "axis": {
          "title": null,
          "grid": false,
          "labelSeparation": 10,
          "ticks": false
        }
      },
      "y": {
        "field": "value",
        "type": "quantitative",
        "title": "",
        "axis": {"grid": false}
      }
    }
  }