{
    "$schema": "https://vega.github.io/schema/vega-lite/v5.json",
  
    "description": "US EIA chart",
    "notes": "Uses the flatten method to deal with data that is in wide, array typed form",
  
    "title": {
      "text": "Renewables - electricity generation",
      "subtitle":"Billion kilowatthours generated. World, Annual. Source: US EIA",
      "subtitleFontStyle":"italic",
      "subtitleFontSize":10,
      "anchor": "start",
      "color": "black"
    },
    
    "data": 
      {
        "url": "https://api.eia.gov/series/?series_id=INTL.29-12-WORL-BKWH.A&api_key=5327972568d11b1a8470e9a968d2c82b&out=json",
        "format":{
          "type":"json",
          "property":"series"}
      },
  
    "transform": [
      {
        "flatten":["data"],
        "as":["dataArray"]
      }
    ],  
    
    "height": 300,
    "width": 300,
    
    "mark": {
      "type": "bar",
      "color": "#86d0bb"
    },
    
    "encoding": {
    
      "x": {
        "field": "dataArray[0]",
        "type": "temporal",
        "axis": {
          "title": null,
          "grid": false,
          "ticks": false
        }
      },
  
      "y": {
        "field": "dataArray[1]",
        "type": "quantitative",
        "title": "",
        "axis": {"grid": false}
      }
    }
  }