{
  "$schema": "https://vega.github.io/schema/vega-lite/v5.json",


  "description": "US EIA chart - coal use in energy generation",
  "notes1": "Uses the flatten method to deal with data that is in wide, array typed form",
  "notes2": "Pulls in multiple series for states using ; between states",


  "title": {
    "text": "Coal use in electricity generation - US states",
    "subtitle":"Short tonnes. California, Connecticut, Maine, Maryland, New York. Source: EIA.",
    "subtitleFontStyle":"italic",
    "subtitleFontSize":10,
    "anchor": "start",
    "color": "black"
  },
  
  "data": 
    {
      "url": "https://api.eia.gov/series/?series_id=COAL.CONS_TOT.CA-98.A;COAL.CONS_TOT.MD-98.A;COAL.CONS_TOT.ME-98.A;COAL.CONS_TOT.CT-98.A;COAL.CONS_TOT.NY-98.A&api_key=5327972568d11b1a8470e9a968d2c82b&out=json",
      "format":{
        "type":"json",
        "property":"series"}
    },


  "transform": [
    {"flatten":["data"], "as":["dataArray"]},
    {"filter": {"selection": "State"}}
  ],

 "selection": {
  "State": {
    "type": "single",
    "fields": ["geography"],
    "bind": {
      "input": "select",
      "options": [
         null,
        "USA-CA",
        "USA-CT",
        "USA-MD",
        "USA-ME",
        "USA-NY"
      ],
      "name": "Choose state"
    }
  }
},


  "height": 290,
  "width": 240,

  "mark": {
    "type": "bar",
    "strokeWidth": 2
  },
  
  "encoding": {
  
    "x": {
      "field": "dataArray[0]",
      "type": "temporal",
      "axis": {
        "title": null,
        "grid": false,
        "ticks": false
      }
    },

    "y": {
      "field": "dataArray[1]",
      "type": "quantitative",
      "title": "",
      "axis": {"grid": false}
    },

    "color":{
      "field":"geography",
      "title":"State",
      "legend":{
        "orient": "top-right"
      },
      "scale":{"scheme":"yellowgreenblue"}
    }
  }
}
