{
  "$schema": "https://vega.github.io/schema/vega-lite/v5.json",
  "description": "Carbon per capita by country",

"title": {
    "text": "CO2 Emissions",
    "subtitle":"Tonnes per capita. Source: Global Carbon Project",
    "subtitleFontStyle":"italic",
    "subtitleFontSize":10,
    "anchor": "start",
    "color": "black"
  },

  "data": {
    "url": "https://raw.githubusercontent.com/RDeconomist/observatory/main/Green_CarbonPerCapita.csv"
  },
  "height": 300,
  "width": 300,
  "mark": "line",
  "encoding": {
    "x": {"field": "Time", "type": "temporal", "title": "", "axis": {"grid": false}},
    "y": {
      "field": "Value",
      "type": "quantitative",
      "title": "",
      "axis": {"grid": false},
      "sort": [],
      "scale": {"domain": [-0.25, 25]}
    },
    "color": {
      "field": "Country",
      "title": null,
      "legend": {"orient": "top-left"},
      "type": "nominal",
      "sort": [],
      "scale": {"scheme": "yellowgreenblue"}
    },
    "tooltip": [
      {"field": "Time", "type": "temporal", "timeUnit": "year", "title": "Year"},
      {"field": "Value", "type": "quantitative", "title": "CO2 per capita (t)"},
      {"field": "Country"}
    ]
  }
}
