{

    "$schema": "https://vega.github.io/schema/vega-lite/v5.json",

 

    "description": "Green Party",

  

  

    "title": {

      "text": "Green Party representation – European Parliament ",

      "subtitle":"% of seats won by election. Source: European Parliament",

      "subtitleFontStyle":"italic",

      "subtitleFontSize":10,

      "anchor": "start",

      "color": "black"

    },

   

    "data":

      {

        "url": "https://raw.githubusercontent.com/RDeconomist/RDeconomist.github.io/main/data/chartENV19.csv"},

 

    

    "height": 300,

    "width": 260,

   

    "mark": {

      "type": "bar",

      "color": "#86d0bb"

    },

   

    "encoding": {

   

      "x": {

        "field": "Time",

        "type": "nominal",

        "sort": "",

        "axis": {

          "title": null,

          "grid": false,

          "ticks": false,

          "labelAngle": 45

         

        }

      },

 

      "y": {

        "field": "Value",

        "type": "quantitative",

        "title": "",

        "axis": {"grid": false}

      },

 

      "tooltip": [

      {"field": "Time", "type": "nominal", "title": "Election"},

      {"field": "", "type": "nominal"},

      {"field": "Value", "type": "quantitative", "title": "Green seats in EU Parliament (%)"}

     

      ]




    }

  }
