{
  "title": {
    "text": "Endangered species",
    "subtitle":"Number of species on 'Red List'. Source: IUCN Summary Statistics",
    "subtitleFontStyle":"italic",
    "subtitleFontSize":10,
    "anchor": "start",
    "color": "black"
  },
"height": 300,
"width": 250,
"data": {
  "url": "https://raw.githubusercontent.com/RDeconomist/RDeconomist.github.io/main/data/chartENV20.csv"
},
"mark": {"type": "bar", "color": "#86d0bb"},

"encoding": {

  "y": {"field": "Type", "sort": "x", "title": ""},
  "x": {"aggregate": "sum", "field": "Value", "title": "Number of threatened species"},

  "color": {
  "field": "Category", 
  "type": "nominal",
  "scale": {
        "range": [
          "#2e6b4f",
          "#4db383",
          "#71c29c",
          "#71c29c",
          "#71c29c",
          "#71c29c",
          "#71c29c",
          "#71c29c",
          ""
        ]
    },
    "legend": {"orient": "top-right"}
  },

  "tooltip": [
    {"field": "Type"},
    {"field": "Value", "title": "Number of threatened species"},
    {"field": "Category"}
  ]
}
  
}