{
  "$schema": "https://vega.github.io/schema/vega-lite/v5.json",

  "description": "Bank Rate",

 "title": {
      "text": "Manufacturing jobs",
      "subtitle":"Employment in Manufacturing. Thousands, SA, (BLS via FRED)",
      "subtitleFontStyle":"italic",
      "subtitleFontSize":10,
      "anchor": "start",
      "color": "black"
    },
  
  "data": {
      "url": "https://raw.githubusercontent.com/RDeconomist/RDeconomist.github.io/main/charts/usa/data_FRED-MANEMP.json",
      "format": {
          "type": "json", 
          "property": "observations"}
    },

  "height": 300,
  "width": 300,

  "encoding": {
    "x": {"field": "date", "type": "temporal", "title":null}},
 
  "layer": [
    {"encoding": {
        "y": {"field": "value", 
              "type": "quantitative", 
              "title":null}},
        
        "layer": [
          {"mark":{
            "type": "line",
            "align": false,
            "interpolate": "step",
            "color": "rgb(0,47,167)"}},
          {"transform": 
            [{"filter": {"selection": "hover"}}], 
               "mark": {
                 "type":"circle",
                 "size":150,
                 "color":"red"}}
      ]
    },
    
    {"mark": "rule", 
      "encoding": {
         "opacity": {
           "condition": {"value": 0, "selection": "hover"},
           "value": 0
             },
          "tooltip": [
          {"field": "date", "type": "temporal", "format": "%b-%Y", "title":"Date"},  
          {"field": "value", "type": "quantitative", "format": ",.0f", "title":"Jobs (k)"}
            ]
           },
      "selection": {
        "hover": {
          "type": "single",
          "fields": ["date"],
          "nearest": true,
          "on": "mouseover",
          "empty": "none",
          "clear": "mouseout"
        }
      }
    }
  ]
}