{
    "realtime_start": "2021-08-25",
    "realtime_end": "2021-08-25",
    "observation_start": "1600-01-01",
    "observation_end": "9999-12-31",
    "units": "lin",
    "output_type": 1,
    "file_type": "json",
    "order_by": "observation_date",
    "sort_order": "asc",
    "count": 298,
    "offset": 0,
    "limit": 100000,
    "observations": [
        {
            "realtime_start": "2021-08-25",
            "realtime_end": "2021-08-25",
            "date": "1947-01-01",
            "value": "14213.0"
        },
        {
            "realtime_start": "2021-08-25",
            "realtime_end": "2021-08-25",
            "date": "1947-04-01",
            "value": "14111.0"
        },
        {
            "realtime_start": "2021-08-25",
            "realtime_end": "2021-08-25",
            "date": "1947-07-01",
            "value": "14018.0"
        },
        {
            "realtime_start": "2021-08-25",
            "realtime_end": "2021-08-25",
            "date": "1947-10-01",
            "value": "14171.0"
        },
        {
            "realtime_start": "2021-08-25",
            "realtime_end": "2021-08-25",
            "date": "1948-01-01",
            "value": "14326.0"
        },
        {
            "realtime_start": "2021-08-25",
            "realtime_end": "2021-08-25",
            "date": "1948-04-01",
            "value": "14505.0"
        },
        {
            "realtime_start": "2021-08-25",
            "realtime_end": "2021-08-25",
            "date": "1948-07-01",
            "value": "14525.0"
        },
        {
            "realtime_start": "2021-08-25",
            "realtime_end": "2021-08-25",
            "date": "1948-10-01",
            "value": "14474.0"
        },
        {
            "realtime_start": "2021-08-25",
            "realtime_end": "2021-08-25",
            "date": "1949-01-01",
            "value": "14212.0"
        },
        {
            "realtime_start": "2021-08-25",
            "realtime_end": "2021-08-25",
            "date": "1949-04-01",
            "value": "14107.0"
        },
        {
            "realtime_start": "2021-08-25",
            "realtime_end": "2021-08-25",
            "date": "1949-07-01",
            "value": "14192.0"
        },
        {
            "realtime_start": "2021-08-25",
            "realtime_end": "2021-08-25",
            "date": "1949-10-01",
            "value": "14009.0"
        },
        {
            "realtime_start": "2021-08-25",
            "realtime_end": "2021-08-25",
            "date": "1950-01-01",
            "value": "14500.0"
        },
        {
            "realtime_start": "2021-08-25",
            "realtime_end": "2021-08-25",
            "date": "1950-04-01",
            "value": "14889.0"
        },
        {
            "realtime_start": "2021-08-25",
            "realtime_end": "2021-08-25",
            "date": "1950-07-01",
            "value": "15398.0"
        },
        {
            "realtime_start": "2021-08-25",
            "realtime_end": "2021-08-25",
            "date": "1950-10-01",
            "value": "15623.0"
        },
        {
            "realtime_start": "2021-08-25",
            "realtime_end": "2021-08-25",
            "date": "1951-01-01",
            "value": "15769.0"
        },
        {
            "realtime_start": "2021-08-25",
            "realtime_end": "2021-08-25",
            "date": "1951-04-01",
            "value": "15979.0"
        },
        {
            "realtime_start": "2021-08-25",
            "realtime_end": "2021-08-25",
            "date": "1951-07-01",
            "value": "16234.0"
        },
        {
            "realtime_start": "2021-08-25",
            "realtime_end": "2021-08-25",
            "date": "1951-10-01",
            "value": "16192.0"
        },
        {
            "realtime_start": "2021-08-25",
            "realtime_end": "2021-08-25",
            "date": "1952-01-01",
            "value": "16299.0"
        },
        {
            "realtime_start": "2021-08-25",
            "realtime_end": "2021-08-25",
            "date": "1952-04-01",
            "value": "16271.0"
        },
        {
            "realtime_start": "2021-08-25",
            "realtime_end": "2021-08-25",
            "date": "1952-07-01",
            "value": "16317.0"
        },
        {
            "realtime_start": "2021-08-25",
            "realtime_end": "2021-08-25",
            "date": "1952-10-01",
            "value": "16776.0"
        },
        {
            "realtime_start": "2021-08-25",
            "realtime_end": "2021-08-25",
            "date": "1953-01-01",
            "value": "17025.0"
        },
        {
            "realtime_start": "2021-08-25",
            "realtime_end": "2021-08-25",
            "date": "1953-04-01",
            "value": "17093.0"
        },
        {
            "realtime_start": "2021-08-25",
            "realtime_end": "2021-08-25",
            "date": "1953-07-01",
            "value": "16920.0"
        },
        {
            "realtime_start": "2021-08-25",
            "realtime_end": "2021-08-25",
            "date": "1953-10-01",
            "value": "16586.0"
        },
        {
            "realtime_start": "2021-08-25",
            "realtime_end": "2021-08-25",
            "date": "1954-01-01",
            "value": "16436.0"
        },
        {
            "realtime_start": "2021-08-25",
            "realtime_end": "2021-08-25",
            "date": "1954-04-01",
            "value": "16387.0"
        },
        {
            "realtime_start": "2021-08-25",
            "realtime_end": "2021-08-25",
            "date": "1954-07-01",
            "value": "16496.0"
        },
        {
            "realtime_start": "2021-08-25",
            "realtime_end": "2021-08-25",
            "date": "1954-10-01",
            "value": "16737.0"
        },
        {
            "realtime_start": "2021-08-25",
            "realtime_end": "2021-08-25",
            "date": "1955-01-01",
            "value": "17144.0"
        },
        {
            "realtime_start": "2021-08-25",
            "realtime_end": "2021-08-25",
            "date": "1955-04-01",
            "value": "17353.0"
        },
        {
            "realtime_start": "2021-08-25",
            "realtime_end": "2021-08-25",
            "date": "1955-07-01",
            "value": "17508.0"
        },
        {
            "realtime_start": "2021-08-25",
            "realtime_end": "2021-08-25",
            "date": "1955-10-01",
            "value": "17528.0"
        },
        {
            "realtime_start": "2021-08-25",
            "realtime_end": "2021-08-25",
            "date": "1956-01-01",
            "value": "17388.0"
        },
        {
            "realtime_start": "2021-08-25",
            "realtime_end": "2021-08-25",
            "date": "1956-04-01",
            "value": "17461.0"
        },
        {
            "realtime_start": "2021-08-25",
            "realtime_end": "2021-08-25",
            "date": "1956-07-01",
            "value": "17364.0"
        },
        {
            "realtime_start": "2021-08-25",
            "realtime_end": "2021-08-25",
            "date": "1956-10-01",
            "value": "17562.0"
        },
        {
            "realtime_start": "2021-08-25",
            "realtime_end": "2021-08-25",
            "date": "1957-01-01",
            "value": "17595.0"
        },
        {
            "realtime_start": "2021-08-25",
            "realtime_end": "2021-08-25",
            "date": "1957-04-01",
            "value": "17485.0"
        },
        {
            "realtime_start": "2021-08-25",
            "realtime_end": "2021-08-25",
            "date": "1957-07-01",
            "value": "17578.0"
        },
        {
            "realtime_start": "2021-08-25",
            "realtime_end": "2021-08-25",
            "date": "1957-10-01",
            "value": "17317.0"
        },
        {
            "realtime_start": "2021-08-25",
            "realtime_end": "2021-08-25",
            "date": "1958-01-01",
            "value": "16805.0"
        },
        {
            "realtime_start": "2021-08-25",
            "realtime_end": "2021-08-25",
            "date": "1958-04-01",
            "value": "16850.0"
        },
        {
            "realtime_start": "2021-08-25",
            "realtime_end": "2021-08-25",
            "date": "1958-07-01",
            "value": "17166.0"
        },
        {
            "realtime_start": "2021-08-25",
            "realtime_end": "2021-08-25",
            "date": "1958-10-01",
            "value": "17486.0"
        },
        {
            "realtime_start": "2021-08-25",
            "realtime_end": "2021-08-25",
            "date": "1959-01-01",
            "value": "17745.0"
        },
        {
            "realtime_start": "2021-08-25",
            "realtime_end": "2021-08-25",
            "date": "1959-04-01",
            "value": "18075.0"
        },
        {
            "realtime_start": "2021-08-25",
            "realtime_end": "2021-08-25",
            "date": "1959-07-01",
            "value": "18011.0"
        },
        {
            "realtime_start": "2021-08-25",
            "realtime_end": "2021-08-25",
            "date": "1959-10-01",
            "value": "17983.0"
        },
        {
            "realtime_start": "2021-08-25",
            "realtime_end": "2021-08-25",
            "date": "1960-01-01",
            "value": "18279.0"
        },
        {
            "realtime_start": "2021-08-25",
            "realtime_end": "2021-08-25",
            "date": "1960-04-01",
            "value": "18072.0"
        },
        {
            "realtime_start": "2021-08-25",
            "realtime_end": "2021-08-25",
            "date": "1960-07-01",
            "value": "18070.0"
        },
        {
            "realtime_start": "2021-08-25",
            "realtime_end": "2021-08-25",
            "date": "1960-10-01",
            "value": "17768.0"
        },
        {
            "realtime_start": "2021-08-25",
            "realtime_end": "2021-08-25",
            "date": "1961-01-01",
            "value": "17828.0"
        },
        {
            "realtime_start": "2021-08-25",
            "realtime_end": "2021-08-25",
            "date": "1961-04-01",
            "value": "18061.0"
        },
        {
            "realtime_start": "2021-08-25",
            "realtime_end": "2021-08-25",
            "date": "1961-07-01",
            "value": "18331.0"
        },
        {
            "realtime_start": "2021-08-25",
            "realtime_end": "2021-08-25",
            "date": "1961-10-01",
            "value": "18610.0"
        },
        {
            "realtime_start": "2021-08-25",
            "realtime_end": "2021-08-25",
            "date": "1962-01-01",
            "value": "18875.0"
        },
        {
            "realtime_start": "2021-08-25",
            "realtime_end": "2021-08-25",
            "date": "1962-04-01",
            "value": "18979.0"
        },
        {
            "realtime_start": "2021-08-25",
            "realtime_end": "2021-08-25",
            "date": "1962-07-01",
            "value": "19138.0"
        },
        {
            "realtime_start": "2021-08-25",
            "realtime_end": "2021-08-25",
            "date": "1962-10-01",
            "value": "19124.0"
        },
        {
            "realtime_start": "2021-08-25",
            "realtime_end": "2021-08-25",
            "date": "1963-01-01",
            "value": "19269.0"
        },
        {
            "realtime_start": "2021-08-25",
            "realtime_end": "2021-08-25",
            "date": "1963-04-01",
            "value": "19422.0"
        },
        {
            "realtime_start": "2021-08-25",
            "realtime_end": "2021-08-25",
            "date": "1963-07-01",
            "value": "19774.0"
        },
        {
            "realtime_start": "2021-08-25",
            "realtime_end": "2021-08-25",
            "date": "1963-10-01",
            "value": "19827.0"
        },
        {
            "realtime_start": "2021-08-25",
            "realtime_end": "2021-08-25",
            "date": "1964-01-01",
            "value": "20182.0"
        },
        {
            "realtime_start": "2021-08-25",
            "realtime_end": "2021-08-25",
            "date": "1964-04-01",
            "value": "20337.0"
        },
        {
            "realtime_start": "2021-08-25",
            "realtime_end": "2021-08-25",
            "date": "1964-07-01",
            "value": "20580.0"
        },
        {
            "realtime_start": "2021-08-25",
            "realtime_end": "2021-08-25",
            "date": "1964-10-01",
            "value": "20571.0"
        },
        {
            "realtime_start": "2021-08-25",
            "realtime_end": "2021-08-25",
            "date": "1965-01-01",
            "value": "21011.0"
        },
        {
            "realtime_start": "2021-08-25",
            "realtime_end": "2021-08-25",
            "date": "1965-04-01",
            "value": "21219.0"
        },
        {
            "realtime_start": "2021-08-25",
            "realtime_end": "2021-08-25",
            "date": "1965-07-01",
            "value": "21618.0"
        },
        {
            "realtime_start": "2021-08-25",
            "realtime_end": "2021-08-25",
            "date": "1965-10-01",
            "value": "22044.0"
        },
        {
            "realtime_start": "2021-08-25",
            "realtime_end": "2021-08-25",
            "date": "1966-01-01",
            "value": "22525.0"
        },
        {
            "realtime_start": "2021-08-25",
            "realtime_end": "2021-08-25",
            "date": "1966-04-01",
            "value": "22543.0"
        },
        {
            "realtime_start": "2021-08-25",
            "realtime_end": "2021-08-25",
            "date": "1966-07-01",
            "value": "22664.0"
        },
        {
            "realtime_start": "2021-08-25",
            "realtime_end": "2021-08-25",
            "date": "1966-10-01",
            "value": "22780.0"
        },
        {
            "realtime_start": "2021-08-25",
            "realtime_end": "2021-08-25",
            "date": "1967-01-01",
            "value": "22926.0"
        },
        {
            "realtime_start": "2021-08-25",
            "realtime_end": "2021-08-25",
            "date": "1967-04-01",
            "value": "22883.0"
        },
        {
            "realtime_start": "2021-08-25",
            "realtime_end": "2021-08-25",
            "date": "1967-07-01",
            "value": "23035.0"
        },
        {
            "realtime_start": "2021-08-25",
            "realtime_end": "2021-08-25",
            "date": "1967-10-01",
            "value": "23144.0"
        },
        {
            "realtime_start": "2021-08-25",
            "realtime_end": "2021-08-25",
            "date": "1968-01-01",
            "value": "23566.0"
        },
        {
            "realtime_start": "2021-08-25",
            "realtime_end": "2021-08-25",
            "date": "1968-04-01",
            "value": "23905.0"
        },
        {
            "realtime_start": "2021-08-25",
            "realtime_end": "2021-08-25",
            "date": "1968-07-01",
            "value": "24025.0"
        },
        {
            "realtime_start": "2021-08-25",
            "realtime_end": "2021-08-25",
            "date": "1968-10-01",
            "value": "24054.0"
        },
        {
            "realtime_start": "2021-08-25",
            "realtime_end": "2021-08-25",
            "date": "1969-01-01",
            "value": "24380.0"
        },
        {
            "realtime_start": "2021-08-25",
            "realtime_end": "2021-08-25",
            "date": "1969-04-01",
            "value": "24399.0"
        },
        {
            "realtime_start": "2021-08-25",
            "realtime_end": "2021-08-25",
            "date": "1969-07-01",
            "value": "24491.0"
        },
        {
            "realtime_start": "2021-08-25",
            "realtime_end": "2021-08-25",
            "date": "1969-10-01",
            "value": "24300.0"
        },
        {
            "realtime_start": "2021-08-25",
            "realtime_end": "2021-08-25",
            "date": "1970-01-01",
            "value": "24204.0"
        },
        {
            "realtime_start": "2021-08-25",
            "realtime_end": "2021-08-25",
            "date": "1970-04-01",
            "value": "24163.0"
        },
        {
            "realtime_start": "2021-08-25",
            "realtime_end": "2021-08-25",
            "date": "1970-07-01",
            "value": "24303.0"
        },
        {
            "realtime_start": "2021-08-25",
            "realtime_end": "2021-08-25",
            "date": "1970-10-01",
            "value": "23960.0"
        },
        {
            "realtime_start": "2021-08-25",
            "realtime_end": "2021-08-25",
            "date": "1971-01-01",
            "value": "24535.0"
        },
        {
            "realtime_start": "2021-08-25",
            "realtime_end": "2021-08-25",
            "date": "1971-04-01",
            "value": "24597.0"
        },
        {
            "realtime_start": "2021-08-25",
            "realtime_end": "2021-08-25",
            "date": "1971-07-01",
            "value": "24723.0"
        },
        {
            "realtime_start": "2021-08-25",
            "realtime_end": "2021-08-25",
            "date": "1971-10-01",
            "value": "24705.0"
        },
        {
            "realtime_start": "2021-08-25",
            "realtime_end": "2021-08-25",
            "date": "1972-01-01",
            "value": "25099.0"
        },
        {
            "realtime_start": "2021-08-25",
            "realtime_end": "2021-08-25",
            "date": "1972-04-01",
            "value": "25608.0"
        },
        {
            "realtime_start": "2021-08-25",
            "realtime_end": "2021-08-25",
            "date": "1972-07-01",
            "value": "25783.0"
        },
        {
            "realtime_start": "2021-08-25",
            "realtime_end": "2021-08-25",
            "date": "1972-10-01",
            "value": "26146.0"
        },
        {
            "realtime_start": "2021-08-25",
            "realtime_end": "2021-08-25",
            "date": "1973-01-01",
            "value": "26735.0"
        },
        {
            "realtime_start": "2021-08-25",
            "realtime_end": "2021-08-25",
            "date": "1973-04-01",
            "value": "26966.0"
        },
        {
            "realtime_start": "2021-08-25",
            "realtime_end": "2021-08-25",
            "date": "1973-07-01",
            "value": "26758.0"
        },
        {
            "realtime_start": "2021-08-25",
            "realtime_end": "2021-08-25",
            "date": "1973-10-01",
            "value": "26946.0"
        },
        {
            "realtime_start": "2021-08-25",
            "realtime_end": "2021-08-25",
            "date": "1974-01-01",
            "value": "26660.0"
        },
        {
            "realtime_start": "2021-08-25",
            "realtime_end": "2021-08-25",
            "date": "1974-04-01",
            "value": "26666.0"
        },
        {
            "realtime_start": "2021-08-25",
            "realtime_end": "2021-08-25",
            "date": "1974-07-01",
            "value": "26347.0"
        },
        {
            "realtime_start": "2021-08-25",
            "realtime_end": "2021-08-25",
            "date": "1974-10-01",
            "value": "26177.0"
        },
        {
            "realtime_start": "2021-08-25",
            "realtime_end": "2021-08-25",
            "date": "1975-01-01",
            "value": "25806.0"
        },
        {
            "realtime_start": "2021-08-25",
            "realtime_end": "2021-08-25",
            "date": "1975-04-01",
            "value": "25928.0"
        },
        {
            "realtime_start": "2021-08-25",
            "realtime_end": "2021-08-25",
            "date": "1975-07-01",
            "value": "26294.0"
        },
        {
            "realtime_start": "2021-08-25",
            "realtime_end": "2021-08-25",
            "date": "1975-10-01",
            "value": "26579.0"
        },
        {
            "realtime_start": "2021-08-25",
            "realtime_end": "2021-08-25",
            "date": "1976-01-01",
            "value": "27119.0"
        },
        {
            "realtime_start": "2021-08-25",
            "realtime_end": "2021-08-25",
            "date": "1976-04-01",
            "value": "27260.0"
        },
        {
            "realtime_start": "2021-08-25",
            "realtime_end": "2021-08-25",
            "date": "1976-07-01",
            "value": "27339.0"
        },
        {
            "realtime_start": "2021-08-25",
            "realtime_end": "2021-08-25",
            "date": "1976-10-01",
            "value": "27464.0"
        },
        {
            "realtime_start": "2021-08-25",
            "realtime_end": "2021-08-25",
            "date": "1977-01-01",
            "value": "27724.0"
        },
        {
            "realtime_start": "2021-08-25",
            "realtime_end": "2021-08-25",
            "date": "1977-04-01",
            "value": "28195.0"
        },
        {
            "realtime_start": "2021-08-25",
            "realtime_end": "2021-08-25",
            "date": "1977-07-01",
            "value": "28623.0"
        },
        {
            "realtime_start": "2021-08-25",
            "realtime_end": "2021-08-25",
            "date": "1977-10-01",
            "value": "28543.0"
        },
        {
            "realtime_start": "2021-08-25",
            "realtime_end": "2021-08-25",
            "date": "1978-01-01",
            "value": "28567.0"
        },
        {
            "realtime_start": "2021-08-25",
            "realtime_end": "2021-08-25",
            "date": "1978-04-01",
            "value": "29596.0"
        },
        {
            "realtime_start": "2021-08-25",
            "realtime_end": "2021-08-25",
            "date": "1978-07-01",
            "value": "29806.0"
        },
        {
            "realtime_start": "2021-08-25",
            "realtime_end": "2021-08-25",
            "date": "1978-10-01",
            "value": "30119.0"
        },
        {
            "realtime_start": "2021-08-25",
            "realtime_end": "2021-08-25",
            "date": "1979-01-01",
            "value": "30096.0"
        },
        {
            "realtime_start": "2021-08-25",
            "realtime_end": "2021-08-25",
            "date": "1979-04-01",
            "value": "30050.0"
        },
        {
            "realtime_start": "2021-08-25",
            "realtime_end": "2021-08-25",
            "date": "1979-07-01",
            "value": "30182.0"
        },
        {
            "realtime_start": "2021-08-25",
            "realtime_end": "2021-08-25",
            "date": "1979-10-01",
            "value": "30164.0"
        },
        {
            "realtime_start": "2021-08-25",
            "realtime_end": "2021-08-25",
            "date": "1980-01-01",
            "value": "30174.0"
        },
        {
            "realtime_start": "2021-08-25",
            "realtime_end": "2021-08-25",
            "date": "1980-04-01",
            "value": "29470.0"
        },
        {
            "realtime_start": "2021-08-25",
            "realtime_end": "2021-08-25",
            "date": "1980-07-01",
            "value": "29347.0"
        },
        {
            "realtime_start": "2021-08-25",
            "realtime_end": "2021-08-25",
            "date": "1980-10-01",
            "value": "29813.0"
        },
        {
            "realtime_start": "2021-08-25",
            "realtime_end": "2021-08-25",
            "date": "1981-01-01",
            "value": "30335.0"
        },
        {
            "realtime_start": "2021-08-25",
            "realtime_end": "2021-08-25",
            "date": "1981-04-01",
            "value": "30042.0"
        },
        {
            "realtime_start": "2021-08-25",
            "realtime_end": "2021-08-25",
            "date": "1981-07-01",
            "value": "30319.0"
        },
        {
            "realtime_start": "2021-08-25",
            "realtime_end": "2021-08-25",
            "date": "1981-10-01",
            "value": "29911.0"
        },
        {
            "realtime_start": "2021-08-25",
            "realtime_end": "2021-08-25",
            "date": "1982-01-01",
            "value": "29384.0"
        },
        {
            "realtime_start": "2021-08-25",
            "realtime_end": "2021-08-25",
            "date": "1982-04-01",
            "value": "29453.0"
        },
        {
            "realtime_start": "2021-08-25",
            "realtime_end": "2021-08-25",
            "date": "1982-07-01",
            "value": "29265.0"
        },
        {
            "realtime_start": "2021-08-25",
            "realtime_end": "2021-08-25",
            "date": "1982-10-01",
            "value": "29205.0"
        },
        {
            "realtime_start": "2021-08-25",
            "realtime_end": "2021-08-25",
            "date": "1983-01-01",
            "value": "29530.0"
        },
        {
            "realtime_start": "2021-08-25",
            "realtime_end": "2021-08-25",
            "date": "1983-04-01",
            "value": "30140.0"
        },
        {
            "realtime_start": "2021-08-25",
            "realtime_end": "2021-08-25",
            "date": "1983-07-01",
            "value": "30667.0"
        },
        {
            "realtime_start": "2021-08-25",
            "realtime_end": "2021-08-25",
            "date": "1983-10-01",
            "value": "31233.0"
        },
        {
            "realtime_start": "2021-08-25",
            "realtime_end": "2021-08-25",
            "date": "1984-01-01",
            "value": "31783.0"
        },
        {
            "realtime_start": "2021-08-25",
            "realtime_end": "2021-08-25",
            "date": "1984-04-01",
            "value": "32267.0"
        },
        {
            "realtime_start": "2021-08-25",
            "realtime_end": "2021-08-25",
            "date": "1984-07-01",
            "value": "32498.0"
        },
        {
            "realtime_start": "2021-08-25",
            "realtime_end": "2021-08-25",
            "date": "1984-10-01",
            "value": "32686.0"
        },
        {
            "realtime_start": "2021-08-25",
            "realtime_end": "2021-08-25",
            "date": "1985-01-01",
            "value": "32941.0"
        },
        {
            "realtime_start": "2021-08-25",
            "realtime_end": "2021-08-25",
            "date": "1985-04-01",
            "value": "33161.0"
        },
        {
            "realtime_start": "2021-08-25",
            "realtime_end": "2021-08-25",
            "date": "1985-07-01",
            "value": "33581.0"
        },
        {
            "realtime_start": "2021-08-25",
            "realtime_end": "2021-08-25",
            "date": "1985-10-01",
            "value": "33746.0"
        },
        {
            "realtime_start": "2021-08-25",
            "realtime_end": "2021-08-25",
            "date": "1986-01-01",
            "value": "33994.0"
        },
        {
            "realtime_start": "2021-08-25",
            "realtime_end": "2021-08-25",
            "date": "1986-04-01",
            "value": "34075.0"
        },
        {
            "realtime_start": "2021-08-25",
            "realtime_end": "2021-08-25",
            "date": "1986-07-01",
            "value": "34316.0"
        },
        {
            "realtime_start": "2021-08-25",
            "realtime_end": "2021-08-25",
            "date": "1986-10-01",
            "value": "34418.0"
        },
        {
            "realtime_start": "2021-08-25",
            "realtime_end": "2021-08-25",
            "date": "1987-01-01",
            "value": "34607.0"
        },
        {
            "realtime_start": "2021-08-25",
            "realtime_end": "2021-08-25",
            "date": "1987-04-01",
            "value": "34907.0"
        },
        {
            "realtime_start": "2021-08-25",
            "realtime_end": "2021-08-25",
            "date": "1987-07-01",
            "value": "35123.0"
        },
        {
            "realtime_start": "2021-08-25",
            "realtime_end": "2021-08-25",
            "date": "1987-10-01",
            "value": "35638.0"
        },
        {
            "realtime_start": "2021-08-25",
            "realtime_end": "2021-08-25",
            "date": "1988-01-01",
            "value": "35751.0"
        },
        {
            "realtime_start": "2021-08-25",
            "realtime_end": "2021-08-25",
            "date": "1988-04-01",
            "value": "36145.0"
        },
        {
            "realtime_start": "2021-08-25",
            "realtime_end": "2021-08-25",
            "date": "1988-07-01",
            "value": "36262.0"
        },
        {
            "realtime_start": "2021-08-25",
            "realtime_end": "2021-08-25",
            "date": "1988-10-01",
            "value": "36654.0"
        },
        {
            "realtime_start": "2021-08-25",
            "realtime_end": "2021-08-25",
            "date": "1989-01-01",
            "value": "36953.0"
        },
        {
            "realtime_start": "2021-08-25",
            "realtime_end": "2021-08-25",
            "date": "1989-04-01",
            "value": "37151.0"
        },
        {
            "realtime_start": "2021-08-25",
            "realtime_end": "2021-08-25",
            "date": "1989-07-01",
            "value": "37323.0"
        },
        {
            "realtime_start": "2021-08-25",
            "realtime_end": "2021-08-25",
            "date": "1989-10-01",
            "value": "37295.0"
        },
        {
            "realtime_start": "2021-08-25",
            "realtime_end": "2021-08-25",
            "date": "1990-01-01",
            "value": "37617.0"
        },
        {
            "realtime_start": "2021-08-25",
            "realtime_end": "2021-08-25",
            "date": "1990-04-01",
            "value": "37636.0"
        },
        {
            "realtime_start": "2021-08-25",
            "realtime_end": "2021-08-25",
            "date": "1990-07-01",
            "value": "37529.0"
        },
        {
            "realtime_start": "2021-08-25",
            "realtime_end": "2021-08-25",
            "date": "1990-10-01",
            "value": "37056.0"
        },
        {
            "realtime_start": "2021-08-25",
            "realtime_end": "2021-08-25",
            "date": "1991-01-01",
            "value": "36769.0"
        },
        {
            "realtime_start": "2021-08-25",
            "realtime_end": "2021-08-25",
            "date": "1991-04-01",
            "value": "36938.0"
        },
        {
            "realtime_start": "2021-08-25",
            "realtime_end": "2021-08-25",
            "date": "1991-07-01",
            "value": "36993.0"
        },
        {
            "realtime_start": "2021-08-25",
            "realtime_end": "2021-08-25",
            "date": "1991-10-01",
            "value": "36995.0"
        },
        {
            "realtime_start": "2021-08-25",
            "realtime_end": "2021-08-25",
            "date": "1992-01-01",
            "value": "37328.0"
        },
        {
            "realtime_start": "2021-08-25",
            "realtime_end": "2021-08-25",
            "date": "1992-04-01",
            "value": "37607.0"
        },
        {
            "realtime_start": "2021-08-25",
            "realtime_end": "2021-08-25",
            "date": "1992-07-01",
            "value": "37839.0"
        },
        {
            "realtime_start": "2021-08-25",
            "realtime_end": "2021-08-25",
            "date": "1992-10-01",
            "value": "38102.0"
        },
        {
            "realtime_start": "2021-08-25",
            "realtime_end": "2021-08-25",
            "date": "1993-01-01",
            "value": "38053.0"
        },
        {
            "realtime_start": "2021-08-25",
            "realtime_end": "2021-08-25",
            "date": "1993-04-01",
            "value": "38158.0"
        },
        {
            "realtime_start": "2021-08-25",
            "realtime_end": "2021-08-25",
            "date": "1993-07-01",
            "value": "38210.0"
        },
        {
            "realtime_start": "2021-08-25",
            "realtime_end": "2021-08-25",
            "date": "1993-10-01",
            "value": "38606.0"
        },
        {
            "realtime_start": "2021-08-25",
            "realtime_end": "2021-08-25",
            "date": "1994-01-01",
            "value": "38876.0"
        },
        {
            "realtime_start": "2021-08-25",
            "realtime_end": "2021-08-25",
            "date": "1994-04-01",
            "value": "39288.0"
        },
        {
            "realtime_start": "2021-08-25",
            "realtime_end": "2021-08-25",
            "date": "1994-07-01",
            "value": "39390.0"
        },
        {
            "realtime_start": "2021-08-25",
            "realtime_end": "2021-08-25",
            "date": "1994-10-01",
            "value": "39720.0"
        },
        {
            "realtime_start": "2021-08-25",
            "realtime_end": "2021-08-25",
            "date": "1995-01-01",
            "value": "39754.0"
        },
        {
            "realtime_start": "2021-08-25",
            "realtime_end": "2021-08-25",
            "date": "1995-04-01",
            "value": "39760.0"
        },
        {
            "realtime_start": "2021-08-25",
            "realtime_end": "2021-08-25",
            "date": "1995-07-01",
            "value": "39969.0"
        },
        {
            "realtime_start": "2021-08-25",
            "realtime_end": "2021-08-25",
            "date": "1995-10-01",
            "value": "40117.0"
        },
        {
            "realtime_start": "2021-08-25",
            "realtime_end": "2021-08-25",
            "date": "1996-01-01",
            "value": "40317.0"
        },
        {
            "realtime_start": "2021-08-25",
            "realtime_end": "2021-08-25",
            "date": "1996-04-01",
            "value": "40873.0"
        },
        {
            "realtime_start": "2021-08-25",
            "realtime_end": "2021-08-25",
            "date": "1996-07-01",
            "value": "41106.0"
        },
        {
            "realtime_start": "2021-08-25",
            "realtime_end": "2021-08-25",
            "date": "1996-10-01",
            "value": "41401.0"
        },
        {
            "realtime_start": "2021-08-25",
            "realtime_end": "2021-08-25",
            "date": "1997-01-01",
            "value": "41558.0"
        },
        {
            "realtime_start": "2021-08-25",
            "realtime_end": "2021-08-25",
            "date": "1997-04-01",
            "value": "42128.0"
        },
        {
            "realtime_start": "2021-08-25",
            "realtime_end": "2021-08-25",
            "date": "1997-07-01",
            "value": "42514.0"
        },
        {
            "realtime_start": "2021-08-25",
            "realtime_end": "2021-08-25",
            "date": "1997-10-01",
            "value": "42745.0"
        },
        {
            "realtime_start": "2021-08-25",
            "realtime_end": "2021-08-25",
            "date": "1998-01-01",
            "value": "43062.0"
        },
        {
            "realtime_start": "2021-08-25",
            "realtime_end": "2021-08-25",
            "date": "1998-04-01",
            "value": "43342.0"
        },
        {
            "realtime_start": "2021-08-25",
            "realtime_end": "2021-08-25",
            "date": "1998-07-01",
            "value": "43748.0"
        },
        {
            "realtime_start": "2021-08-25",
            "realtime_end": "2021-08-25",
            "date": "1998-10-01",
            "value": "44321.0"
        },
        {
            "realtime_start": "2021-08-25",
            "realtime_end": "2021-08-25",
            "date": "1999-01-01",
            "value": "44627.0"
        },
        {
            "realtime_start": "2021-08-25",
            "realtime_end": "2021-08-25",
            "date": "1999-04-01",
            "value": "44876.0"
        },
        {
            "realtime_start": "2021-08-25",
            "realtime_end": "2021-08-25",
            "date": "1999-07-01",
            "value": "45326.0"
        },
        {
            "realtime_start": "2021-08-25",
            "realtime_end": "2021-08-25",
            "date": "1999-10-01",
            "value": "45932.0"
        },
        {
            "realtime_start": "2021-08-25",
            "realtime_end": "2021-08-25",
            "date": "2000-01-01",
            "value": "45983.0"
        },
        {
            "realtime_start": "2021-08-25",
            "realtime_end": "2021-08-25",
            "date": "2000-04-01",
            "value": "46704.0"
        },
        {
            "realtime_start": "2021-08-25",
            "realtime_end": "2021-08-25",
            "date": "2000-07-01",
            "value": "46624.0"
        },
        {
            "realtime_start": "2021-08-25",
            "realtime_end": "2021-08-25",
            "date": "2000-10-01",
            "value": "46777.0"
        },
        {
            "realtime_start": "2021-08-25",
            "realtime_end": "2021-08-25",
            "date": "2001-01-01",
            "value": "46519.0"
        },
        {
            "realtime_start": "2021-08-25",
            "realtime_end": "2021-08-25",
            "date": "2001-04-01",
            "value": "46698.0"
        },
        {
            "realtime_start": "2021-08-25",
            "realtime_end": "2021-08-25",
            "date": "2001-07-01",
            "value": "46390.0"
        },
        {
            "realtime_start": "2021-08-25",
            "realtime_end": "2021-08-25",
            "date": "2001-10-01",
            "value": "46400.0"
        },
        {
            "realtime_start": "2021-08-25",
            "realtime_end": "2021-08-25",
            "date": "2002-01-01",
            "value": "46683.0"
        },
        {
            "realtime_start": "2021-08-25",
            "realtime_end": "2021-08-25",
            "date": "2002-04-01",
            "value": "46866.0"
        },
        {
            "realtime_start": "2021-08-25",
            "realtime_end": "2021-08-25",
            "date": "2002-07-01",
            "value": "46936.0"
        },
        {
            "realtime_start": "2021-08-25",
            "realtime_end": "2021-08-25",
            "date": "2002-10-01",
            "value": "46883.0"
        },
        {
            "realtime_start": "2021-08-25",
            "realtime_end": "2021-08-25",
            "date": "2003-01-01",
            "value": "47027.0"
        },
        {
            "realtime_start": "2021-08-25",
            "realtime_end": "2021-08-25",
            "date": "2003-04-01",
            "value": "47342.0"
        },
        {
            "realtime_start": "2021-08-25",
            "realtime_end": "2021-08-25",
            "date": "2003-07-01",
            "value": "48012.0"
        },
        {
            "realtime_start": "2021-08-25",
            "realtime_end": "2021-08-25",
            "date": "2003-10-01",
            "value": "48450.0"
        },
        {
            "realtime_start": "2021-08-25",
            "realtime_end": "2021-08-25",
            "date": "2004-01-01",
            "value": "48633.0"
        },
        {
            "realtime_start": "2021-08-25",
            "realtime_end": "2021-08-25",
            "date": "2004-04-01",
            "value": "48905.0"
        },
        {
            "realtime_start": "2021-08-25",
            "realtime_end": "2021-08-25",
            "date": "2004-07-01",
            "value": "49243.0"
        },
        {
            "realtime_start": "2021-08-25",
            "realtime_end": "2021-08-25",
            "date": "2004-10-01",
            "value": "49623.0"
        },
        {
            "realtime_start": "2021-08-25",
            "realtime_end": "2021-08-25",
            "date": "2005-01-01",
            "value": "50068.0"
        },
        {
            "realtime_start": "2021-08-25",
            "realtime_end": "2021-08-25",
            "date": "2005-04-01",
            "value": "50204.0"
        },
        {
            "realtime_start": "2021-08-25",
            "realtime_end": "2021-08-25",
            "date": "2005-07-01",
            "value": "50470.0"
        },
        {
            "realtime_start": "2021-08-25",
            "realtime_end": "2021-08-25",
            "date": "2005-10-01",
            "value": "50629.0"
        },
        {
            "realtime_start": "2021-08-25",
            "realtime_end": "2021-08-25",
            "date": "2006-01-01",
            "value": "51200.0"
        },
        {
            "realtime_start": "2021-08-25",
            "realtime_end": "2021-08-25",
            "date": "2006-04-01",
            "value": "51210.0"
        },
        {
            "realtime_start": "2021-08-25",
            "realtime_end": "2021-08-25",
            "date": "2006-07-01",
            "value": "51155.0"
        },
        {
            "realtime_start": "2021-08-25",
            "realtime_end": "2021-08-25",
            "date": "2006-10-01",
            "value": "51455.0"
        },
        {
            "realtime_start": "2021-08-25",
            "realtime_end": "2021-08-25",
            "date": "2007-01-01",
            "value": "51492.0"
        },
        {
            "realtime_start": "2021-08-25",
            "realtime_end": "2021-08-25",
            "date": "2007-04-01",
            "value": "51705.0"
        },
        {
            "realtime_start": "2021-08-25",
            "realtime_end": "2021-08-25",
            "date": "2007-07-01",
            "value": "51882.0"
        },
        {
            "realtime_start": "2021-08-25",
            "realtime_end": "2021-08-25",
            "date": "2007-10-01",
            "value": "52066.0"
        },
        {
            "realtime_start": "2021-08-25",
            "realtime_end": "2021-08-25",
            "date": "2008-01-01",
            "value": "51740.0"
        },
        {
            "realtime_start": "2021-08-25",
            "realtime_end": "2021-08-25",
            "date": "2008-04-01",
            "value": "51923.0"
        },
        {
            "realtime_start": "2021-08-25",
            "realtime_end": "2021-08-25",
            "date": "2008-07-01",
            "value": "51523.0"
        },
        {
            "realtime_start": "2021-08-25",
            "realtime_end": "2021-08-25",
            "date": "2008-10-01",
            "value": "50281.0"
        },
        {
            "realtime_start": "2021-08-25",
            "realtime_end": "2021-08-25",
            "date": "2009-01-01",
            "value": "49594.0"
        },
        {
            "realtime_start": "2021-08-25",
            "realtime_end": "2021-08-25",
            "date": "2009-04-01",
            "value": "49408.0"
        },
        {
            "realtime_start": "2021-08-25",
            "realtime_end": "2021-08-25",
            "date": "2009-07-01",
            "value": "49473.0"
        },
        {
            "realtime_start": "2021-08-25",
            "realtime_end": "2021-08-25",
            "date": "2009-10-01",
            "value": "49886.0"
        },
        {
            "realtime_start": "2021-08-25",
            "realtime_end": "2021-08-25",
            "date": "2010-01-01",
            "value": "50036.0"
        },
        {
            "realtime_start": "2021-08-25",
            "realtime_end": "2021-08-25",
            "date": "2010-04-01",
            "value": "50429.0"
        },
        {
            "realtime_start": "2021-08-25",
            "realtime_end": "2021-08-25",
            "date": "2010-07-01",
            "value": "50720.0"
        },
        {
            "realtime_start": "2021-08-25",
            "realtime_end": "2021-08-25",
            "date": "2010-10-01",
            "value": "50883.0"
        },
        {
            "realtime_start": "2021-08-25",
            "realtime_end": "2021-08-25",
            "date": "2011-01-01",
            "value": "50678.0"
        },
        {
            "realtime_start": "2021-08-25",
            "realtime_end": "2021-08-25",
            "date": "2011-04-01",
            "value": "50939.0"
        },
        {
            "realtime_start": "2021-08-25",
            "realtime_end": "2021-08-25",
            "date": "2011-07-01",
            "value": "50820.0"
        },
        {
            "realtime_start": "2021-08-25",
            "realtime_end": "2021-08-25",
            "date": "2011-10-01",
            "value": "51292.0"
        },
        {
            "realtime_start": "2021-08-25",
            "realtime_end": "2021-08-25",
            "date": "2012-01-01",
            "value": "51630.0"
        },
        {
            "realtime_start": "2021-08-25",
            "realtime_end": "2021-08-25",
            "date": "2012-04-01",
            "value": "51782.0"
        },
        {
            "realtime_start": "2021-08-25",
            "realtime_end": "2021-08-25",
            "date": "2012-07-01",
            "value": "51774.0"
        },
        {
            "realtime_start": "2021-08-25",
            "realtime_end": "2021-08-25",
            "date": "2012-10-01",
            "value": "51732.0"
        },
        {
            "realtime_start": "2021-08-25",
            "realtime_end": "2021-08-25",
            "date": "2013-01-01",
            "value": "52106.0"
        },
        {
            "realtime_start": "2021-08-25",
            "realtime_end": "2021-08-25",
            "date": "2013-04-01",
            "value": "52099.0"
        },
        {
            "realtime_start": "2021-08-25",
            "realtime_end": "2021-08-25",
            "date": "2013-07-01",
            "value": "52411.0"
        },
        {
            "realtime_start": "2021-08-25",
            "realtime_end": "2021-08-25",
            "date": "2013-10-01",
            "value": "52681.0"
        },
        {
            "realtime_start": "2021-08-25",
            "realtime_end": "2021-08-25",
            "date": "2014-01-01",
            "value": "52411.0"
        },
        {
            "realtime_start": "2021-08-25",
            "realtime_end": "2021-08-25",
            "date": "2014-04-01",
            "value": "52997.0"
        },
        {
            "realtime_start": "2021-08-25",
            "realtime_end": "2021-08-25",
            "date": "2014-07-01",
            "value": "53507.0"
        },
        {
            "realtime_start": "2021-08-25",
            "realtime_end": "2021-08-25",
            "date": "2014-10-01",
            "value": "53641.0"
        },
        {
            "realtime_start": "2021-08-25",
            "realtime_end": "2021-08-25",
            "date": "2015-01-01",
            "value": "53992.0"
        },
        {
            "realtime_start": "2021-08-25",
            "realtime_end": "2021-08-25",
            "date": "2015-04-01",
            "value": "54217.0"
        },
        {
            "realtime_start": "2021-08-25",
            "realtime_end": "2021-08-25",
            "date": "2015-07-01",
            "value": "54286.0"
        },
        {
            "realtime_start": "2021-08-25",
            "realtime_end": "2021-08-25",
            "date": "2015-10-01",
            "value": "54260.0"
        },
        {
            "realtime_start": "2021-08-25",
            "realtime_end": "2021-08-25",
            "date": "2016-01-01",
            "value": "54491.0"
        },
        {
            "realtime_start": "2021-08-25",
            "realtime_end": "2021-08-25",
            "date": "2016-04-01",
            "value": "54568.0"
        },
        {
            "realtime_start": "2021-08-25",
            "realtime_end": "2021-08-25",
            "date": "2016-07-01",
            "value": "54794.0"
        },
        {
            "realtime_start": "2021-08-25",
            "realtime_end": "2021-08-25",
            "date": "2016-10-01",
            "value": "54969.0"
        },
        {
            "realtime_start": "2021-08-25",
            "realtime_end": "2021-08-25",
            "date": "2017-01-01",
            "value": "55152.0"
        },
        {
            "realtime_start": "2021-08-25",
            "realtime_end": "2021-08-25",
            "date": "2017-04-01",
            "value": "55384.0"
        },
        {
            "realtime_start": "2021-08-25",
            "realtime_end": "2021-08-25",
            "date": "2017-07-01",
            "value": "55692.0"
        },
        {
            "realtime_start": "2021-08-25",
            "realtime_end": "2021-08-25",
            "date": "2017-10-01",
            "value": "56131.0"
        },
        {
            "realtime_start": "2021-08-25",
            "realtime_end": "2021-08-25",
            "date": "2018-01-01",
            "value": "56497.0"
        },
        {
            "realtime_start": "2021-08-25",
            "realtime_end": "2021-08-25",
            "date": "2018-04-01",
            "value": "56902.0"
        },
        {
            "realtime_start": "2021-08-25",
            "realtime_end": "2021-08-25",
            "date": "2018-07-01",
            "value": "57095.0"
        },
        {
            "realtime_start": "2021-08-25",
            "realtime_end": "2021-08-25",
            "date": "2018-10-01",
            "value": "57146.0"
        },
        {
            "realtime_start": "2021-08-25",
            "realtime_end": "2021-08-25",
            "date": "2019-01-01",
            "value": "57432.0"
        },
        {
            "realtime_start": "2021-08-25",
            "realtime_end": "2021-08-25",
            "date": "2019-04-01",
            "value": "57826.0"
        },
        {
            "realtime_start": "2021-08-25",
            "realtime_end": "2021-08-25",
            "date": "2019-07-01",
            "value": "58141.0"
        },
        {
            "realtime_start": "2021-08-25",
            "realtime_end": "2021-08-25",
            "date": "2019-10-01",
            "value": "58333.0"
        },
        {
            "realtime_start": "2021-08-25",
            "realtime_end": "2021-08-25",
            "date": "2020-01-01",
            "value": "57512.0"
        },
        {
            "realtime_start": "2021-08-25",
            "realtime_end": "2021-08-25",
            "date": "2020-04-01",
            "value": "52314.0"
        },
        {
            "realtime_start": "2021-08-25",
            "realtime_end": "2021-08-25",
            "date": "2020-07-01",
            "value": "56182.0"
        },
        {
            "realtime_start": "2021-08-25",
            "realtime_end": "2021-08-25",
            "date": "2020-10-01",
            "value": "56732.0"
        },
        {
            "realtime_start": "2021-08-25",
            "realtime_end": "2021-08-25",
            "date": "2021-01-01",
            "value": "57568.0"
        },
        {
            "realtime_start": "2021-08-25",
            "realtime_end": "2021-08-25",
            "date": "2021-04-01",
            "value": "58447.0"
        }
    ]
}