{
    "realtime_start": "2021-08-25",
    "realtime_end": "2021-08-25",
    "observation_start": "1600-01-01",
    "observation_end": "9999-12-31",
    "units": "lin",
    "output_type": 1,
    "file_type": "json",
    "order_by": "observation_date",
    "sort_order": "asc",
    "count": 221,
    "offset": 0,
    "limit": 100000,
    "observations": [
        {
            "realtime_start": "2021-08-25",
            "realtime_end": "2021-08-25",
            "date": "1966-01-01",
            "value": "40.33999"
        },
        {
            "realtime_start": "2021-08-25",
            "realtime_end": "2021-08-25",
            "date": "1966-04-01",
            "value": "39.26763"
        },
        {
            "realtime_start": "2021-08-25",
            "realtime_end": "2021-08-25",
            "date": "1966-07-01",
            "value": "39.62091"
        },
        {
            "realtime_start": "2021-08-25",
            "realtime_end": "2021-08-25",
            "date": "1966-10-01",
            "value": "39.51977"
        },
        {
            "realtime_start": "2021-08-25",
            "realtime_end": "2021-08-25",
            "date": "1967-01-01",
            "value": "39.20383"
        },
        {
            "realtime_start": "2021-08-25",
            "realtime_end": "2021-08-25",
            "date": "1967-04-01",
            "value": "38.03292"
        },
        {
            "realtime_start": "2021-08-25",
            "realtime_end": "2021-08-25",
            "date": "1967-07-01",
            "value": "38.82145"
        },
        {
            "realtime_start": "2021-08-25",
            "realtime_end": "2021-08-25",
            "date": "1967-10-01",
            "value": "39.10231"
        },
        {
            "realtime_start": "2021-08-25",
            "realtime_end": "2021-08-25",
            "date": "1968-01-01",
            "value": "38.42951"
        },
        {
            "realtime_start": "2021-08-25",
            "realtime_end": "2021-08-25",
            "date": "1968-04-01",
            "value": "36.96379"
        },
        {
            "realtime_start": "2021-08-25",
            "realtime_end": "2021-08-25",
            "date": "1968-07-01",
            "value": "37.30897"
        },
        {
            "realtime_start": "2021-08-25",
            "realtime_end": "2021-08-25",
            "date": "1968-10-01",
            "value": "36.98532"
        },
        {
            "realtime_start": "2021-08-25",
            "realtime_end": "2021-08-25",
            "date": "1969-01-01",
            "value": "36.19577"
        },
        {
            "realtime_start": "2021-08-25",
            "realtime_end": "2021-08-25",
            "date": "1969-04-01",
            "value": "34.97403"
        },
        {
            "realtime_start": "2021-08-25",
            "realtime_end": "2021-08-25",
            "date": "1969-07-01",
            "value": "35.01946"
        },
        {
            "realtime_start": "2021-08-25",
            "realtime_end": "2021-08-25",
            "date": "1969-10-01",
            "value": "35.46954"
        },
        {
            "realtime_start": "2021-08-25",
            "realtime_end": "2021-08-25",
            "date": "1970-01-01",
            "value": "35.38879"
        },
        {
            "realtime_start": "2021-08-25",
            "realtime_end": "2021-08-25",
            "date": "1970-04-01",
            "value": "34.67329"
        },
        {
            "realtime_start": "2021-08-25",
            "realtime_end": "2021-08-25",
            "date": "1970-07-01",
            "value": "34.86717"
        },
        {
            "realtime_start": "2021-08-25",
            "realtime_end": "2021-08-25",
            "date": "1970-10-01",
            "value": "35.74822"
        },
        {
            "realtime_start": "2021-08-25",
            "realtime_end": "2021-08-25",
            "date": "1971-01-01",
            "value": "34.50345"
        },
        {
            "realtime_start": "2021-08-25",
            "realtime_end": "2021-08-25",
            "date": "1971-04-01",
            "value": "34.36089"
        },
        {
            "realtime_start": "2021-08-25",
            "realtime_end": "2021-08-25",
            "date": "1971-07-01",
            "value": "35.00694"
        },
        {
            "realtime_start": "2021-08-25",
            "realtime_end": "2021-08-25",
            "date": "1971-10-01",
            "value": "35.63237"
        },
        {
            "realtime_start": "2021-08-25",
            "realtime_end": "2021-08-25",
            "date": "1972-01-01",
            "value": "34.72622"
        },
        {
            "realtime_start": "2021-08-25",
            "realtime_end": "2021-08-25",
            "date": "1972-04-01",
            "value": "33.67383"
        },
        {
            "realtime_start": "2021-08-25",
            "realtime_end": "2021-08-25",
            "date": "1972-07-01",
            "value": "33.62447"
        },
        {
            "realtime_start": "2021-08-25",
            "realtime_end": "2021-08-25",
            "date": "1972-10-01",
            "value": "33.74758"
        },
        {
            "realtime_start": "2021-08-25",
            "realtime_end": "2021-08-25",
            "date": "1973-01-01",
            "value": "33.29287"
        },
        {
            "realtime_start": "2021-08-25",
            "realtime_end": "2021-08-25",
            "date": "1973-04-01",
            "value": "32.34466"
        },
        {
            "realtime_start": "2021-08-25",
            "realtime_end": "2021-08-25",
            "date": "1973-07-01",
            "value": "32.12455"
        },
        {
            "realtime_start": "2021-08-25",
            "realtime_end": "2021-08-25",
            "date": "1973-10-01",
            "value": "31.77379"
        },
        {
            "realtime_start": "2021-08-25",
            "realtime_end": "2021-08-25",
            "date": "1974-01-01",
            "value": "31.76449"
        },
        {
            "realtime_start": "2021-08-25",
            "realtime_end": "2021-08-25",
            "date": "1974-04-01",
            "value": "30.99462"
        },
        {
            "realtime_start": "2021-08-25",
            "realtime_end": "2021-08-25",
            "date": "1974-07-01",
            "value": "30.86269"
        },
        {
            "realtime_start": "2021-08-25",
            "realtime_end": "2021-08-25",
            "date": "1974-10-01",
            "value": "30.79768"
        },
        {
            "realtime_start": "2021-08-25",
            "realtime_end": "2021-08-25",
            "date": "1975-01-01",
            "value": "31.53604"
        },
        {
            "realtime_start": "2021-08-25",
            "realtime_end": "2021-08-25",
            "date": "1975-04-01",
            "value": "32.27817"
        },
        {
            "realtime_start": "2021-08-25",
            "realtime_end": "2021-08-25",
            "date": "1975-07-01",
            "value": "32.38043"
        },
        {
            "realtime_start": "2021-08-25",
            "realtime_end": "2021-08-25",
            "date": "1975-10-01",
            "value": "32.73010"
        },
        {
            "realtime_start": "2021-08-25",
            "realtime_end": "2021-08-25",
            "date": "1976-01-01",
            "value": "32.98513"
        },
        {
            "realtime_start": "2021-08-25",
            "realtime_end": "2021-08-25",
            "date": "1976-04-01",
            "value": "33.49464"
        },
        {
            "realtime_start": "2021-08-25",
            "realtime_end": "2021-08-25",
            "date": "1976-07-01",
            "value": "33.64333"
        },
        {
            "realtime_start": "2021-08-25",
            "realtime_end": "2021-08-25",
            "date": "1976-10-01",
            "value": "33.78753"
        },
        {
            "realtime_start": "2021-08-25",
            "realtime_end": "2021-08-25",
            "date": "1977-01-01",
            "value": "33.65136"
        },
        {
            "realtime_start": "2021-08-25",
            "realtime_end": "2021-08-25",
            "date": "1977-04-01",
            "value": "32.80422"
        },
        {
            "realtime_start": "2021-08-25",
            "realtime_end": "2021-08-25",
            "date": "1977-07-01",
            "value": "32.98791"
        },
        {
            "realtime_start": "2021-08-25",
            "realtime_end": "2021-08-25",
            "date": "1977-10-01",
            "value": "33.21873"
        },
        {
            "realtime_start": "2021-08-25",
            "realtime_end": "2021-08-25",
            "date": "1978-01-01",
            "value": "33.50120"
        },
        {
            "realtime_start": "2021-08-25",
            "realtime_end": "2021-08-25",
            "date": "1978-04-01",
            "value": "32.12444"
        },
        {
            "realtime_start": "2021-08-25",
            "realtime_end": "2021-08-25",
            "date": "1978-07-01",
            "value": "32.21407"
        },
        {
            "realtime_start": "2021-08-25",
            "realtime_end": "2021-08-25",
            "date": "1978-10-01",
            "value": "31.86206"
        },
        {
            "realtime_start": "2021-08-25",
            "realtime_end": "2021-08-25",
            "date": "1979-01-01",
            "value": "31.53601"
        },
        {
            "realtime_start": "2021-08-25",
            "realtime_end": "2021-08-25",
            "date": "1979-04-01",
            "value": "31.06277"
        },
        {
            "realtime_start": "2021-08-25",
            "realtime_end": "2021-08-25",
            "date": "1979-07-01",
            "value": "30.98402"
        },
        {
            "realtime_start": "2021-08-25",
            "realtime_end": "2021-08-25",
            "date": "1979-10-01",
            "value": "31.02615"
        },
        {
            "realtime_start": "2021-08-25",
            "realtime_end": "2021-08-25",
            "date": "1980-01-01",
            "value": "30.94982"
        },
        {
            "realtime_start": "2021-08-25",
            "realtime_end": "2021-08-25",
            "date": "1980-04-01",
            "value": "31.37303"
        },
        {
            "realtime_start": "2021-08-25",
            "realtime_end": "2021-08-25",
            "date": "1980-07-01",
            "value": "31.77687"
        },
        {
            "realtime_start": "2021-08-25",
            "realtime_end": "2021-08-25",
            "date": "1980-10-01",
            "value": "31.15700"
        },
        {
            "realtime_start": "2021-08-25",
            "realtime_end": "2021-08-25",
            "date": "1981-01-01",
            "value": "30.87284"
        },
        {
            "realtime_start": "2021-08-25",
            "realtime_end": "2021-08-25",
            "date": "1981-04-01",
            "value": "30.70875"
        },
        {
            "realtime_start": "2021-08-25",
            "realtime_end": "2021-08-25",
            "date": "1981-07-01",
            "value": "30.60333"
        },
        {
            "realtime_start": "2021-08-25",
            "realtime_end": "2021-08-25",
            "date": "1981-10-01",
            "value": "31.35587"
        },
        {
            "realtime_start": "2021-08-25",
            "realtime_end": "2021-08-25",
            "date": "1982-01-01",
            "value": "32.41298"
        },
        {
            "realtime_start": "2021-08-25",
            "realtime_end": "2021-08-25",
            "date": "1982-04-01",
            "value": "32.40213"
        },
        {
            "realtime_start": "2021-08-25",
            "realtime_end": "2021-08-25",
            "date": "1982-07-01",
            "value": "33.92530"
        },
        {
            "realtime_start": "2021-08-25",
            "realtime_end": "2021-08-25",
            "date": "1982-10-01",
            "value": "35.18156"
        },
        {
            "realtime_start": "2021-08-25",
            "realtime_end": "2021-08-25",
            "date": "1983-01-01",
            "value": "35.82911"
        },
        {
            "realtime_start": "2021-08-25",
            "realtime_end": "2021-08-25",
            "date": "1983-04-01",
            "value": "36.87167"
        },
        {
            "realtime_start": "2021-08-25",
            "realtime_end": "2021-08-25",
            "date": "1983-07-01",
            "value": "37.33110"
        },
        {
            "realtime_start": "2021-08-25",
            "realtime_end": "2021-08-25",
            "date": "1983-10-01",
            "value": "37.17553"
        },
        {
            "realtime_start": "2021-08-25",
            "realtime_end": "2021-08-25",
            "date": "1984-01-01",
            "value": "37.45447"
        },
        {
            "realtime_start": "2021-08-25",
            "realtime_end": "2021-08-25",
            "date": "1984-04-01",
            "value": "37.72687"
        },
        {
            "realtime_start": "2021-08-25",
            "realtime_end": "2021-08-25",
            "date": "1984-07-01",
            "value": "38.49586"
        },
        {
            "realtime_start": "2021-08-25",
            "realtime_end": "2021-08-25",
            "date": "1984-10-01",
            "value": "40.08547"
        },
        {
            "realtime_start": "2021-08-25",
            "realtime_end": "2021-08-25",
            "date": "1985-01-01",
            "value": "40.44121"
        },
        {
            "realtime_start": "2021-08-25",
            "realtime_end": "2021-08-25",
            "date": "1985-04-01",
            "value": "41.31983"
        },
        {
            "realtime_start": "2021-08-25",
            "realtime_end": "2021-08-25",
            "date": "1985-07-01",
            "value": "41.55909"
        },
        {
            "realtime_start": "2021-08-25",
            "realtime_end": "2021-08-25",
            "date": "1985-10-01",
            "value": "43.78715"
        },
        {
            "realtime_start": "2021-08-25",
            "realtime_end": "2021-08-25",
            "date": "1986-01-01",
            "value": "44.07415"
        },
        {
            "realtime_start": "2021-08-25",
            "realtime_end": "2021-08-25",
            "date": "1986-04-01",
            "value": "45.30682"
        },
        {
            "realtime_start": "2021-08-25",
            "realtime_end": "2021-08-25",
            "date": "1986-07-01",
            "value": "46.12536"
        },
        {
            "realtime_start": "2021-08-25",
            "realtime_end": "2021-08-25",
            "date": "1986-10-01",
            "value": "47.55286"
        },
        {
            "realtime_start": "2021-08-25",
            "realtime_end": "2021-08-25",
            "date": "1987-01-01",
            "value": "47.57835"
        },
        {
            "realtime_start": "2021-08-25",
            "realtime_end": "2021-08-25",
            "date": "1987-04-01",
            "value": "48.04867"
        },
        {
            "realtime_start": "2021-08-25",
            "realtime_end": "2021-08-25",
            "date": "1987-07-01",
            "value": "48.11650"
        },
        {
            "realtime_start": "2021-08-25",
            "realtime_end": "2021-08-25",
            "date": "1987-10-01",
            "value": "48.55667"
        },
        {
            "realtime_start": "2021-08-25",
            "realtime_end": "2021-08-25",
            "date": "1988-01-01",
            "value": "49.03151"
        },
        {
            "realtime_start": "2021-08-25",
            "realtime_end": "2021-08-25",
            "date": "1988-04-01",
            "value": "49.08744"
        },
        {
            "realtime_start": "2021-08-25",
            "realtime_end": "2021-08-25",
            "date": "1988-07-01",
            "value": "49.25732"
        },
        {
            "realtime_start": "2021-08-25",
            "realtime_end": "2021-08-25",
            "date": "1988-10-01",
            "value": "49.71548"
        },
        {
            "realtime_start": "2021-08-25",
            "realtime_end": "2021-08-25",
            "date": "1989-01-01",
            "value": "49.73276"
        },
        {
            "realtime_start": "2021-08-25",
            "realtime_end": "2021-08-25",
            "date": "1989-04-01",
            "value": "49.88760"
        },
        {
            "realtime_start": "2021-08-25",
            "realtime_end": "2021-08-25",
            "date": "1989-07-01",
            "value": "50.17117"
        },
        {
            "realtime_start": "2021-08-25",
            "realtime_end": "2021-08-25",
            "date": "1989-10-01",
            "value": "51.38111"
        },
        {
            "realtime_start": "2021-08-25",
            "realtime_end": "2021-08-25",
            "date": "1990-01-01",
            "value": "51.96856"
        },
        {
            "realtime_start": "2021-08-25",
            "realtime_end": "2021-08-25",
            "date": "1990-04-01",
            "value": "52.74730"
        },
        {
            "realtime_start": "2021-08-25",
            "realtime_end": "2021-08-25",
            "date": "1990-07-01",
            "value": "53.75313"
        },
        {
            "realtime_start": "2021-08-25",
            "realtime_end": "2021-08-25",
            "date": "1990-10-01",
            "value": "56.03613"
        },
        {
            "realtime_start": "2021-08-25",
            "realtime_end": "2021-08-25",
            "date": "1991-01-01",
            "value": "57.41652"
        },
        {
            "realtime_start": "2021-08-25",
            "realtime_end": "2021-08-25",
            "date": "1991-04-01",
            "value": "57.74551"
        },
        {
            "realtime_start": "2021-08-25",
            "realtime_end": "2021-08-25",
            "date": "1991-07-01",
            "value": "59.06123"
        },
        {
            "realtime_start": "2021-08-25",
            "realtime_end": "2021-08-25",
            "date": "1991-10-01",
            "value": "60.68599"
        },
        {
            "realtime_start": "2021-08-25",
            "realtime_end": "2021-08-25",
            "date": "1992-01-01",
            "value": "60.99679"
        },
        {
            "realtime_start": "2021-08-25",
            "realtime_end": "2021-08-25",
            "date": "1992-04-01",
            "value": "61.57938"
        },
        {
            "realtime_start": "2021-08-25",
            "realtime_end": "2021-08-25",
            "date": "1992-07-01",
            "value": "61.89802"
        },
        {
            "realtime_start": "2021-08-25",
            "realtime_end": "2021-08-25",
            "date": "1992-10-01",
            "value": "62.52256"
        },
        {
            "realtime_start": "2021-08-25",
            "realtime_end": "2021-08-25",
            "date": "1993-01-01",
            "value": "62.86657"
        },
        {
            "realtime_start": "2021-08-25",
            "realtime_end": "2021-08-25",
            "date": "1993-04-01",
            "value": "63.91524"
        },
        {
            "realtime_start": "2021-08-25",
            "realtime_end": "2021-08-25",
            "date": "1993-07-01",
            "value": "64.10093"
        },
        {
            "realtime_start": "2021-08-25",
            "realtime_end": "2021-08-25",
            "date": "1993-10-01",
            "value": "64.66861"
        },
        {
            "realtime_start": "2021-08-25",
            "realtime_end": "2021-08-25",
            "date": "1994-01-01",
            "value": "64.30709"
        },
        {
            "realtime_start": "2021-08-25",
            "realtime_end": "2021-08-25",
            "date": "1994-04-01",
            "value": "64.10716"
        },
        {
            "realtime_start": "2021-08-25",
            "realtime_end": "2021-08-25",
            "date": "1994-07-01",
            "value": "64.01176"
        },
        {
            "realtime_start": "2021-08-25",
            "realtime_end": "2021-08-25",
            "date": "1994-10-01",
            "value": "64.38584"
        },
        {
            "realtime_start": "2021-08-25",
            "realtime_end": "2021-08-25",
            "date": "1995-01-01",
            "value": "64.66271"
        },
        {
            "realtime_start": "2021-08-25",
            "realtime_end": "2021-08-25",
            "date": "1995-04-01",
            "value": "65.31294"
        },
        {
            "realtime_start": "2021-08-25",
            "realtime_end": "2021-08-25",
            "date": "1995-07-01",
            "value": "64.73906"
        },
        {
            "realtime_start": "2021-08-25",
            "realtime_end": "2021-08-25",
            "date": "1995-10-01",
            "value": "64.18282"
        },
        {
            "realtime_start": "2021-08-25",
            "realtime_end": "2021-08-25",
            "date": "1996-01-01",
            "value": "65.04171"
        },
        {
            "realtime_start": "2021-08-25",
            "realtime_end": "2021-08-25",
            "date": "1996-04-01",
            "value": "64.24970"
        },
        {
            "realtime_start": "2021-08-25",
            "realtime_end": "2021-08-25",
            "date": "1996-07-01",
            "value": "64.25469"
        },
        {
            "realtime_start": "2021-08-25",
            "realtime_end": "2021-08-25",
            "date": "1996-10-01",
            "value": "64.44697"
        },
        {
            "realtime_start": "2021-08-25",
            "realtime_end": "2021-08-25",
            "date": "1997-01-01",
            "value": "64.34428"
        },
        {
            "realtime_start": "2021-08-25",
            "realtime_end": "2021-08-25",
            "date": "1997-04-01",
            "value": "63.10907"
        },
        {
            "realtime_start": "2021-08-25",
            "realtime_end": "2021-08-25",
            "date": "1997-07-01",
            "value": "62.48709"
        },
        {
            "realtime_start": "2021-08-25",
            "realtime_end": "2021-08-25",
            "date": "1997-10-01",
            "value": "62.77032"
        },
        {
            "realtime_start": "2021-08-25",
            "realtime_end": "2021-08-25",
            "date": "1998-01-01",
            "value": "62.50988"
        },
        {
            "realtime_start": "2021-08-25",
            "realtime_end": "2021-08-25",
            "date": "1998-04-01",
            "value": "61.85196"
        },
        {
            "realtime_start": "2021-08-25",
            "realtime_end": "2021-08-25",
            "date": "1998-07-01",
            "value": "60.58693"
        },
        {
            "realtime_start": "2021-08-25",
            "realtime_end": "2021-08-25",
            "date": "1998-10-01",
            "value": "60.40696"
        },
        {
            "realtime_start": "2021-08-25",
            "realtime_end": "2021-08-25",
            "date": "1999-01-01",
            "value": "60.04894"
        },
        {
            "realtime_start": "2021-08-25",
            "realtime_end": "2021-08-25",
            "date": "1999-04-01",
            "value": "59.19227"
        },
        {
            "realtime_start": "2021-08-25",
            "realtime_end": "2021-08-25",
            "date": "1999-07-01",
            "value": "58.39258"
        },
        {
            "realtime_start": "2021-08-25",
            "realtime_end": "2021-08-25",
            "date": "1999-10-01",
            "value": "58.34336"
        },
        {
            "realtime_start": "2021-08-25",
            "realtime_end": "2021-08-25",
            "date": "2000-01-01",
            "value": "57.72134"
        },
        {
            "realtime_start": "2021-08-25",
            "realtime_end": "2021-08-25",
            "date": "2000-04-01",
            "value": "55.48491"
        },
        {
            "realtime_start": "2021-08-25",
            "realtime_end": "2021-08-25",
            "date": "2000-07-01",
            "value": "54.99213"
        },
        {
            "realtime_start": "2021-08-25",
            "realtime_end": "2021-08-25",
            "date": "2000-10-01",
            "value": "54.2579"
        },
        {
            "realtime_start": "2021-08-25",
            "realtime_end": "2021-08-25",
            "date": "2001-01-01",
            "value": "55.14434"
        },
        {
            "realtime_start": "2021-08-25",
            "realtime_end": "2021-08-25",
            "date": "2001-04-01",
            "value": "54.03165"
        },
        {
            "realtime_start": "2021-08-25",
            "realtime_end": "2021-08-25",
            "date": "2001-07-01",
            "value": "54.79763"
        },
        {
            "realtime_start": "2021-08-25",
            "realtime_end": "2021-08-25",
            "date": "2001-10-01",
            "value": "55.75216"
        },
        {
            "realtime_start": "2021-08-25",
            "realtime_end": "2021-08-25",
            "date": "2002-01-01",
            "value": "55.6965"
        },
        {
            "realtime_start": "2021-08-25",
            "realtime_end": "2021-08-25",
            "date": "2002-04-01",
            "value": "56.27087"
        },
        {
            "realtime_start": "2021-08-25",
            "realtime_end": "2021-08-25",
            "date": "2002-07-01",
            "value": "56.7026"
        },
        {
            "realtime_start": "2021-08-25",
            "realtime_end": "2021-08-25",
            "date": "2002-10-01",
            "value": "57.91028"
        },
        {
            "realtime_start": "2021-08-25",
            "realtime_end": "2021-08-25",
            "date": "2003-01-01",
            "value": "57.81906"
        },
        {
            "realtime_start": "2021-08-25",
            "realtime_end": "2021-08-25",
            "date": "2003-04-01",
            "value": "58.96101"
        },
        {
            "realtime_start": "2021-08-25",
            "realtime_end": "2021-08-25",
            "date": "2003-07-01",
            "value": "58.64541"
        },
        {
            "realtime_start": "2021-08-25",
            "realtime_end": "2021-08-25",
            "date": "2003-10-01",
            "value": "59.44466"
        },
        {
            "realtime_start": "2021-08-25",
            "realtime_end": "2021-08-25",
            "date": "2004-01-01",
            "value": "59.8071"
        },
        {
            "realtime_start": "2021-08-25",
            "realtime_end": "2021-08-25",
            "date": "2004-04-01",
            "value": "60.05487"
        },
        {
            "realtime_start": "2021-08-25",
            "realtime_end": "2021-08-25",
            "date": "2004-07-01",
            "value": "59.96643"
        },
        {
            "realtime_start": "2021-08-25",
            "realtime_end": "2021-08-25",
            "date": "2004-10-01",
            "value": "60.63713"
        },
        {
            "realtime_start": "2021-08-25",
            "realtime_end": "2021-08-25",
            "date": "2005-01-01",
            "value": "60.91302"
        },
        {
            "realtime_start": "2021-08-25",
            "realtime_end": "2021-08-25",
            "date": "2005-04-01",
            "value": "60.64153"
        },
        {
            "realtime_start": "2021-08-25",
            "realtime_end": "2021-08-25",
            "date": "2005-07-01",
            "value": "60.35856"
        },
        {
            "realtime_start": "2021-08-25",
            "realtime_end": "2021-08-25",
            "date": "2005-10-01",
            "value": "61.32008"
        },
        {
            "realtime_start": "2021-08-25",
            "realtime_end": "2021-08-25",
            "date": "2006-01-01",
            "value": "61.55642"
        },
        {
            "realtime_start": "2021-08-25",
            "realtime_end": "2021-08-25",
            "date": "2006-04-01",
            "value": "61.22142"
        },
        {
            "realtime_start": "2021-08-25",
            "realtime_end": "2021-08-25",
            "date": "2006-07-01",
            "value": "61.3328"
        },
        {
            "realtime_start": "2021-08-25",
            "realtime_end": "2021-08-25",
            "date": "2006-10-01",
            "value": "61.82689"
        },
        {
            "realtime_start": "2021-08-25",
            "realtime_end": "2021-08-25",
            "date": "2007-01-01",
            "value": "62.25297"
        },
        {
            "realtime_start": "2021-08-25",
            "realtime_end": "2021-08-25",
            "date": "2007-04-01",
            "value": "61.57219"
        },
        {
            "realtime_start": "2021-08-25",
            "realtime_end": "2021-08-25",
            "date": "2007-07-01",
            "value": "61.84826"
        },
        {
            "realtime_start": "2021-08-25",
            "realtime_end": "2021-08-25",
            "date": "2007-10-01",
            "value": "62.71924"
        },
        {
            "realtime_start": "2021-08-25",
            "realtime_end": "2021-08-25",
            "date": "2008-01-01",
            "value": "64.17278"
        },
        {
            "realtime_start": "2021-08-25",
            "realtime_end": "2021-08-25",
            "date": "2008-04-01",
            "value": "63.85172"
        },
        {
            "realtime_start": "2021-08-25",
            "realtime_end": "2021-08-25",
            "date": "2008-07-01",
            "value": "67.28455"
        },
        {
            "realtime_start": "2021-08-25",
            "realtime_end": "2021-08-25",
            "date": "2008-10-01",
            "value": "73.24516"
        },
        {
            "realtime_start": "2021-08-25",
            "realtime_end": "2021-08-25",
            "date": "2009-01-01",
            "value": "77.10496"
        },
        {
            "realtime_start": "2021-08-25",
            "realtime_end": "2021-08-25",
            "date": "2009-04-01",
            "value": "80.28013"
        },
        {
            "realtime_start": "2021-08-25",
            "realtime_end": "2021-08-25",
            "date": "2009-07-01",
            "value": "82.42733"
        },
        {
            "realtime_start": "2021-08-25",
            "realtime_end": "2021-08-25",
            "date": "2009-10-01",
            "value": "84.02935"
        },
        {
            "realtime_start": "2021-08-25",
            "realtime_end": "2021-08-25",
            "date": "2010-01-01",
            "value": "86.51175"
        },
        {
            "realtime_start": "2021-08-25",
            "realtime_end": "2021-08-25",
            "date": "2010-04-01",
            "value": "88.12832"
        },
        {
            "realtime_start": "2021-08-25",
            "realtime_end": "2021-08-25",
            "date": "2010-07-01",
            "value": "89.56529"
        },
        {
            "realtime_start": "2021-08-25",
            "realtime_end": "2021-08-25",
            "date": "2010-10-01",
            "value": "91.61136"
        },
        {
            "realtime_start": "2021-08-25",
            "realtime_end": "2021-08-25",
            "date": "2011-01-01",
            "value": "92.95617"
        },
        {
            "realtime_start": "2021-08-25",
            "realtime_end": "2021-08-25",
            "date": "2011-04-01",
            "value": "92.19383"
        },
        {
            "realtime_start": "2021-08-25",
            "realtime_end": "2021-08-25",
            "date": "2011-07-01",
            "value": "94.52097"
        },
        {
            "realtime_start": "2021-08-25",
            "realtime_end": "2021-08-25",
            "date": "2011-10-01",
            "value": "96.09067"
        },
        {
            "realtime_start": "2021-08-25",
            "realtime_end": "2021-08-25",
            "date": "2012-01-01",
            "value": "97.12296"
        },
        {
            "realtime_start": "2021-08-25",
            "realtime_end": "2021-08-25",
            "date": "2012-04-01",
            "value": "97.82754"
        },
        {
            "realtime_start": "2021-08-25",
            "realtime_end": "2021-08-25",
            "date": "2012-07-01",
            "value": "98.44787"
        },
        {
            "realtime_start": "2021-08-25",
            "realtime_end": "2021-08-25",
            "date": "2012-10-01",
            "value": "100.07517"
        },
        {
            "realtime_start": "2021-08-25",
            "realtime_end": "2021-08-25",
            "date": "2013-01-01",
            "value": "100.85592"
        },
        {
            "realtime_start": "2021-08-25",
            "realtime_end": "2021-08-25",
            "date": "2013-04-01",
            "value": "100.23216"
        },
        {
            "realtime_start": "2021-08-25",
            "realtime_end": "2021-08-25",
            "date": "2013-07-01",
            "value": "98.97766"
        },
        {
            "realtime_start": "2021-08-25",
            "realtime_end": "2021-08-25",
            "date": "2013-10-01",
            "value": "100.13427"
        },
        {
            "realtime_start": "2021-08-25",
            "realtime_end": "2021-08-25",
            "date": "2014-01-01",
            "value": "102.6653"
        },
        {
            "realtime_start": "2021-08-25",
            "realtime_end": "2021-08-25",
            "date": "2014-04-01",
            "value": "100.97295"
        },
        {
            "realtime_start": "2021-08-25",
            "realtime_end": "2021-08-25",
            "date": "2014-07-01",
            "value": "100.45563"
        },
        {
            "realtime_start": "2021-08-25",
            "realtime_end": "2021-08-25",
            "date": "2014-10-01",
            "value": "101.61828"
        },
        {
            "realtime_start": "2021-08-25",
            "realtime_end": "2021-08-25",
            "date": "2015-01-01",
            "value": "100.89325"
        },
        {
            "realtime_start": "2021-08-25",
            "realtime_end": "2021-08-25",
            "date": "2015-04-01",
            "value": "99.77075"
        },
        {
            "realtime_start": "2021-08-25",
            "realtime_end": "2021-08-25",
            "date": "2015-07-01",
            "value": "99.146"
        },
        {
            "realtime_start": "2021-08-25",
            "realtime_end": "2021-08-25",
            "date": "2015-10-01",
            "value": "103.21895"
        },
        {
            "realtime_start": "2021-08-25",
            "realtime_end": "2021-08-25",
            "date": "2016-01-01",
            "value": "104.55696"
        },
        {
            "realtime_start": "2021-08-25",
            "realtime_end": "2021-08-25",
            "date": "2016-04-01",
            "value": "104.13706"
        },
        {
            "realtime_start": "2021-08-25",
            "realtime_end": "2021-08-25",
            "date": "2016-07-01",
            "value": "104.25015"
        },
        {
            "realtime_start": "2021-08-25",
            "realtime_end": "2021-08-25",
            "date": "2016-10-01",
            "value": "105.31835"
        },
        {
            "realtime_start": "2021-08-25",
            "realtime_end": "2021-08-25",
            "date": "2017-01-01",
            "value": "103.61549"
        },
        {
            "realtime_start": "2021-08-25",
            "realtime_end": "2021-08-25",
            "date": "2017-04-01",
            "value": "102.69956"
        },
        {
            "realtime_start": "2021-08-25",
            "realtime_end": "2021-08-25",
            "date": "2017-07-01",
            "value": "103.50845"
        },
        {
            "realtime_start": "2021-08-25",
            "realtime_end": "2021-08-25",
            "date": "2017-10-01",
            "value": "103.06686"
        },
        {
            "realtime_start": "2021-08-25",
            "realtime_end": "2021-08-25",
            "date": "2018-01-01",
            "value": "104.69589"
        },
        {
            "realtime_start": "2021-08-25",
            "realtime_end": "2021-08-25",
            "date": "2018-04-01",
            "value": "103.42847"
        },
        {
            "realtime_start": "2021-08-25",
            "realtime_end": "2021-08-25",
            "date": "2018-07-01",
            "value": "104.14808"
        },
        {
            "realtime_start": "2021-08-25",
            "realtime_end": "2021-08-25",
            "date": "2018-10-01",
            "value": "105.57706"
        },
        {
            "realtime_start": "2021-08-25",
            "realtime_end": "2021-08-25",
            "date": "2019-01-01",
            "value": "104.88672"
        },
        {
            "realtime_start": "2021-08-25",
            "realtime_end": "2021-08-25",
            "date": "2019-04-01",
            "value": "103.44782"
        },
        {
            "realtime_start": "2021-08-25",
            "realtime_end": "2021-08-25",
            "date": "2019-07-01",
            "value": "105.64701"
        },
        {
            "realtime_start": "2021-08-25",
            "realtime_end": "2021-08-25",
            "date": "2019-10-01",
            "value": "106.94611"
        },
        {
            "realtime_start": "2021-08-25",
            "realtime_end": "2021-08-25",
            "date": "2020-01-01",
            "value": "108.11143"
        },
        {
            "realtime_start": "2021-08-25",
            "realtime_end": "2021-08-25",
            "date": "2020-04-01",
            "value": "135.93796"
        },
        {
            "realtime_start": "2021-08-25",
            "realtime_end": "2021-08-25",
            "date": "2020-07-01",
            "value": "127.47024"
        },
        {
            "realtime_start": "2021-08-25",
            "realtime_end": "2021-08-25",
            "date": "2020-10-01",
            "value": "129.19415"
        },
        {
            "realtime_start": "2021-08-25",
            "realtime_end": "2021-08-25",
            "date": "2021-01-01",
            "value": "127.65351"
        }
    ]
}