{
    "realtime_start": "2021-08-25",
    "realtime_end": "2021-08-25",
    "observation_start": "1600-01-01",
    "observation_end": "9999-12-31",
    "units": "lin",
    "output_type": 1,
    "file_type": "json",
    "order_by": "observation_date",
    "sort_order": "asc",
    "count": 169,
    "offset": 0,
    "limit": 100000,
    "observations": [
        {
            "realtime_start": "2021-08-25",
            "realtime_end": "2021-08-25",
            "date": "1979-01-01",
            "value": "335"
        },
        {
            "realtime_start": "2021-08-25",
            "realtime_end": "2021-08-25",
            "date": "1979-04-01",
            "value": "335"
        },
        {
            "realtime_start": "2021-08-25",
            "realtime_end": "2021-08-25",
            "date": "1979-07-01",
            "value": "330"
        },
        {
            "realtime_start": "2021-08-25",
            "realtime_end": "2021-08-25",
            "date": "1979-10-01",
            "value": "326"
        },
        {
            "realtime_start": "2021-08-25",
            "realtime_end": "2021-08-25",
            "date": "1980-01-01",
            "value": "321"
        },
        {
            "realtime_start": "2021-08-25",
            "realtime_end": "2021-08-25",
            "date": "1980-04-01",
            "value": "315"
        },
        {
            "realtime_start": "2021-08-25",
            "realtime_end": "2021-08-25",
            "date": "1980-07-01",
            "value": "319"
        },
        {
            "realtime_start": "2021-08-25",
            "realtime_end": "2021-08-25",
            "date": "1980-10-01",
            "value": "315"
        },
        {
            "realtime_start": "2021-08-25",
            "realtime_end": "2021-08-25",
            "date": "1981-01-01",
            "value": "314"
        },
        {
            "realtime_start": "2021-08-25",
            "realtime_end": "2021-08-25",
            "date": "1981-04-01",
            "value": "311"
        },
        {
            "realtime_start": "2021-08-25",
            "realtime_end": "2021-08-25",
            "date": "1981-07-01",
            "value": "309"
        },
        {
            "realtime_start": "2021-08-25",
            "realtime_end": "2021-08-25",
            "date": "1981-10-01",
            "value": "312"
        },
        {
            "realtime_start": "2021-08-25",
            "realtime_end": "2021-08-25",
            "date": "1982-01-01",
            "value": "312"
        },
        {
            "realtime_start": "2021-08-25",
            "realtime_end": "2021-08-25",
            "date": "1982-04-01",
            "value": "314"
        },
        {
            "realtime_start": "2021-08-25",
            "realtime_end": "2021-08-25",
            "date": "1982-07-01",
            "value": "311"
        },
        {
            "realtime_start": "2021-08-25",
            "realtime_end": "2021-08-25",
            "date": "1982-10-01",
            "value": "313"
        },
        {
            "realtime_start": "2021-08-25",
            "realtime_end": "2021-08-25",
            "date": "1983-01-01",
            "value": "315"
        },
        {
            "realtime_start": "2021-08-25",
            "realtime_end": "2021-08-25",
            "date": "1983-04-01",
            "value": "314"
        },
        {
            "realtime_start": "2021-08-25",
            "realtime_end": "2021-08-25",
            "date": "1983-07-01",
            "value": "315"
        },
        {
            "realtime_start": "2021-08-25",
            "realtime_end": "2021-08-25",
            "date": "1983-10-01",
            "value": "312"
        },
        {
            "realtime_start": "2021-08-25",
            "realtime_end": "2021-08-25",
            "date": "1984-01-01",
            "value": "313"
        },
        {
            "realtime_start": "2021-08-25",
            "realtime_end": "2021-08-25",
            "date": "1984-04-01",
            "value": "312"
        },
        {
            "realtime_start": "2021-08-25",
            "realtime_end": "2021-08-25",
            "date": "1984-07-01",
            "value": "313"
        },
        {
            "realtime_start": "2021-08-25",
            "realtime_end": "2021-08-25",
            "date": "1984-10-01",
            "value": "316"
        },
        {
            "realtime_start": "2021-08-25",
            "realtime_end": "2021-08-25",
            "date": "1985-01-01",
            "value": "314"
        },
        {
            "realtime_start": "2021-08-25",
            "realtime_end": "2021-08-25",
            "date": "1985-04-01",
            "value": "323"
        },
        {
            "realtime_start": "2021-08-25",
            "realtime_end": "2021-08-25",
            "date": "1985-07-01",
            "value": "320"
        },
        {
            "realtime_start": "2021-08-25",
            "realtime_end": "2021-08-25",
            "date": "1985-10-01",
            "value": "320"
        },
        {
            "realtime_start": "2021-08-25",
            "realtime_end": "2021-08-25",
            "date": "1986-01-01",
            "value": "321"
        },
        {
            "realtime_start": "2021-08-25",
            "realtime_end": "2021-08-25",
            "date": "1986-04-01",
            "value": "328"
        },
        {
            "realtime_start": "2021-08-25",
            "realtime_end": "2021-08-25",
            "date": "1986-07-01",
            "value": "328"
        },
        {
            "realtime_start": "2021-08-25",
            "realtime_end": "2021-08-25",
            "date": "1986-10-01",
            "value": "331"
        },
        {
            "realtime_start": "2021-08-25",
            "realtime_end": "2021-08-25",
            "date": "1987-01-01",
            "value": "328"
        },
        {
            "realtime_start": "2021-08-25",
            "realtime_end": "2021-08-25",
            "date": "1987-04-01",
            "value": "328"
        },
        {
            "realtime_start": "2021-08-25",
            "realtime_end": "2021-08-25",
            "date": "1987-07-01",
            "value": "330"
        },
        {
            "realtime_start": "2021-08-25",
            "realtime_end": "2021-08-25",
            "date": "1987-10-01",
            "value": "328"
        },
        {
            "realtime_start": "2021-08-25",
            "realtime_end": "2021-08-25",
            "date": "1988-01-01",
            "value": "329"
        },
        {
            "realtime_start": "2021-08-25",
            "realtime_end": "2021-08-25",
            "date": "1988-04-01",
            "value": "325"
        },
        {
            "realtime_start": "2021-08-25",
            "realtime_end": "2021-08-25",
            "date": "1988-07-01",
            "value": "325"
        },
        {
            "realtime_start": "2021-08-25",
            "realtime_end": "2021-08-25",
            "date": "1988-10-01",
            "value": "324"
        },
        {
            "realtime_start": "2021-08-25",
            "realtime_end": "2021-08-25",
            "date": "1989-01-01",
            "value": "323"
        },
        {
            "realtime_start": "2021-08-25",
            "realtime_end": "2021-08-25",
            "date": "1989-04-01",
            "value": "322"
        },
        {
            "realtime_start": "2021-08-25",
            "realtime_end": "2021-08-25",
            "date": "1989-07-01",
            "value": "322"
        },
        {
            "realtime_start": "2021-08-25",
            "realtime_end": "2021-08-25",
            "date": "1989-10-01",
            "value": "322"
        },
        {
            "realtime_start": "2021-08-25",
            "realtime_end": "2021-08-25",
            "date": "1990-01-01",
            "value": "319"
        },
        {
            "realtime_start": "2021-08-25",
            "realtime_end": "2021-08-25",
            "date": "1990-04-01",
            "value": "319"
        },
        {
            "realtime_start": "2021-08-25",
            "realtime_end": "2021-08-25",
            "date": "1990-07-01",
            "value": "313"
        },
        {
            "realtime_start": "2021-08-25",
            "realtime_end": "2021-08-25",
            "date": "1990-10-01",
            "value": "312"
        },
        {
            "realtime_start": "2021-08-25",
            "realtime_end": "2021-08-25",
            "date": "1991-01-01",
            "value": "316"
        },
        {
            "realtime_start": "2021-08-25",
            "realtime_end": "2021-08-25",
            "date": "1991-04-01",
            "value": "312"
        },
        {
            "realtime_start": "2021-08-25",
            "realtime_end": "2021-08-25",
            "date": "1991-07-01",
            "value": "312"
        },
        {
            "realtime_start": "2021-08-25",
            "realtime_end": "2021-08-25",
            "date": "1991-10-01",
            "value": "313"
        },
        {
            "realtime_start": "2021-08-25",
            "realtime_end": "2021-08-25",
            "date": "1992-01-01",
            "value": "315"
        },
        {
            "realtime_start": "2021-08-25",
            "realtime_end": "2021-08-25",
            "date": "1992-04-01",
            "value": "313"
        },
        {
            "realtime_start": "2021-08-25",
            "realtime_end": "2021-08-25",
            "date": "1992-07-01",
            "value": "314"
        },
        {
            "realtime_start": "2021-08-25",
            "realtime_end": "2021-08-25",
            "date": "1992-10-01",
            "value": "312"
        },
        {
            "realtime_start": "2021-08-25",
            "realtime_end": "2021-08-25",
            "date": "1993-01-01",
            "value": "315"
        },
        {
            "realtime_start": "2021-08-25",
            "realtime_end": "2021-08-25",
            "date": "1993-04-01",
            "value": "317"
        },
        {
            "realtime_start": "2021-08-25",
            "realtime_end": "2021-08-25",
            "date": "1993-07-01",
            "value": "319"
        },
        {
            "realtime_start": "2021-08-25",
            "realtime_end": "2021-08-25",
            "date": "1993-10-01",
            "value": "319"
        },
        {
            "realtime_start": "2021-08-25",
            "realtime_end": "2021-08-25",
            "date": "1994-01-01",
            "value": "316"
        },
        {
            "realtime_start": "2021-08-25",
            "realtime_end": "2021-08-25",
            "date": "1994-04-01",
            "value": "317"
        },
        {
            "realtime_start": "2021-08-25",
            "realtime_end": "2021-08-25",
            "date": "1994-07-01",
            "value": "314"
        },
        {
            "realtime_start": "2021-08-25",
            "realtime_end": "2021-08-25",
            "date": "1994-10-01",
            "value": "314"
        },
        {
            "realtime_start": "2021-08-25",
            "realtime_end": "2021-08-25",
            "date": "1995-01-01",
            "value": "313"
        },
        {
            "realtime_start": "2021-08-25",
            "realtime_end": "2021-08-25",
            "date": "1995-04-01",
            "value": "314"
        },
        {
            "realtime_start": "2021-08-25",
            "realtime_end": "2021-08-25",
            "date": "1995-07-01",
            "value": "317"
        },
        {
            "realtime_start": "2021-08-25",
            "realtime_end": "2021-08-25",
            "date": "1995-10-01",
            "value": "313"
        },
        {
            "realtime_start": "2021-08-25",
            "realtime_end": "2021-08-25",
            "date": "1996-01-01",
            "value": "312"
        },
        {
            "realtime_start": "2021-08-25",
            "realtime_end": "2021-08-25",
            "date": "1996-04-01",
            "value": "312"
        },
        {
            "realtime_start": "2021-08-25",
            "realtime_end": "2021-08-25",
            "date": "1996-07-01",
            "value": "314"
        },
        {
            "realtime_start": "2021-08-25",
            "realtime_end": "2021-08-25",
            "date": "1996-10-01",
            "value": "313"
        },
        {
            "realtime_start": "2021-08-25",
            "realtime_end": "2021-08-25",
            "date": "1997-01-01",
            "value": "313"
        },
        {
            "realtime_start": "2021-08-25",
            "realtime_end": "2021-08-25",
            "date": "1997-04-01",
            "value": "314"
        },
        {
            "realtime_start": "2021-08-25",
            "realtime_end": "2021-08-25",
            "date": "1997-07-01",
            "value": "314"
        },
        {
            "realtime_start": "2021-08-25",
            "realtime_end": "2021-08-25",
            "date": "1997-10-01",
            "value": "314"
        },
        {
            "realtime_start": "2021-08-25",
            "realtime_end": "2021-08-25",
            "date": "1998-01-01",
            "value": "319"
        },
        {
            "realtime_start": "2021-08-25",
            "realtime_end": "2021-08-25",
            "date": "1998-04-01",
            "value": "319"
        },
        {
            "realtime_start": "2021-08-25",
            "realtime_end": "2021-08-25",
            "date": "1998-07-01",
            "value": "321"
        },
        {
            "realtime_start": "2021-08-25",
            "realtime_end": "2021-08-25",
            "date": "1998-10-01",
            "value": "328"
        },
        {
            "realtime_start": "2021-08-25",
            "realtime_end": "2021-08-25",
            "date": "1999-01-01",
            "value": "324"
        },
        {
            "realtime_start": "2021-08-25",
            "realtime_end": "2021-08-25",
            "date": "1999-04-01",
            "value": "329"
        },
        {
            "realtime_start": "2021-08-25",
            "realtime_end": "2021-08-25",
            "date": "1999-07-01",
            "value": "330"
        },
        {
            "realtime_start": "2021-08-25",
            "realtime_end": "2021-08-25",
            "date": "1999-10-01",
            "value": "335"
        },
        {
            "realtime_start": "2021-08-25",
            "realtime_end": "2021-08-25",
            "date": "2000-01-01",
            "value": "334"
        },
        {
            "realtime_start": "2021-08-25",
            "realtime_end": "2021-08-25",
            "date": "2000-04-01",
            "value": "334"
        },
        {
            "realtime_start": "2021-08-25",
            "realtime_end": "2021-08-25",
            "date": "2000-07-01",
            "value": "335"
        },
        {
            "realtime_start": "2021-08-25",
            "realtime_end": "2021-08-25",
            "date": "2000-10-01",
            "value": "334"
        },
        {
            "realtime_start": "2021-08-25",
            "realtime_end": "2021-08-25",
            "date": "2001-01-01",
            "value": "333"
        },
        {
            "realtime_start": "2021-08-25",
            "realtime_end": "2021-08-25",
            "date": "2001-04-01",
            "value": "336"
        },
        {
            "realtime_start": "2021-08-25",
            "realtime_end": "2021-08-25",
            "date": "2001-07-01",
            "value": "338"
        },
        {
            "realtime_start": "2021-08-25",
            "realtime_end": "2021-08-25",
            "date": "2001-10-01",
            "value": "340"
        },
        {
            "realtime_start": "2021-08-25",
            "realtime_end": "2021-08-25",
            "date": "2002-01-01",
            "value": "341"
        },
        {
            "realtime_start": "2021-08-25",
            "realtime_end": "2021-08-25",
            "date": "2002-04-01",
            "value": "339"
        },
        {
            "realtime_start": "2021-08-25",
            "realtime_end": "2021-08-25",
            "date": "2002-07-01",
            "value": "337"
        },
        {
            "realtime_start": "2021-08-25",
            "realtime_end": "2021-08-25",
            "date": "2002-10-01",
            "value": "336"
        },
        {
            "realtime_start": "2021-08-25",
            "realtime_end": "2021-08-25",
            "date": "2003-01-01",
            "value": "335"
        },
        {
            "realtime_start": "2021-08-25",
            "realtime_end": "2021-08-25",
            "date": "2003-04-01",
            "value": "338"
        },
        {
            "realtime_start": "2021-08-25",
            "realtime_end": "2021-08-25",
            "date": "2003-07-01",
            "value": "337"
        },
        {
            "realtime_start": "2021-08-25",
            "realtime_end": "2021-08-25",
            "date": "2003-10-01",
            "value": "337"
        },
        {
            "realtime_start": "2021-08-25",
            "realtime_end": "2021-08-25",
            "date": "2004-01-01",
            "value": "337"
        },
        {
            "realtime_start": "2021-08-25",
            "realtime_end": "2021-08-25",
            "date": "2004-04-01",
            "value": "341"
        },
        {
            "realtime_start": "2021-08-25",
            "realtime_end": "2021-08-25",
            "date": "2004-07-01",
            "value": "335"
        },
        {
            "realtime_start": "2021-08-25",
            "realtime_end": "2021-08-25",
            "date": "2004-10-01",
            "value": "337"
        },
        {
            "realtime_start": "2021-08-25",
            "realtime_end": "2021-08-25",
            "date": "2005-01-01",
            "value": "336"
        },
        {
            "realtime_start": "2021-08-25",
            "realtime_end": "2021-08-25",
            "date": "2005-04-01",
            "value": "334"
        },
        {
            "realtime_start": "2021-08-25",
            "realtime_end": "2021-08-25",
            "date": "2005-07-01",
            "value": "331"
        },
        {
            "realtime_start": "2021-08-25",
            "realtime_end": "2021-08-25",
            "date": "2005-10-01",
            "value": "332"
        },
        {
            "realtime_start": "2021-08-25",
            "realtime_end": "2021-08-25",
            "date": "2006-01-01",
            "value": "332"
        },
        {
            "realtime_start": "2021-08-25",
            "realtime_end": "2021-08-25",
            "date": "2006-04-01",
            "value": "329"
        },
        {
            "realtime_start": "2021-08-25",
            "realtime_end": "2021-08-25",
            "date": "2006-07-01",
            "value": "334"
        },
        {
            "realtime_start": "2021-08-25",
            "realtime_end": "2021-08-25",
            "date": "2006-10-01",
            "value": "337"
        },
        {
            "realtime_start": "2021-08-25",
            "realtime_end": "2021-08-25",
            "date": "2007-01-01",
            "value": "336"
        },
        {
            "realtime_start": "2021-08-25",
            "realtime_end": "2021-08-25",
            "date": "2007-04-01",
            "value": "335"
        },
        {
            "realtime_start": "2021-08-25",
            "realtime_end": "2021-08-25",
            "date": "2007-07-01",
            "value": "336"
        },
        {
            "realtime_start": "2021-08-25",
            "realtime_end": "2021-08-25",
            "date": "2007-10-01",
            "value": "332"
        },
        {
            "realtime_start": "2021-08-25",
            "realtime_end": "2021-08-25",
            "date": "2008-01-01",
            "value": "335"
        },
        {
            "realtime_start": "2021-08-25",
            "realtime_end": "2021-08-25",
            "date": "2008-04-01",
            "value": "335"
        },
        {
            "realtime_start": "2021-08-25",
            "realtime_end": "2021-08-25",
            "date": "2008-07-01",
            "value": "331"
        },
        {
            "realtime_start": "2021-08-25",
            "realtime_end": "2021-08-25",
            "date": "2008-10-01",
            "value": "340"
        },
        {
            "realtime_start": "2021-08-25",
            "realtime_end": "2021-08-25",
            "date": "2009-01-01",
            "value": "345"
        },
        {
            "realtime_start": "2021-08-25",
            "realtime_end": "2021-08-25",
            "date": "2009-04-01",
            "value": "345"
        },
        {
            "realtime_start": "2021-08-25",
            "realtime_end": "2021-08-25",
            "date": "2009-07-01",
            "value": "345"
        },
        {
            "realtime_start": "2021-08-25",
            "realtime_end": "2021-08-25",
            "date": "2009-10-01",
            "value": "344"
        },
        {
            "realtime_start": "2021-08-25",
            "realtime_end": "2021-08-25",
            "date": "2010-01-01",
            "value": "344"
        },
        {
            "realtime_start": "2021-08-25",
            "realtime_end": "2021-08-25",
            "date": "2010-04-01",
            "value": "342"
        },
        {
            "realtime_start": "2021-08-25",
            "realtime_end": "2021-08-25",
            "date": "2010-07-01",
            "value": "342"
        },
        {
            "realtime_start": "2021-08-25",
            "realtime_end": "2021-08-25",
            "date": "2010-10-01",
            "value": "341"
        },
        {
            "realtime_start": "2021-08-25",
            "realtime_end": "2021-08-25",
            "date": "2011-01-01",
            "value": "338"
        },
        {
            "realtime_start": "2021-08-25",
            "realtime_end": "2021-08-25",
            "date": "2011-04-01",
            "value": "336"
        },
        {
            "realtime_start": "2021-08-25",
            "realtime_end": "2021-08-25",
            "date": "2011-07-01",
            "value": "336"
        },
        {
            "realtime_start": "2021-08-25",
            "realtime_end": "2021-08-25",
            "date": "2011-10-01",
            "value": "335"
        },
        {
            "realtime_start": "2021-08-25",
            "realtime_end": "2021-08-25",
            "date": "2012-01-01",
            "value": "335"
        },
        {
            "realtime_start": "2021-08-25",
            "realtime_end": "2021-08-25",
            "date": "2012-04-01",
            "value": "337"
        },
        {
            "realtime_start": "2021-08-25",
            "realtime_end": "2021-08-25",
            "date": "2012-07-01",
            "value": "333"
        },
        {
            "realtime_start": "2021-08-25",
            "realtime_end": "2021-08-25",
            "date": "2012-10-01",
            "value": "333"
        },
        {
            "realtime_start": "2021-08-25",
            "realtime_end": "2021-08-25",
            "date": "2013-01-01",
            "value": "331"
        },
        {
            "realtime_start": "2021-08-25",
            "realtime_end": "2021-08-25",
            "date": "2013-04-01",
            "value": "335"
        },
        {
            "realtime_start": "2021-08-25",
            "realtime_end": "2021-08-25",
            "date": "2013-07-01",
            "value": "334"
        },
        {
            "realtime_start": "2021-08-25",
            "realtime_end": "2021-08-25",
            "date": "2013-10-01",
            "value": "334"
        },
        {
            "realtime_start": "2021-08-25",
            "realtime_end": "2021-08-25",
            "date": "2014-01-01",
            "value": "335"
        },
        {
            "realtime_start": "2021-08-25",
            "realtime_end": "2021-08-25",
            "date": "2014-04-01",
            "value": "330"
        },
        {
            "realtime_start": "2021-08-25",
            "realtime_end": "2021-08-25",
            "date": "2014-07-01",
            "value": "336"
        },
        {
            "realtime_start": "2021-08-25",
            "realtime_end": "2021-08-25",
            "date": "2014-10-01",
            "value": "336"
        },
        {
            "realtime_start": "2021-08-25",
            "realtime_end": "2021-08-25",
            "date": "2015-01-01",
            "value": "341"
        },
        {
            "realtime_start": "2021-08-25",
            "realtime_end": "2021-08-25",
            "date": "2015-04-01",
            "value": "339"
        },
        {
            "realtime_start": "2021-08-25",
            "realtime_end": "2021-08-25",
            "date": "2015-07-01",
            "value": "340"
        },
        {
            "realtime_start": "2021-08-25",
            "realtime_end": "2021-08-25",
            "date": "2015-10-01",
            "value": "345"
        },
        {
            "realtime_start": "2021-08-25",
            "realtime_end": "2021-08-25",
            "date": "2016-01-01",
            "value": "346"
        },
        {
            "realtime_start": "2021-08-25",
            "realtime_end": "2021-08-25",
            "date": "2016-04-01",
            "value": "345"
        },
        {
            "realtime_start": "2021-08-25",
            "realtime_end": "2021-08-25",
            "date": "2016-07-01",
            "value": "347"
        },
        {
            "realtime_start": "2021-08-25",
            "realtime_end": "2021-08-25",
            "date": "2016-10-01",
            "value": "349"
        },
        {
            "realtime_start": "2021-08-25",
            "realtime_end": "2021-08-25",
            "date": "2017-01-01",
            "value": "352"
        },
        {
            "realtime_start": "2021-08-25",
            "realtime_end": "2021-08-25",
            "date": "2017-04-01",
            "value": "354"
        },
        {
            "realtime_start": "2021-08-25",
            "realtime_end": "2021-08-25",
            "date": "2017-07-01",
            "value": "352"
        },
        {
            "realtime_start": "2021-08-25",
            "realtime_end": "2021-08-25",
            "date": "2017-10-01",
            "value": "345"
        },
        {
            "realtime_start": "2021-08-25",
            "realtime_end": "2021-08-25",
            "date": "2018-01-01",
            "value": "351"
        },
        {
            "realtime_start": "2021-08-25",
            "realtime_end": "2021-08-25",
            "date": "2018-04-01",
            "value": "351"
        },
        {
            "realtime_start": "2021-08-25",
            "realtime_end": "2021-08-25",
            "date": "2018-07-01",
            "value": "354"
        },
        {
            "realtime_start": "2021-08-25",
            "realtime_end": "2021-08-25",
            "date": "2018-10-01",
            "value": "355"
        },
        {
            "realtime_start": "2021-08-25",
            "realtime_end": "2021-08-25",
            "date": "2019-01-01",
            "value": "355"
        },
        {
            "realtime_start": "2021-08-25",
            "realtime_end": "2021-08-25",
            "date": "2019-04-01",
            "value": "358"
        },
        {
            "realtime_start": "2021-08-25",
            "realtime_end": "2021-08-25",
            "date": "2019-07-01",
            "value": "360"
        },
        {
            "realtime_start": "2021-08-25",
            "realtime_end": "2021-08-25",
            "date": "2019-10-01",
            "value": "362"
        },
        {
            "realtime_start": "2021-08-25",
            "realtime_end": "2021-08-25",
            "date": "2020-01-01",
            "value": "367"
        },
        {
            "realtime_start": "2021-08-25",
            "realtime_end": "2021-08-25",
            "date": "2020-04-01",
            "value": "393"
        },
        {
            "realtime_start": "2021-08-25",
            "realtime_end": "2021-08-25",
            "date": "2020-07-01",
            "value": "384"
        },
        {
            "realtime_start": "2021-08-25",
            "realtime_end": "2021-08-25",
            "date": "2020-10-01",
            "value": "377"
        },
        {
            "realtime_start": "2021-08-25",
            "realtime_end": "2021-08-25",
            "date": "2021-01-01",
            "value": "373"
        }
    ]
}