{
    "realtime_start": "2021-08-25",
    "realtime_end": "2021-08-25",
    "observation_start": "1600-01-01",
    "observation_end": "9999-12-31",
    "units": "lin",
    "output_type": 1,
    "file_type": "json",
    "order_by": "observation_date",
    "sort_order": "asc",
    "count": 499,
    "offset": 0,
    "limit": 100000,
    "observations": [
        {
            "realtime_start": "2021-08-25",
            "realtime_end": "2021-08-25",
            "date": "1980-01-01",
            "value": "."
        },
        {
            "realtime_start": "2021-08-25",
            "realtime_end": "2021-08-25",
            "date": "1980-02-01",
            "value": "."
        },
        {
            "realtime_start": "2021-08-25",
            "realtime_end": "2021-08-25",
            "date": "1980-03-01",
            "value": "."
        },
        {
            "realtime_start": "2021-08-25",
            "realtime_end": "2021-08-25",
            "date": "1980-04-01",
            "value": "."
        },
        {
            "realtime_start": "2021-08-25",
            "realtime_end": "2021-08-25",
            "date": "1980-05-01",
            "value": "."
        },
        {
            "realtime_start": "2021-08-25",
            "realtime_end": "2021-08-25",
            "date": "1980-06-01",
            "value": "."
        },
        {
            "realtime_start": "2021-08-25",
            "realtime_end": "2021-08-25",
            "date": "1980-07-01",
            "value": "."
        },
        {
            "realtime_start": "2021-08-25",
            "realtime_end": "2021-08-25",
            "date": "1980-08-01",
            "value": "."
        },
        {
            "realtime_start": "2021-08-25",
            "realtime_end": "2021-08-25",
            "date": "1980-09-01",
            "value": "."
        },
        {
            "realtime_start": "2021-08-25",
            "realtime_end": "2021-08-25",
            "date": "1980-10-01",
            "value": "."
        },
        {
            "realtime_start": "2021-08-25",
            "realtime_end": "2021-08-25",
            "date": "1980-11-01",
            "value": "."
        },
        {
            "realtime_start": "2021-08-25",
            "realtime_end": "2021-08-25",
            "date": "1980-12-01",
            "value": "."
        },
        {
            "realtime_start": "2021-08-25",
            "realtime_end": "2021-08-25",
            "date": "1981-01-01",
            "value": "."
        },
        {
            "realtime_start": "2021-08-25",
            "realtime_end": "2021-08-25",
            "date": "1981-02-01",
            "value": "."
        },
        {
            "realtime_start": "2021-08-25",
            "realtime_end": "2021-08-25",
            "date": "1981-03-01",
            "value": "."
        },
        {
            "realtime_start": "2021-08-25",
            "realtime_end": "2021-08-25",
            "date": "1981-04-01",
            "value": "."
        },
        {
            "realtime_start": "2021-08-25",
            "realtime_end": "2021-08-25",
            "date": "1981-05-01",
            "value": "."
        },
        {
            "realtime_start": "2021-08-25",
            "realtime_end": "2021-08-25",
            "date": "1981-06-01",
            "value": "."
        },
        {
            "realtime_start": "2021-08-25",
            "realtime_end": "2021-08-25",
            "date": "1981-07-01",
            "value": "."
        },
        {
            "realtime_start": "2021-08-25",
            "realtime_end": "2021-08-25",
            "date": "1981-08-01",
            "value": "."
        },
        {
            "realtime_start": "2021-08-25",
            "realtime_end": "2021-08-25",
            "date": "1981-09-01",
            "value": "."
        },
        {
            "realtime_start": "2021-08-25",
            "realtime_end": "2021-08-25",
            "date": "1981-10-01",
            "value": "."
        },
        {
            "realtime_start": "2021-08-25",
            "realtime_end": "2021-08-25",
            "date": "1981-11-01",
            "value": "."
        },
        {
            "realtime_start": "2021-08-25",
            "realtime_end": "2021-08-25",
            "date": "1981-12-01",
            "value": "."
        },
        {
            "realtime_start": "2021-08-25",
            "realtime_end": "2021-08-25",
            "date": "1982-01-01",
            "value": "."
        },
        {
            "realtime_start": "2021-08-25",
            "realtime_end": "2021-08-25",
            "date": "1982-02-01",
            "value": "."
        },
        {
            "realtime_start": "2021-08-25",
            "realtime_end": "2021-08-25",
            "date": "1982-03-01",
            "value": "."
        },
        {
            "realtime_start": "2021-08-25",
            "realtime_end": "2021-08-25",
            "date": "1982-04-01",
            "value": "."
        },
        {
            "realtime_start": "2021-08-25",
            "realtime_end": "2021-08-25",
            "date": "1982-05-01",
            "value": "."
        },
        {
            "realtime_start": "2021-08-25",
            "realtime_end": "2021-08-25",
            "date": "1982-06-01",
            "value": "."
        },
        {
            "realtime_start": "2021-08-25",
            "realtime_end": "2021-08-25",
            "date": "1982-07-01",
            "value": "."
        },
        {
            "realtime_start": "2021-08-25",
            "realtime_end": "2021-08-25",
            "date": "1982-08-01",
            "value": "."
        },
        {
            "realtime_start": "2021-08-25",
            "realtime_end": "2021-08-25",
            "date": "1982-09-01",
            "value": "."
        },
        {
            "realtime_start": "2021-08-25",
            "realtime_end": "2021-08-25",
            "date": "1982-10-01",
            "value": "."
        },
        {
            "realtime_start": "2021-08-25",
            "realtime_end": "2021-08-25",
            "date": "1982-11-01",
            "value": "."
        },
        {
            "realtime_start": "2021-08-25",
            "realtime_end": "2021-08-25",
            "date": "1982-12-01",
            "value": "."
        },
        {
            "realtime_start": "2021-08-25",
            "realtime_end": "2021-08-25",
            "date": "1983-01-01",
            "value": "."
        },
        {
            "realtime_start": "2021-08-25",
            "realtime_end": "2021-08-25",
            "date": "1983-02-01",
            "value": "."
        },
        {
            "realtime_start": "2021-08-25",
            "realtime_end": "2021-08-25",
            "date": "1983-03-01",
            "value": "."
        },
        {
            "realtime_start": "2021-08-25",
            "realtime_end": "2021-08-25",
            "date": "1983-04-01",
            "value": "."
        },
        {
            "realtime_start": "2021-08-25",
            "realtime_end": "2021-08-25",
            "date": "1983-05-01",
            "value": "."
        },
        {
            "realtime_start": "2021-08-25",
            "realtime_end": "2021-08-25",
            "date": "1983-06-01",
            "value": "."
        },
        {
            "realtime_start": "2021-08-25",
            "realtime_end": "2021-08-25",
            "date": "1983-07-01",
            "value": "."
        },
        {
            "realtime_start": "2021-08-25",
            "realtime_end": "2021-08-25",
            "date": "1983-08-01",
            "value": "."
        },
        {
            "realtime_start": "2021-08-25",
            "realtime_end": "2021-08-25",
            "date": "1983-09-01",
            "value": "."
        },
        {
            "realtime_start": "2021-08-25",
            "realtime_end": "2021-08-25",
            "date": "1983-10-01",
            "value": "."
        },
        {
            "realtime_start": "2021-08-25",
            "realtime_end": "2021-08-25",
            "date": "1983-11-01",
            "value": "."
        },
        {
            "realtime_start": "2021-08-25",
            "realtime_end": "2021-08-25",
            "date": "1983-12-01",
            "value": "."
        },
        {
            "realtime_start": "2021-08-25",
            "realtime_end": "2021-08-25",
            "date": "1984-01-01",
            "value": "."
        },
        {
            "realtime_start": "2021-08-25",
            "realtime_end": "2021-08-25",
            "date": "1984-02-01",
            "value": "."
        },
        {
            "realtime_start": "2021-08-25",
            "realtime_end": "2021-08-25",
            "date": "1984-03-01",
            "value": "."
        },
        {
            "realtime_start": "2021-08-25",
            "realtime_end": "2021-08-25",
            "date": "1984-04-01",
            "value": "."
        },
        {
            "realtime_start": "2021-08-25",
            "realtime_end": "2021-08-25",
            "date": "1984-05-01",
            "value": "."
        },
        {
            "realtime_start": "2021-08-25",
            "realtime_end": "2021-08-25",
            "date": "1984-06-01",
            "value": "."
        },
        {
            "realtime_start": "2021-08-25",
            "realtime_end": "2021-08-25",
            "date": "1984-07-01",
            "value": "."
        },
        {
            "realtime_start": "2021-08-25",
            "realtime_end": "2021-08-25",
            "date": "1984-08-01",
            "value": "."
        },
        {
            "realtime_start": "2021-08-25",
            "realtime_end": "2021-08-25",
            "date": "1984-09-01",
            "value": "."
        },
        {
            "realtime_start": "2021-08-25",
            "realtime_end": "2021-08-25",
            "date": "1984-10-01",
            "value": "."
        },
        {
            "realtime_start": "2021-08-25",
            "realtime_end": "2021-08-25",
            "date": "1984-11-01",
            "value": "."
        },
        {
            "realtime_start": "2021-08-25",
            "realtime_end": "2021-08-25",
            "date": "1984-12-01",
            "value": "."
        },
        {
            "realtime_start": "2021-08-25",
            "realtime_end": "2021-08-25",
            "date": "1985-01-01",
            "value": "."
        },
        {
            "realtime_start": "2021-08-25",
            "realtime_end": "2021-08-25",
            "date": "1985-02-01",
            "value": "."
        },
        {
            "realtime_start": "2021-08-25",
            "realtime_end": "2021-08-25",
            "date": "1985-03-01",
            "value": "."
        },
        {
            "realtime_start": "2021-08-25",
            "realtime_end": "2021-08-25",
            "date": "1985-04-01",
            "value": "."
        },
        {
            "realtime_start": "2021-08-25",
            "realtime_end": "2021-08-25",
            "date": "1985-05-01",
            "value": "."
        },
        {
            "realtime_start": "2021-08-25",
            "realtime_end": "2021-08-25",
            "date": "1985-06-01",
            "value": "."
        },
        {
            "realtime_start": "2021-08-25",
            "realtime_end": "2021-08-25",
            "date": "1985-07-01",
            "value": "."
        },
        {
            "realtime_start": "2021-08-25",
            "realtime_end": "2021-08-25",
            "date": "1985-08-01",
            "value": "."
        },
        {
            "realtime_start": "2021-08-25",
            "realtime_end": "2021-08-25",
            "date": "1985-09-01",
            "value": "."
        },
        {
            "realtime_start": "2021-08-25",
            "realtime_end": "2021-08-25",
            "date": "1985-10-01",
            "value": "."
        },
        {
            "realtime_start": "2021-08-25",
            "realtime_end": "2021-08-25",
            "date": "1985-11-01",
            "value": "."
        },
        {
            "realtime_start": "2021-08-25",
            "realtime_end": "2021-08-25",
            "date": "1985-12-01",
            "value": "."
        },
        {
            "realtime_start": "2021-08-25",
            "realtime_end": "2021-08-25",
            "date": "1986-01-01",
            "value": "."
        },
        {
            "realtime_start": "2021-08-25",
            "realtime_end": "2021-08-25",
            "date": "1986-02-01",
            "value": "."
        },
        {
            "realtime_start": "2021-08-25",
            "realtime_end": "2021-08-25",
            "date": "1986-03-01",
            "value": "."
        },
        {
            "realtime_start": "2021-08-25",
            "realtime_end": "2021-08-25",
            "date": "1986-04-01",
            "value": "."
        },
        {
            "realtime_start": "2021-08-25",
            "realtime_end": "2021-08-25",
            "date": "1986-05-01",
            "value": "."
        },
        {
            "realtime_start": "2021-08-25",
            "realtime_end": "2021-08-25",
            "date": "1986-06-01",
            "value": "."
        },
        {
            "realtime_start": "2021-08-25",
            "realtime_end": "2021-08-25",
            "date": "1986-07-01",
            "value": "."
        },
        {
            "realtime_start": "2021-08-25",
            "realtime_end": "2021-08-25",
            "date": "1986-08-01",
            "value": "."
        },
        {
            "realtime_start": "2021-08-25",
            "realtime_end": "2021-08-25",
            "date": "1986-09-01",
            "value": "."
        },
        {
            "realtime_start": "2021-08-25",
            "realtime_end": "2021-08-25",
            "date": "1986-10-01",
            "value": "."
        },
        {
            "realtime_start": "2021-08-25",
            "realtime_end": "2021-08-25",
            "date": "1986-11-01",
            "value": "."
        },
        {
            "realtime_start": "2021-08-25",
            "realtime_end": "2021-08-25",
            "date": "1986-12-01",
            "value": "."
        },
        {
            "realtime_start": "2021-08-25",
            "realtime_end": "2021-08-25",
            "date": "1987-01-01",
            "value": "."
        },
        {
            "realtime_start": "2021-08-25",
            "realtime_end": "2021-08-25",
            "date": "1987-02-01",
            "value": "."
        },
        {
            "realtime_start": "2021-08-25",
            "realtime_end": "2021-08-25",
            "date": "1987-03-01",
            "value": "."
        },
        {
            "realtime_start": "2021-08-25",
            "realtime_end": "2021-08-25",
            "date": "1987-04-01",
            "value": "."
        },
        {
            "realtime_start": "2021-08-25",
            "realtime_end": "2021-08-25",
            "date": "1987-05-01",
            "value": "."
        },
        {
            "realtime_start": "2021-08-25",
            "realtime_end": "2021-08-25",
            "date": "1987-06-01",
            "value": "."
        },
        {
            "realtime_start": "2021-08-25",
            "realtime_end": "2021-08-25",
            "date": "1987-07-01",
            "value": "."
        },
        {
            "realtime_start": "2021-08-25",
            "realtime_end": "2021-08-25",
            "date": "1987-08-01",
            "value": "."
        },
        {
            "realtime_start": "2021-08-25",
            "realtime_end": "2021-08-25",
            "date": "1987-09-01",
            "value": "."
        },
        {
            "realtime_start": "2021-08-25",
            "realtime_end": "2021-08-25",
            "date": "1987-10-01",
            "value": "."
        },
        {
            "realtime_start": "2021-08-25",
            "realtime_end": "2021-08-25",
            "date": "1987-11-01",
            "value": "."
        },
        {
            "realtime_start": "2021-08-25",
            "realtime_end": "2021-08-25",
            "date": "1987-12-01",
            "value": "."
        },
        {
            "realtime_start": "2021-08-25",
            "realtime_end": "2021-08-25",
            "date": "1988-01-01",
            "value": "."
        },
        {
            "realtime_start": "2021-08-25",
            "realtime_end": "2021-08-25",
            "date": "1988-02-01",
            "value": "."
        },
        {
            "realtime_start": "2021-08-25",
            "realtime_end": "2021-08-25",
            "date": "1988-03-01",
            "value": "."
        },
        {
            "realtime_start": "2021-08-25",
            "realtime_end": "2021-08-25",
            "date": "1988-04-01",
            "value": "."
        },
        {
            "realtime_start": "2021-08-25",
            "realtime_end": "2021-08-25",
            "date": "1988-05-01",
            "value": "."
        },
        {
            "realtime_start": "2021-08-25",
            "realtime_end": "2021-08-25",
            "date": "1988-06-01",
            "value": "."
        },
        {
            "realtime_start": "2021-08-25",
            "realtime_end": "2021-08-25",
            "date": "1988-07-01",
            "value": "."
        },
        {
            "realtime_start": "2021-08-25",
            "realtime_end": "2021-08-25",
            "date": "1988-08-01",
            "value": "."
        },
        {
            "realtime_start": "2021-08-25",
            "realtime_end": "2021-08-25",
            "date": "1988-09-01",
            "value": "."
        },
        {
            "realtime_start": "2021-08-25",
            "realtime_end": "2021-08-25",
            "date": "1988-10-01",
            "value": "."
        },
        {
            "realtime_start": "2021-08-25",
            "realtime_end": "2021-08-25",
            "date": "1988-11-01",
            "value": "."
        },
        {
            "realtime_start": "2021-08-25",
            "realtime_end": "2021-08-25",
            "date": "1988-12-01",
            "value": "."
        },
        {
            "realtime_start": "2021-08-25",
            "realtime_end": "2021-08-25",
            "date": "1989-01-01",
            "value": "."
        },
        {
            "realtime_start": "2021-08-25",
            "realtime_end": "2021-08-25",
            "date": "1989-02-01",
            "value": "."
        },
        {
            "realtime_start": "2021-08-25",
            "realtime_end": "2021-08-25",
            "date": "1989-03-01",
            "value": "."
        },
        {
            "realtime_start": "2021-08-25",
            "realtime_end": "2021-08-25",
            "date": "1989-04-01",
            "value": "."
        },
        {
            "realtime_start": "2021-08-25",
            "realtime_end": "2021-08-25",
            "date": "1989-05-01",
            "value": "."
        },
        {
            "realtime_start": "2021-08-25",
            "realtime_end": "2021-08-25",
            "date": "1989-06-01",
            "value": "."
        },
        {
            "realtime_start": "2021-08-25",
            "realtime_end": "2021-08-25",
            "date": "1989-07-01",
            "value": "."
        },
        {
            "realtime_start": "2021-08-25",
            "realtime_end": "2021-08-25",
            "date": "1989-08-01",
            "value": "."
        },
        {
            "realtime_start": "2021-08-25",
            "realtime_end": "2021-08-25",
            "date": "1989-09-01",
            "value": "."
        },
        {
            "realtime_start": "2021-08-25",
            "realtime_end": "2021-08-25",
            "date": "1989-10-01",
            "value": "."
        },
        {
            "realtime_start": "2021-08-25",
            "realtime_end": "2021-08-25",
            "date": "1989-11-01",
            "value": "."
        },
        {
            "realtime_start": "2021-08-25",
            "realtime_end": "2021-08-25",
            "date": "1989-12-01",
            "value": "."
        },
        {
            "realtime_start": "2021-08-25",
            "realtime_end": "2021-08-25",
            "date": "1990-01-01",
            "value": "2365.55699088135"
        },
        {
            "realtime_start": "2021-08-25",
            "realtime_end": "2021-08-25",
            "date": "1990-02-01",
            "value": "2358.9434"
        },
        {
            "realtime_start": "2021-08-25",
            "realtime_end": "2021-08-25",
            "date": "1990-03-01",
            "value": "2625.70272275848"
        },
        {
            "realtime_start": "2021-08-25",
            "realtime_end": "2021-08-25",
            "date": "1990-04-01",
            "value": "2685.22689088135"
        },
        {
            "realtime_start": "2021-08-25",
            "realtime_end": "2021-08-25",
            "date": "1990-05-01",
            "value": "2740.34239088135"
        },
        {
            "realtime_start": "2021-08-25",
            "realtime_end": "2021-08-25",
            "date": "1990-06-01",
            "value": "2583.81490911865"
        },
        {
            "realtime_start": "2021-08-25",
            "realtime_end": "2021-08-25",
            "date": "1990-07-01",
            "value": "2769.00302275848"
        },
        {
            "realtime_start": "2021-08-25",
            "realtime_end": "2021-08-25",
            "date": "1990-08-01",
            "value": "2956.39555455933"
        },
        {
            "realtime_start": "2021-08-25",
            "realtime_end": "2021-08-25",
            "date": "1990-09-01",
            "value": "3040.17084544067"
        },
        {
            "realtime_start": "2021-08-25",
            "realtime_end": "2021-08-25",
            "date": "1990-10-01",
            "value": "2742.54697724152"
        },
        {
            "realtime_start": "2021-08-25",
            "realtime_end": "2021-08-25",
            "date": "1990-11-01",
            "value": "2583.81490911865"
        },
        {
            "realtime_start": "2021-08-25",
            "realtime_end": "2021-08-25",
            "date": "1990-12-01",
            "value": "2484.60700911865"
        },
        {
            "realtime_start": "2021-08-25",
            "realtime_end": "2021-08-25",
            "date": "1991-01-01",
            "value": "2447.1282"
        },
        {
            "realtime_start": "2021-08-25",
            "realtime_end": "2021-08-25",
            "date": "1991-02-01",
            "value": "2447.1282"
        },
        {
            "realtime_start": "2021-08-25",
            "realtime_end": "2021-08-25",
            "date": "1991-03-01",
            "value": "2409.64939088135"
        },
        {
            "realtime_start": "2021-08-25",
            "realtime_end": "2021-08-25",
            "date": "1991-04-01",
            "value": "2471.37932275848"
        },
        {
            "realtime_start": "2021-08-25",
            "realtime_end": "2021-08-25",
            "date": "1991-05-01",
            "value": "2340.4246727356"
        },
        {
            "realtime_start": "2021-08-25",
            "realtime_end": "2021-08-25",
            "date": "1991-06-01",
            "value": "2218.06802725677"
        },
        {
            "realtime_start": "2021-08-25",
            "realtime_end": "2021-08-25",
            "date": "1991-07-01",
            "value": "2231.25534581909"
        },
        {
            "realtime_start": "2021-08-25",
            "realtime_end": "2021-08-25",
            "date": "1991-08-01",
            "value": "2236.18677692413"
        },
        {
            "realtime_start": "2021-08-25",
            "realtime_end": "2021-08-25",
            "date": "1991-09-01",
            "value": "2318.58300291138"
        },
        {
            "realtime_start": "2021-08-25",
            "realtime_end": "2021-08-25",
            "date": "1991-10-01",
            "value": "2360.64557547607"
        },
        {
            "realtime_start": "2021-08-25",
            "realtime_end": "2021-08-25",
            "date": "1991-11-01",
            "value": "2375.66037788696"
        },
        {
            "realtime_start": "2021-08-25",
            "realtime_end": "2021-08-25",
            "date": "1991-12-01",
            "value": "2205.91849749756"
        },
        {
            "realtime_start": "2021-08-25",
            "realtime_end": "2021-08-25",
            "date": "1992-01-01",
            "value": "2150.57962901611"
        },
        {
            "realtime_start": "2021-08-25",
            "realtime_end": "2021-08-25",
            "date": "1992-02-01",
            "value": "2208.89225860596"
        },
        {
            "realtime_start": "2021-08-25",
            "realtime_end": "2021-08-25",
            "date": "1992-03-01",
            "value": "2231.78550956421"
        },
        {
            "realtime_start": "2021-08-25",
            "realtime_end": "2021-08-25",
            "date": "1992-04-01",
            "value": "2214.16681599274"
        },
        {
            "realtime_start": "2021-08-25",
            "realtime_end": "2021-08-25",
            "date": "1992-05-01",
            "value": "2219.31505581207"
        },
        {
            "realtime_start": "2021-08-25",
            "realtime_end": "2021-08-25",
            "date": "1992-06-01",
            "value": "2296.44193858643"
        },
        {
            "realtime_start": "2021-08-25",
            "realtime_end": "2021-08-25",
            "date": "1992-07-01",
            "value": "2527.28502240143"
        },
        {
            "realtime_start": "2021-08-25",
            "realtime_end": "2021-08-25",
            "date": "1992-08-01",
            "value": "2513.46998458252"
        },
        {
            "realtime_start": "2021-08-25",
            "realtime_end": "2021-08-25",
            "date": "1992-09-01",
            "value": "2419.61418178101"
        },
        {
            "realtime_start": "2021-08-25",
            "realtime_end": "2021-08-25",
            "date": "1992-10-01",
            "value": "2262.45696237183"
        },
        {
            "realtime_start": "2021-08-25",
            "realtime_end": "2021-08-25",
            "date": "1992-11-01",
            "value": "2161.78909368286"
        },
        {
            "realtime_start": "2021-08-25",
            "realtime_end": "2021-08-25",
            "date": "1992-12-01",
            "value": "2211.95028749237"
        },
        {
            "realtime_start": "2021-08-25",
            "realtime_end": "2021-08-25",
            "date": "1993-01-01",
            "value": "2264.21397077332"
        },
        {
            "realtime_start": "2021-08-25",
            "realtime_end": "2021-08-25",
            "date": "1993-02-01",
            "value": "2212.18139313507"
        },
        {
            "realtime_start": "2021-08-25",
            "realtime_end": "2021-08-25",
            "date": "1993-03-01",
            "value": "2152.38020099945"
        },
        {
            "realtime_start": "2021-08-25",
            "realtime_end": "2021-08-25",
            "date": "1993-04-01",
            "value": "1953.62060192108"
        },
        {
            "realtime_start": "2021-08-25",
            "realtime_end": "2021-08-25",
            "date": "1993-05-01",
            "value": "1799.35169844818"
        },
        {
            "realtime_start": "2021-08-25",
            "realtime_end": "2021-08-25",
            "date": "1993-06-01",
            "value": "1857.87070840454"
        },
        {
            "realtime_start": "2021-08-25",
            "realtime_end": "2021-08-25",
            "date": "1993-07-01",
            "value": "1927.33981992645"
        },
        {
            "realtime_start": "2021-08-25",
            "realtime_end": "2021-08-25",
            "date": "1993-08-01",
            "value": "1951.07137548676"
        },
        {
            "realtime_start": "2021-08-25",
            "realtime_end": "2021-08-25",
            "date": "1993-09-01",
            "value": "1858.24999750519"
        },
        {
            "realtime_start": "2021-08-25",
            "realtime_end": "2021-08-25",
            "date": "1993-10-01",
            "value": "1646.99992897491"
        },
        {
            "realtime_start": "2021-08-25",
            "realtime_end": "2021-08-25",
            "date": "1993-11-01",
            "value": "1632.56810484467"
        },
        {
            "realtime_start": "2021-08-25",
            "realtime_end": "2021-08-25",
            "date": "1993-12-01",
            "value": "1723.6250736618"
        },
        {
            "realtime_start": "2021-08-25",
            "realtime_end": "2021-08-25",
            "date": "1994-01-01",
            "value": "1807.07136699066"
        },
        {
            "realtime_start": "2021-08-25",
            "realtime_end": "2021-08-25",
            "date": "1994-02-01",
            "value": "1865.07501472778"
        },
        {
            "realtime_start": "2021-08-25",
            "realtime_end": "2021-08-25",
            "date": "1994-03-01",
            "value": "1913.17391866455"
        },
        {
            "realtime_start": "2021-08-25",
            "realtime_end": "2021-08-25",
            "date": "1994-04-01",
            "value": "1881.36846713562"
        },
        {
            "realtime_start": "2021-08-25",
            "realtime_end": "2021-08-25",
            "date": "1994-05-01",
            "value": "2144.50007046051"
        },
        {
            "realtime_start": "2021-08-25",
            "realtime_end": "2021-08-25",
            "date": "1994-06-01",
            "value": "2363.09102303009"
        },
        {
            "realtime_start": "2021-08-25",
            "realtime_end": "2021-08-25",
            "date": "1994-07-01",
            "value": "2447.23803404999"
        },
        {
            "realtime_start": "2021-08-25",
            "realtime_end": "2021-08-25",
            "date": "1994-08-01",
            "value": "2409.74997397766"
        },
        {
            "realtime_start": "2021-08-25",
            "realtime_end": "2021-08-25",
            "date": "1994-09-01",
            "value": "2504.84103139343"
        },
        {
            "realtime_start": "2021-08-25",
            "realtime_end": "2021-08-25",
            "date": "1994-10-01",
            "value": "2546.02375416412"
        },
        {
            "realtime_start": "2021-08-25",
            "realtime_end": "2021-08-25",
            "date": "1994-11-01",
            "value": "2803.54541098175"
        },
        {
            "realtime_start": "2021-08-25",
            "realtime_end": "2021-08-25",
            "date": "1994-12-01",
            "value": "2980.69999645081"
        },
        {
            "realtime_start": "2021-08-25",
            "realtime_end": "2021-08-25",
            "date": "1995-01-01",
            "value": "3003.26189506836"
        },
        {
            "realtime_start": "2021-08-25",
            "realtime_end": "2021-08-25",
            "date": "1995-02-01",
            "value": "2870.45015814514"
        },
        {
            "realtime_start": "2021-08-25",
            "realtime_end": "2021-08-25",
            "date": "1995-03-01",
            "value": "2919.67397804871"
        },
        {
            "realtime_start": "2021-08-25",
            "realtime_end": "2021-08-25",
            "date": "1995-04-01",
            "value": "2894.88882296448"
        },
        {
            "realtime_start": "2021-08-25",
            "realtime_end": "2021-08-25",
            "date": "1995-05-01",
            "value": "2771.57125569763"
        },
        {
            "realtime_start": "2021-08-25",
            "realtime_end": "2021-08-25",
            "date": "1995-06-01",
            "value": "2987.68194348755"
        },
        {
            "realtime_start": "2021-08-25",
            "realtime_end": "2021-08-25",
            "date": "1995-07-01",
            "value": "3076.4500581665"
        },
        {
            "realtime_start": "2021-08-25",
            "realtime_end": "2021-08-25",
            "date": "1995-08-01",
            "value": "3040.13619641418"
        },
        {
            "realtime_start": "2021-08-25",
            "realtime_end": "2021-08-25",
            "date": "1995-09-01",
            "value": "2910.42504276428"
        },
        {
            "realtime_start": "2021-08-25",
            "realtime_end": "2021-08-25",
            "date": "1995-10-01",
            "value": "2810.06817431793"
        },
        {
            "realtime_start": "2021-08-25",
            "realtime_end": "2021-08-25",
            "date": "1995-11-01",
            "value": "2981.61903664856"
        },
        {
            "realtime_start": "2021-08-25",
            "realtime_end": "2021-08-25",
            "date": "1995-12-01",
            "value": "2918.21064537659"
        },
        {
            "realtime_start": "2021-08-25",
            "realtime_end": "2021-08-25",
            "date": "1996-01-01",
            "value": "2604.99992943115"
        },
        {
            "realtime_start": "2021-08-25",
            "realtime_end": "2021-08-25",
            "date": "1996-02-01",
            "value": "2544.66672335968"
        },
        {
            "realtime_start": "2021-08-25",
            "realtime_end": "2021-08-25",
            "date": "1996-03-01",
            "value": "2563.34994940033"
        },
        {
            "realtime_start": "2021-08-25",
            "realtime_end": "2021-08-25",
            "date": "1996-04-01",
            "value": "2594.17496803894"
        },
        {
            "realtime_start": "2021-08-25",
            "realtime_end": "2021-08-25",
            "date": "1996-05-01",
            "value": "2658.76193080902"
        },
        {
            "realtime_start": "2021-08-25",
            "realtime_end": "2021-08-25",
            "date": "1996-06-01",
            "value": "2177.59998270721"
        },
        {
            "realtime_start": "2021-08-25",
            "realtime_end": "2021-08-25",
            "date": "1996-07-01",
            "value": "1983.93479971771"
        },
        {
            "realtime_start": "2021-08-25",
            "realtime_end": "2021-08-25",
            "date": "1996-08-01",
            "value": "2017.85720584564"
        },
        {
            "realtime_start": "2021-08-25",
            "realtime_end": "2021-08-25",
            "date": "1996-09-01",
            "value": "1935.07143060913"
        },
        {
            "realtime_start": "2021-08-25",
            "realtime_end": "2021-08-25",
            "date": "1996-10-01",
            "value": "1960.19567519531"
        },
        {
            "realtime_start": "2021-08-25",
            "realtime_end": "2021-08-25",
            "date": "1996-11-01",
            "value": "2215.42864607391"
        },
        {
            "realtime_start": "2021-08-25",
            "realtime_end": "2021-08-25",
            "date": "1996-12-01",
            "value": "2264.59527826385"
        },
        {
            "realtime_start": "2021-08-25",
            "realtime_end": "2021-08-25",
            "date": "1997-01-01",
            "value": "2427.27279402924"
        },
        {
            "realtime_start": "2021-08-25",
            "realtime_end": "2021-08-25",
            "date": "1997-02-01",
            "value": "2406.63156159363"
        },
        {
            "realtime_start": "2021-08-25",
            "realtime_end": "2021-08-25",
            "date": "1997-03-01",
            "value": "2420.1842087265"
        },
        {
            "realtime_start": "2021-08-25",
            "realtime_end": "2021-08-25",
            "date": "1997-04-01",
            "value": "2389.31814949341"
        },
        {
            "realtime_start": "2021-08-25",
            "realtime_end": "2021-08-25",
            "date": "1997-05-01",
            "value": "2513.29993523407"
        },
        {
            "realtime_start": "2021-08-25",
            "realtime_end": "2021-08-25",
            "date": "1997-06-01",
            "value": "2611.28570015411"
        },
        {
            "realtime_start": "2021-08-25",
            "realtime_end": "2021-08-25",
            "date": "1997-07-01",
            "value": "2449.19570404663"
        },
        {
            "realtime_start": "2021-08-25",
            "realtime_end": "2021-08-25",
            "date": "1997-08-01",
            "value": "2250.10004305115"
        },
        {
            "realtime_start": "2021-08-25",
            "realtime_end": "2021-08-25",
            "date": "1997-09-01",
            "value": "2104.30955452118"
        },
        {
            "realtime_start": "2021-08-25",
            "realtime_end": "2021-08-25",
            "date": "1997-10-01",
            "value": "2050.6955684021"
        },
        {
            "realtime_start": "2021-08-25",
            "realtime_end": "2021-08-25",
            "date": "1997-11-01",
            "value": "1918.49994499359"
        },
        {
            "realtime_start": "2021-08-25",
            "realtime_end": "2021-08-25",
            "date": "1997-12-01",
            "value": "1761.45239143524"
        },
        {
            "realtime_start": "2021-08-25",
            "realtime_end": "2021-08-25",
            "date": "1998-01-01",
            "value": "1687.60000986328"
        },
        {
            "realtime_start": "2021-08-25",
            "realtime_end": "2021-08-25",
            "date": "1998-02-01",
            "value": "1663.99998604431"
        },
        {
            "realtime_start": "2021-08-25",
            "realtime_end": "2021-08-25",
            "date": "1998-03-01",
            "value": "1747.15916341095"
        },
        {
            "realtime_start": "2021-08-25",
            "realtime_end": "2021-08-25",
            "date": "1998-04-01",
            "value": "1800.12507817535"
        },
        {
            "realtime_start": "2021-08-25",
            "realtime_end": "2021-08-25",
            "date": "1998-05-01",
            "value": "1731.65792903595"
        },
        {
            "realtime_start": "2021-08-25",
            "realtime_end": "2021-08-25",
            "date": "1998-06-01",
            "value": "1656.59518632507"
        },
        {
            "realtime_start": "2021-08-25",
            "realtime_end": "2021-08-25",
            "date": "1998-07-01",
            "value": "1655.66672697449"
        },
        {
            "realtime_start": "2021-08-25",
            "realtime_end": "2021-08-25",
            "date": "1998-08-01",
            "value": "1619.92507875671"
        },
        {
            "realtime_start": "2021-08-25",
            "realtime_end": "2021-08-25",
            "date": "1998-09-01",
            "value": "1646.77269191284"
        },
        {
            "realtime_start": "2021-08-25",
            "realtime_end": "2021-08-25",
            "date": "1998-10-01",
            "value": "1585.49992534637"
        },
        {
            "realtime_start": "2021-08-25",
            "realtime_end": "2021-08-25",
            "date": "1998-11-01",
            "value": "1573.72497511139"
        },
        {
            "realtime_start": "2021-08-25",
            "realtime_end": "2021-08-25",
            "date": "1998-12-01",
            "value": "1475.76309447174"
        },
        {
            "realtime_start": "2021-08-25",
            "realtime_end": "2021-08-25",
            "date": "1999-01-01",
            "value": "1432.00002842255"
        },
        {
            "realtime_start": "2021-08-25",
            "realtime_end": "2021-08-25",
            "date": "1999-02-01",
            "value": "1412.95"
        },
        {
            "realtime_start": "2021-08-25",
            "realtime_end": "2021-08-25",
            "date": "1999-03-01",
            "value": "1378.47727272727"
        },
        {
            "realtime_start": "2021-08-25",
            "realtime_end": "2021-08-25",
            "date": "1999-04-01",
            "value": "1463.725"
        },
        {
            "realtime_start": "2021-08-25",
            "realtime_end": "2021-08-25",
            "date": "1999-05-01",
            "value": "1510.44736842105"
        },
        {
            "realtime_start": "2021-08-25",
            "realtime_end": "2021-08-25",
            "date": "1999-06-01",
            "value": "1422.15909090909"
        },
        {
            "realtime_start": "2021-08-25",
            "realtime_end": "2021-08-25",
            "date": "1999-07-01",
            "value": "1639.18181818182"
        },
        {
            "realtime_start": "2021-08-25",
            "realtime_end": "2021-08-25",
            "date": "1999-08-01",
            "value": "1646.7380952381"
        },
        {
            "realtime_start": "2021-08-25",
            "realtime_end": "2021-08-25",
            "date": "1999-09-01",
            "value": "1749.68181818182"
        },
        {
            "realtime_start": "2021-08-25",
            "realtime_end": "2021-08-25",
            "date": "1999-10-01",
            "value": "1723.28571428571"
        },
        {
            "realtime_start": "2021-08-25",
            "realtime_end": "2021-08-25",
            "date": "1999-11-01",
            "value": "1726.77272727273"
        },
        {
            "realtime_start": "2021-08-25",
            "realtime_end": "2021-08-25",
            "date": "1999-12-01",
            "value": "1764.88235294118"
        },
        {
            "realtime_start": "2021-08-25",
            "realtime_end": "2021-08-25",
            "date": "2000-01-01",
            "value": "1843.85"
        },
        {
            "realtime_start": "2021-08-25",
            "realtime_end": "2021-08-25",
            "date": "2000-02-01",
            "value": "1807.025"
        },
        {
            "realtime_start": "2021-08-25",
            "realtime_end": "2021-08-25",
            "date": "2000-03-01",
            "value": "1739.8"
        },
        {
            "realtime_start": "2021-08-25",
            "realtime_end": "2021-08-25",
            "date": "2000-04-01",
            "value": "1681.9075"
        },
        {
            "realtime_start": "2021-08-25",
            "realtime_end": "2021-08-25",
            "date": "2000-05-01",
            "value": "1785.09782608696"
        },
        {
            "realtime_start": "2021-08-25",
            "realtime_end": "2021-08-25",
            "date": "2000-06-01",
            "value": "1752.07272727273"
        },
        {
            "realtime_start": "2021-08-25",
            "realtime_end": "2021-08-25",
            "date": "2000-07-01",
            "value": "1803.14285714286"
        },
        {
            "realtime_start": "2021-08-25",
            "realtime_end": "2021-08-25",
            "date": "2000-08-01",
            "value": "1857.12391304348"
        },
        {
            "realtime_start": "2021-08-25",
            "realtime_end": "2021-08-25",
            "date": "2000-09-01",
            "value": "1961.89285714286"
        },
        {
            "realtime_start": "2021-08-25",
            "realtime_end": "2021-08-25",
            "date": "2000-10-01",
            "value": "1894.37272727273"
        },
        {
            "realtime_start": "2021-08-25",
            "realtime_end": "2021-08-25",
            "date": "2000-11-01",
            "value": "1795.60227272727"
        },
        {
            "realtime_start": "2021-08-25",
            "realtime_end": "2021-08-25",
            "date": "2000-12-01",
            "value": "1852.4"
        },
        {
            "realtime_start": "2021-08-25",
            "realtime_end": "2021-08-25",
            "date": "2001-01-01",
            "value": "1787.05681818182"
        },
        {
            "realtime_start": "2021-08-25",
            "realtime_end": "2021-08-25",
            "date": "2001-02-01",
            "value": "1766.125"
        },
        {
            "realtime_start": "2021-08-25",
            "realtime_end": "2021-08-25",
            "date": "2001-03-01",
            "value": "1742.15909090909"
        },
        {
            "realtime_start": "2021-08-25",
            "realtime_end": "2021-08-25",
            "date": "2001-04-01",
            "value": "1665.97222222222"
        },
        {
            "realtime_start": "2021-08-25",
            "realtime_end": "2021-08-25",
            "date": "2001-05-01",
            "value": "1684.85"
        },
        {
            "realtime_start": "2021-08-25",
            "realtime_end": "2021-08-25",
            "date": "2001-06-01",
            "value": "1610.46904761905"
        },
        {
            "realtime_start": "2021-08-25",
            "realtime_end": "2021-08-25",
            "date": "2001-07-01",
            "value": "1526.77045454545"
        },
        {
            "realtime_start": "2021-08-25",
            "realtime_end": "2021-08-25",
            "date": "2001-08-01",
            "value": "1466.41136363636"
        },
        {
            "realtime_start": "2021-08-25",
            "realtime_end": "2021-08-25",
            "date": "2001-09-01",
            "value": "1427.69736842105"
        },
        {
            "realtime_start": "2021-08-25",
            "realtime_end": "2021-08-25",
            "date": "2001-10-01",
            "value": "1377.37608695652"
        },
        {
            "realtime_start": "2021-08-25",
            "realtime_end": "2021-08-25",
            "date": "2001-11-01",
            "value": "1434.29318181818"
        },
        {
            "realtime_start": "2021-08-25",
            "realtime_end": "2021-08-25",
            "date": "2001-12-01",
            "value": "1472.84705882353"
        },
        {
            "realtime_start": "2021-08-25",
            "realtime_end": "2021-08-25",
            "date": "2002-01-01",
            "value": "1508.22727272727"
        },
        {
            "realtime_start": "2021-08-25",
            "realtime_end": "2021-08-25",
            "date": "2002-02-01",
            "value": "1561.3675"
        },
        {
            "realtime_start": "2021-08-25",
            "realtime_end": "2021-08-25",
            "date": "2002-03-01",
            "value": "1607.3925"
        },
        {
            "realtime_start": "2021-08-25",
            "realtime_end": "2021-08-25",
            "date": "2002-04-01",
            "value": "1588.57142857143"
        },
        {
            "realtime_start": "2021-08-25",
            "realtime_end": "2021-08-25",
            "date": "2002-05-01",
            "value": "1597.02272727273"
        },
        {
            "realtime_start": "2021-08-25",
            "realtime_end": "2021-08-25",
            "date": "2002-06-01",
            "value": "1650.59444444444"
        },
        {
            "realtime_start": "2021-08-25",
            "realtime_end": "2021-08-25",
            "date": "2002-07-01",
            "value": "1588.2847826087"
        },
        {
            "realtime_start": "2021-08-25",
            "realtime_end": "2021-08-25",
            "date": "2002-08-01",
            "value": "1482.91666666667"
        },
        {
            "realtime_start": "2021-08-25",
            "realtime_end": "2021-08-25",
            "date": "2002-09-01",
            "value": "1478.93333333333"
        },
        {
            "realtime_start": "2021-08-25",
            "realtime_end": "2021-08-25",
            "date": "2002-10-01",
            "value": "1486.17173913043"
        },
        {
            "realtime_start": "2021-08-25",
            "realtime_end": "2021-08-25",
            "date": "2002-11-01",
            "value": "1581.03571428571"
        },
        {
            "realtime_start": "2021-08-25",
            "realtime_end": "2021-08-25",
            "date": "2002-12-01",
            "value": "1592.96428571429"
        },
        {
            "realtime_start": "2021-08-25",
            "realtime_end": "2021-08-25",
            "date": "2003-01-01",
            "value": "1650.31136363636"
        },
        {
            "realtime_start": "2021-08-25",
            "realtime_end": "2021-08-25",
            "date": "2003-02-01",
            "value": "1682.145"
        },
        {
            "realtime_start": "2021-08-25",
            "realtime_end": "2021-08-25",
            "date": "2003-03-01",
            "value": "1655.69285714286"
        },
        {
            "realtime_start": "2021-08-25",
            "realtime_end": "2021-08-25",
            "date": "2003-04-01",
            "value": "1587.8675"
        },
        {
            "realtime_start": "2021-08-25",
            "realtime_end": "2021-08-25",
            "date": "2003-05-01",
            "value": "1651.1"
        },
        {
            "realtime_start": "2021-08-25",
            "realtime_end": "2021-08-25",
            "date": "2003-06-01",
            "value": "1685.10714285714"
        },
        {
            "realtime_start": "2021-08-25",
            "realtime_end": "2021-08-25",
            "date": "2003-07-01",
            "value": "1712.82608695652"
        },
        {
            "realtime_start": "2021-08-25",
            "realtime_end": "2021-08-25",
            "date": "2003-08-01",
            "value": "1756.725"
        },
        {
            "realtime_start": "2021-08-25",
            "realtime_end": "2021-08-25",
            "date": "2003-09-01",
            "value": "1789.67045454545"
        },
        {
            "realtime_start": "2021-08-25",
            "realtime_end": "2021-08-25",
            "date": "2003-10-01",
            "value": "1925.58260869565"
        },
        {
            "realtime_start": "2021-08-25",
            "realtime_end": "2021-08-25",
            "date": "2003-11-01",
            "value": "2053.275"
        },
        {
            "realtime_start": "2021-08-25",
            "realtime_end": "2021-08-25",
            "date": "2003-12-01",
            "value": "2202.03571428571"
        },
        {
            "realtime_start": "2021-08-25",
            "realtime_end": "2021-08-25",
            "date": "2004-01-01",
            "value": "2421.47619047619"
        },
        {
            "realtime_start": "2021-08-25",
            "realtime_end": "2021-08-25",
            "date": "2004-02-01",
            "value": "2751.7175"
        },
        {
            "realtime_start": "2021-08-25",
            "realtime_end": "2021-08-25",
            "date": "2004-03-01",
            "value": "3000.28260869565"
        },
        {
            "realtime_start": "2021-08-25",
            "realtime_end": "2021-08-25",
            "date": "2004-04-01",
            "value": "2926.975"
        },
        {
            "realtime_start": "2021-08-25",
            "realtime_end": "2021-08-25",
            "date": "2004-05-01",
            "value": "2728.46052631579"
        },
        {
            "realtime_start": "2021-08-25",
            "realtime_end": "2021-08-25",
            "date": "2004-06-01",
            "value": "2689.04545454545"
        },
        {
            "realtime_start": "2021-08-25",
            "realtime_end": "2021-08-25",
            "date": "2004-07-01",
            "value": "2816.79545454545"
        },
        {
            "realtime_start": "2021-08-25",
            "realtime_end": "2021-08-25",
            "date": "2004-08-01",
            "value": "2844.20238095238"
        },
        {
            "realtime_start": "2021-08-25",
            "realtime_end": "2021-08-25",
            "date": "2004-09-01",
            "value": "2903.17045454545"
        },
        {
            "realtime_start": "2021-08-25",
            "realtime_end": "2021-08-25",
            "date": "2004-10-01",
            "value": "3009.40476190476"
        },
        {
            "realtime_start": "2021-08-25",
            "realtime_end": "2021-08-25",
            "date": "2004-11-01",
            "value": "3130.30909090909"
        },
        {
            "realtime_start": "2021-08-25",
            "realtime_end": "2021-08-25",
            "date": "2004-12-01",
            "value": "3139.78571428571"
        },
        {
            "realtime_start": "2021-08-25",
            "realtime_end": "2021-08-25",
            "date": "2005-01-01",
            "value": "3168.1"
        },
        {
            "realtime_start": "2021-08-25",
            "realtime_end": "2021-08-25",
            "date": "2005-02-01",
            "value": "3247.1"
        },
        {
            "realtime_start": "2021-08-25",
            "realtime_end": "2021-08-25",
            "date": "2005-03-01",
            "value": "3378.90476190476"
        },
        {
            "realtime_start": "2021-08-25",
            "realtime_end": "2021-08-25",
            "date": "2005-04-01",
            "value": "3389.80952380952"
        },
        {
            "realtime_start": "2021-08-25",
            "realtime_end": "2021-08-25",
            "date": "2005-05-01",
            "value": "3241.9"
        },
        {
            "realtime_start": "2021-08-25",
            "realtime_end": "2021-08-25",
            "date": "2005-06-01",
            "value": "3529.72727272727"
        },
        {
            "realtime_start": "2021-08-25",
            "realtime_end": "2021-08-25",
            "date": "2005-07-01",
            "value": "3608.47619047619"
        },
        {
            "realtime_start": "2021-08-25",
            "realtime_end": "2021-08-25",
            "date": "2005-08-01",
            "value": "3791.90909090909"
        },
        {
            "realtime_start": "2021-08-25",
            "realtime_end": "2021-08-25",
            "date": "2005-09-01",
            "value": "3850.65909090909"
        },
        {
            "realtime_start": "2021-08-25",
            "realtime_end": "2021-08-25",
            "date": "2005-10-01",
            "value": "4056.16666666667"
        },
        {
            "realtime_start": "2021-08-25",
            "realtime_end": "2021-08-25",
            "date": "2005-11-01",
            "value": "4278.15909090909"
        },
        {
            "realtime_start": "2021-08-25",
            "realtime_end": "2021-08-25",
            "date": "2005-12-01",
            "value": "4577.025"
        },
        {
            "realtime_start": "2021-08-25",
            "realtime_end": "2021-08-25",
            "date": "2006-01-01",
            "value": "4743.85714285714"
        },
        {
            "realtime_start": "2021-08-25",
            "realtime_end": "2021-08-25",
            "date": "2006-02-01",
            "value": "4974.975"
        },
        {
            "realtime_start": "2021-08-25",
            "realtime_end": "2021-08-25",
            "date": "2006-03-01",
            "value": "5123.67391304348"
        },
        {
            "realtime_start": "2021-08-25",
            "realtime_end": "2021-08-25",
            "date": "2006-04-01",
            "value": "6404.44444444444"
        },
        {
            "realtime_start": "2021-08-25",
            "realtime_end": "2021-08-25",
            "date": "2006-05-01",
            "value": "8059.19047619048"
        },
        {
            "realtime_start": "2021-08-25",
            "realtime_end": "2021-08-25",
            "date": "2006-06-01",
            "value": "7222.77272727273"
        },
        {
            "realtime_start": "2021-08-25",
            "realtime_end": "2021-08-25",
            "date": "2006-07-01",
            "value": "7726.7380952381"
        },
        {
            "realtime_start": "2021-08-25",
            "realtime_end": "2021-08-25",
            "date": "2006-08-01",
            "value": "7690.25"
        },
        {
            "realtime_start": "2021-08-25",
            "realtime_end": "2021-08-25",
            "date": "2006-09-01",
            "value": "7622.64285714286"
        },
        {
            "realtime_start": "2021-08-25",
            "realtime_end": "2021-08-25",
            "date": "2006-10-01",
            "value": "7497.40909090909"
        },
        {
            "realtime_start": "2021-08-25",
            "realtime_end": "2021-08-25",
            "date": "2006-11-01",
            "value": "7029.29545454546"
        },
        {
            "realtime_start": "2021-08-25",
            "realtime_end": "2021-08-25",
            "date": "2006-12-01",
            "value": "6680.97368421053"
        },
        {
            "realtime_start": "2021-08-25",
            "realtime_end": "2021-08-25",
            "date": "2007-01-01",
            "value": "5689.34090909091"
        },
        {
            "realtime_start": "2021-08-25",
            "realtime_end": "2021-08-25",
            "date": "2007-02-01",
            "value": "5718.15"
        },
        {
            "realtime_start": "2021-08-25",
            "realtime_end": "2021-08-25",
            "date": "2007-03-01",
            "value": "6465.29545454546"
        },
        {
            "realtime_start": "2021-08-25",
            "realtime_end": "2021-08-25",
            "date": "2007-04-01",
            "value": "7753.34210526316"
        },
        {
            "realtime_start": "2021-08-25",
            "realtime_end": "2021-08-25",
            "date": "2007-05-01",
            "value": "7677.95238095238"
        },
        {
            "realtime_start": "2021-08-25",
            "realtime_end": "2021-08-25",
            "date": "2007-06-01",
            "value": "7514.2380952381"
        },
        {
            "realtime_start": "2021-08-25",
            "realtime_end": "2021-08-25",
            "date": "2007-07-01",
            "value": "7980.93181818182"
        },
        {
            "realtime_start": "2021-08-25",
            "realtime_end": "2021-08-25",
            "date": "2007-08-01",
            "value": "7500.20454545455"
        },
        {
            "realtime_start": "2021-08-25",
            "realtime_end": "2021-08-25",
            "date": "2007-09-01",
            "value": "7671.35"
        },
        {
            "realtime_start": "2021-08-25",
            "realtime_end": "2021-08-25",
            "date": "2007-10-01",
            "value": "8020.58695652174"
        },
        {
            "realtime_start": "2021-08-25",
            "realtime_end": "2021-08-25",
            "date": "2007-11-01",
            "value": "6957.43181818182"
        },
        {
            "realtime_start": "2021-08-25",
            "realtime_end": "2021-08-25",
            "date": "2007-12-01",
            "value": "6630.73611111111"
        },
        {
            "realtime_start": "2021-08-25",
            "realtime_end": "2021-08-25",
            "date": "2008-01-01",
            "value": "7078.90909090909"
        },
        {
            "realtime_start": "2021-08-25",
            "realtime_end": "2021-08-25",
            "date": "2008-02-01",
            "value": "7941.14285714286"
        },
        {
            "realtime_start": "2021-08-25",
            "realtime_end": "2021-08-25",
            "date": "2008-03-01",
            "value": "8434.31578947368"
        },
        {
            "realtime_start": "2021-08-25",
            "realtime_end": "2021-08-25",
            "date": "2008-04-01",
            "value": "8714.18181818182"
        },
        {
            "realtime_start": "2021-08-25",
            "realtime_end": "2021-08-25",
            "date": "2008-05-01",
            "value": "8356.125"
        },
        {
            "realtime_start": "2021-08-25",
            "realtime_end": "2021-08-25",
            "date": "2008-06-01",
            "value": "8292"
        },
        {
            "realtime_start": "2021-08-25",
            "realtime_end": "2021-08-25",
            "date": "2008-07-01",
            "value": "8407.02173913043"
        },
        {
            "realtime_start": "2021-08-25",
            "realtime_end": "2021-08-25",
            "date": "2008-08-01",
            "value": "7633.8"
        },
        {
            "realtime_start": "2021-08-25",
            "realtime_end": "2021-08-25",
            "date": "2008-09-01",
            "value": "6975.11363636364"
        },
        {
            "realtime_start": "2021-08-25",
            "realtime_end": "2021-08-25",
            "date": "2008-10-01",
            "value": "4894.89130434783"
        },
        {
            "realtime_start": "2021-08-25",
            "realtime_end": "2021-08-25",
            "date": "2008-11-01",
            "value": "3729.1875"
        },
        {
            "realtime_start": "2021-08-25",
            "realtime_end": "2021-08-25",
            "date": "2008-12-01",
            "value": "3105.09523809524"
        },
        {
            "realtime_start": "2021-08-25",
            "realtime_end": "2021-08-25",
            "date": "2009-01-01",
            "value": "3260.35714285714"
        },
        {
            "realtime_start": "2021-08-25",
            "realtime_end": "2021-08-25",
            "date": "2009-02-01",
            "value": "3328.4125"
        },
        {
            "realtime_start": "2021-08-25",
            "realtime_end": "2021-08-25",
            "date": "2009-03-01",
            "value": "3770.875"
        },
        {
            "realtime_start": "2021-08-25",
            "realtime_end": "2021-08-25",
            "date": "2009-04-01",
            "value": "4436.925"
        },
        {
            "realtime_start": "2021-08-25",
            "realtime_end": "2021-08-25",
            "date": "2009-05-01",
            "value": "4591.46052631579"
        },
        {
            "realtime_start": "2021-08-25",
            "realtime_end": "2021-08-25",
            "date": "2009-06-01",
            "value": "5015.43181818182"
        },
        {
            "realtime_start": "2021-08-25",
            "realtime_end": "2021-08-25",
            "date": "2009-07-01",
            "value": "5228.41304347826"
        },
        {
            "realtime_start": "2021-08-25",
            "realtime_end": "2021-08-25",
            "date": "2009-08-01",
            "value": "6176.875"
        },
        {
            "realtime_start": "2021-08-25",
            "realtime_end": "2021-08-25",
            "date": "2009-09-01",
            "value": "6195.75"
        },
        {
            "realtime_start": "2021-08-25",
            "realtime_end": "2021-08-25",
            "date": "2009-10-01",
            "value": "6305.98863636364"
        },
        {
            "realtime_start": "2021-08-25",
            "realtime_end": "2021-08-25",
            "date": "2009-11-01",
            "value": "6682.44047619048"
        },
        {
            "realtime_start": "2021-08-25",
            "realtime_end": "2021-08-25",
            "date": "2009-12-01",
            "value": "6976.97619047619"
        },
        {
            "realtime_start": "2021-08-25",
            "realtime_end": "2021-08-25",
            "date": "2010-01-01",
            "value": "7367.375"
        },
        {
            "realtime_start": "2021-08-25",
            "realtime_end": "2021-08-25",
            "date": "2010-02-01",
            "value": "6867.675"
        },
        {
            "realtime_start": "2021-08-25",
            "realtime_end": "2021-08-25",
            "date": "2010-03-01",
            "value": "7466.9347826087"
        },
        {
            "realtime_start": "2021-08-25",
            "realtime_end": "2021-08-25",
            "date": "2010-04-01",
            "value": "7729.8375"
        },
        {
            "realtime_start": "2021-08-25",
            "realtime_end": "2021-08-25",
            "date": "2010-05-01",
            "value": "6843.15789473684"
        },
        {
            "realtime_start": "2021-08-25",
            "realtime_end": "2021-08-25",
            "date": "2010-06-01",
            "value": "6501.5"
        },
        {
            "realtime_start": "2021-08-25",
            "realtime_end": "2021-08-25",
            "date": "2010-07-01",
            "value": "6750.56818181818"
        },
        {
            "realtime_start": "2021-08-25",
            "realtime_end": "2021-08-25",
            "date": "2010-08-01",
            "value": "7302.66666666667"
        },
        {
            "realtime_start": "2021-08-25",
            "realtime_end": "2021-08-25",
            "date": "2010-09-01",
            "value": "7729.59090909091"
        },
        {
            "realtime_start": "2021-08-25",
            "realtime_end": "2021-08-25",
            "date": "2010-10-01",
            "value": "8289.7619047619"
        },
        {
            "realtime_start": "2021-08-25",
            "realtime_end": "2021-08-25",
            "date": "2010-11-01",
            "value": "8458.42045454545"
        },
        {
            "realtime_start": "2021-08-25",
            "realtime_end": "2021-08-25",
            "date": "2010-12-01",
            "value": "9152.85714285714"
        },
        {
            "realtime_start": "2021-08-25",
            "realtime_end": "2021-08-25",
            "date": "2011-01-01",
            "value": "9533.2"
        },
        {
            "realtime_start": "2021-08-25",
            "realtime_end": "2021-08-25",
            "date": "2011-02-01",
            "value": "9880.9375"
        },
        {
            "realtime_start": "2021-08-25",
            "realtime_end": "2021-08-25",
            "date": "2011-03-01",
            "value": "9503.35869565217"
        },
        {
            "realtime_start": "2021-08-25",
            "realtime_end": "2021-08-25",
            "date": "2011-04-01",
            "value": "9482.75"
        },
        {
            "realtime_start": "2021-08-25",
            "realtime_end": "2021-08-25",
            "date": "2011-05-01",
            "value": "8931.675"
        },
        {
            "realtime_start": "2021-08-25",
            "realtime_end": "2021-08-25",
            "date": "2011-06-01",
            "value": "9066.85227272727"
        },
        {
            "realtime_start": "2021-08-25",
            "realtime_end": "2021-08-25",
            "date": "2011-07-01",
            "value": "9650.46428571429"
        },
        {
            "realtime_start": "2021-08-25",
            "realtime_end": "2021-08-25",
            "date": "2011-08-01",
            "value": "8997.98863636364"
        },
        {
            "realtime_start": "2021-08-25",
            "realtime_end": "2021-08-25",
            "date": "2011-09-01",
            "value": "8300.13636363636"
        },
        {
            "realtime_start": "2021-08-25",
            "realtime_end": "2021-08-25",
            "date": "2011-10-01",
            "value": "7394.19047619048"
        },
        {
            "realtime_start": "2021-08-25",
            "realtime_end": "2021-08-25",
            "date": "2011-11-01",
            "value": "7581.02272727273"
        },
        {
            "realtime_start": "2021-08-25",
            "realtime_end": "2021-08-25",
            "date": "2011-12-01",
            "value": "7558.875"
        },
        {
            "realtime_start": "2021-08-25",
            "realtime_end": "2021-08-25",
            "date": "2012-01-01",
            "value": "8061.91666666667"
        },
        {
            "realtime_start": "2021-08-25",
            "realtime_end": "2021-08-25",
            "date": "2012-02-01",
            "value": "8441.4880952381"
        },
        {
            "realtime_start": "2021-08-25",
            "realtime_end": "2021-08-25",
            "date": "2012-03-01",
            "value": "8470.78409090909"
        },
        {
            "realtime_start": "2021-08-25",
            "realtime_end": "2021-08-25",
            "date": "2012-04-01",
            "value": "8285.52631578947"
        },
        {
            "realtime_start": "2021-08-25",
            "realtime_end": "2021-08-25",
            "date": "2012-05-01",
            "value": "7896.90909090909"
        },
        {
            "realtime_start": "2021-08-25",
            "realtime_end": "2021-08-25",
            "date": "2012-06-01",
            "value": "7428.28947368421"
        },
        {
            "realtime_start": "2021-08-25",
            "realtime_end": "2021-08-25",
            "date": "2012-07-01",
            "value": "7584.26136363636"
        },
        {
            "realtime_start": "2021-08-25",
            "realtime_end": "2021-08-25",
            "date": "2012-08-01",
            "value": "7510.43181818182"
        },
        {
            "realtime_start": "2021-08-25",
            "realtime_end": "2021-08-25",
            "date": "2012-09-01",
            "value": "8087.7425"
        },
        {
            "realtime_start": "2021-08-25",
            "realtime_end": "2021-08-25",
            "date": "2012-10-01",
            "value": "8062.03260869565"
        },
        {
            "realtime_start": "2021-08-25",
            "realtime_end": "2021-08-25",
            "date": "2012-11-01",
            "value": "7711.22727272727"
        },
        {
            "realtime_start": "2021-08-25",
            "realtime_end": "2021-08-25",
            "date": "2012-12-01",
            "value": "7966.48684210526"
        },
        {
            "realtime_start": "2021-08-25",
            "realtime_end": "2021-08-25",
            "date": "2013-01-01",
            "value": "8053.73863636364"
        },
        {
            "realtime_start": "2021-08-25",
            "realtime_end": "2021-08-25",
            "date": "2013-02-01",
            "value": "8060.925"
        },
        {
            "realtime_start": "2021-08-25",
            "realtime_end": "2021-08-25",
            "date": "2013-03-01",
            "value": "7652.375"
        },
        {
            "realtime_start": "2021-08-25",
            "realtime_end": "2021-08-25",
            "date": "2013-04-01",
            "value": "7221.1619047619"
        },
        {
            "realtime_start": "2021-08-25",
            "realtime_end": "2021-08-25",
            "date": "2013-05-01",
            "value": "7248.71428571429"
        },
        {
            "realtime_start": "2021-08-25",
            "realtime_end": "2021-08-25",
            "date": "2013-06-01",
            "value": "7000.2375"
        },
        {
            "realtime_start": "2021-08-25",
            "realtime_end": "2021-08-25",
            "date": "2013-07-01",
            "value": "6906.64130434783"
        },
        {
            "realtime_start": "2021-08-25",
            "realtime_end": "2021-08-25",
            "date": "2013-08-01",
            "value": "7186.25"
        },
        {
            "realtime_start": "2021-08-25",
            "realtime_end": "2021-08-25",
            "date": "2013-09-01",
            "value": "7159.26904761905"
        },
        {
            "realtime_start": "2021-08-25",
            "realtime_end": "2021-08-25",
            "date": "2013-10-01",
            "value": "7203.02173913044"
        },
        {
            "realtime_start": "2021-08-25",
            "realtime_end": "2021-08-25",
            "date": "2013-11-01",
            "value": "7070.65476190476"
        },
        {
            "realtime_start": "2021-08-25",
            "realtime_end": "2021-08-25",
            "date": "2013-12-01",
            "value": "7214.9"
        },
        {
            "realtime_start": "2021-08-25",
            "realtime_end": "2021-08-25",
            "date": "2014-01-01",
            "value": "7291.46590909091"
        },
        {
            "realtime_start": "2021-08-25",
            "realtime_end": "2021-08-25",
            "date": "2014-02-01",
            "value": "7149.2125"
        },
        {
            "realtime_start": "2021-08-25",
            "realtime_end": "2021-08-25",
            "date": "2014-03-01",
            "value": "6650.03571428571"
        },
        {
            "realtime_start": "2021-08-25",
            "realtime_end": "2021-08-25",
            "date": "2014-04-01",
            "value": "6673.5625"
        },
        {
            "realtime_start": "2021-08-25",
            "realtime_end": "2021-08-25",
            "date": "2014-05-01",
            "value": "6891.125"
        },
        {
            "realtime_start": "2021-08-25",
            "realtime_end": "2021-08-25",
            "date": "2014-06-01",
            "value": "6821.14285714286"
        },
        {
            "realtime_start": "2021-08-25",
            "realtime_end": "2021-08-25",
            "date": "2014-07-01",
            "value": "7113.38043478261"
        },
        {
            "realtime_start": "2021-08-25",
            "realtime_end": "2021-08-25",
            "date": "2014-08-01",
            "value": "7001.8375"
        },
        {
            "realtime_start": "2021-08-25",
            "realtime_end": "2021-08-25",
            "date": "2014-09-01",
            "value": "6872.21590909091"
        },
        {
            "realtime_start": "2021-08-25",
            "realtime_end": "2021-08-25",
            "date": "2014-10-01",
            "value": "6737.47826086957"
        },
        {
            "realtime_start": "2021-08-25",
            "realtime_end": "2021-08-25",
            "date": "2014-11-01",
            "value": "6712.85"
        },
        {
            "realtime_start": "2021-08-25",
            "realtime_end": "2021-08-25",
            "date": "2014-12-01",
            "value": "6446.45238095238"
        },
        {
            "realtime_start": "2021-08-25",
            "realtime_end": "2021-08-25",
            "date": "2015-01-01",
            "value": "5830.53571428571"
        },
        {
            "realtime_start": "2021-08-25",
            "realtime_end": "2021-08-25",
            "date": "2015-02-01",
            "value": "5729.275"
        },
        {
            "realtime_start": "2021-08-25",
            "realtime_end": "2021-08-25",
            "date": "2015-03-01",
            "value": "5939.67045454546"
        },
        {
            "realtime_start": "2021-08-25",
            "realtime_end": "2021-08-25",
            "date": "2015-04-01",
            "value": "6042.0875"
        },
        {
            "realtime_start": "2021-08-25",
            "realtime_end": "2021-08-25",
            "date": "2015-05-01",
            "value": "6294.77631578947"
        },
        {
            "realtime_start": "2021-08-25",
            "realtime_end": "2021-08-25",
            "date": "2015-06-01",
            "value": "5833.01136363636"
        },
        {
            "realtime_start": "2021-08-25",
            "realtime_end": "2021-08-25",
            "date": "2015-07-01",
            "value": "5456.75"
        },
        {
            "realtime_start": "2021-08-25",
            "realtime_end": "2021-08-25",
            "date": "2015-08-01",
            "value": "5127.3"
        },
        {
            "realtime_start": "2021-08-25",
            "realtime_end": "2021-08-25",
            "date": "2015-09-01",
            "value": "5217.25"
        },
        {
            "realtime_start": "2021-08-25",
            "realtime_end": "2021-08-25",
            "date": "2015-10-01",
            "value": "5216.09090909091"
        },
        {
            "realtime_start": "2021-08-25",
            "realtime_end": "2021-08-25",
            "date": "2015-11-01",
            "value": "4799.90476190476"
        },
        {
            "realtime_start": "2021-08-25",
            "realtime_end": "2021-08-25",
            "date": "2015-12-01",
            "value": "4638.83333333333"
        },
        {
            "realtime_start": "2021-08-25",
            "realtime_end": "2021-08-25",
            "date": "2016-01-01",
            "value": "4471.7875"
        },
        {
            "realtime_start": "2021-08-25",
            "realtime_end": "2021-08-25",
            "date": "2016-02-01",
            "value": "4598.61904761905"
        },
        {
            "realtime_start": "2021-08-25",
            "realtime_end": "2021-08-25",
            "date": "2016-03-01",
            "value": "4953.79761904762"
        },
        {
            "realtime_start": "2021-08-25",
            "realtime_end": "2021-08-25",
            "date": "2016-04-01",
            "value": "4872.7380952381"
        },
        {
            "realtime_start": "2021-08-25",
            "realtime_end": "2021-08-25",
            "date": "2016-05-01",
            "value": "4694.5375"
        },
        {
            "realtime_start": "2021-08-25",
            "realtime_end": "2021-08-25",
            "date": "2016-06-01",
            "value": "4641.96590909091"
        },
        {
            "realtime_start": "2021-08-25",
            "realtime_end": "2021-08-25",
            "date": "2016-07-01",
            "value": "4864.90476190476"
        },
        {
            "realtime_start": "2021-08-25",
            "realtime_end": "2021-08-25",
            "date": "2016-08-01",
            "value": "4751.67045454546"
        },
        {
            "realtime_start": "2021-08-25",
            "realtime_end": "2021-08-25",
            "date": "2016-09-01",
            "value": "4722.20454545455"
        },
        {
            "realtime_start": "2021-08-25",
            "realtime_end": "2021-08-25",
            "date": "2016-10-01",
            "value": "4731.2619047619"
        },
        {
            "realtime_start": "2021-08-25",
            "realtime_end": "2021-08-25",
            "date": "2016-11-01",
            "value": "5450.93181818182"
        },
        {
            "realtime_start": "2021-08-25",
            "realtime_end": "2021-08-25",
            "date": "2016-12-01",
            "value": "5660.35"
        },
        {
            "realtime_start": "2021-08-25",
            "realtime_end": "2021-08-25",
            "date": "2017-01-01",
            "value": "5754.55952380952"
        },
        {
            "realtime_start": "2021-08-25",
            "realtime_end": "2021-08-25",
            "date": "2017-02-01",
            "value": "5940.9125"
        },
        {
            "realtime_start": "2021-08-25",
            "realtime_end": "2021-08-25",
            "date": "2017-03-01",
            "value": "5824.63043478261"
        },
        {
            "realtime_start": "2021-08-25",
            "realtime_end": "2021-08-25",
            "date": "2017-04-01",
            "value": "5683.90277777778"
        },
        {
            "realtime_start": "2021-08-25",
            "realtime_end": "2021-08-25",
            "date": "2017-05-01",
            "value": "5599.55952380952"
        },
        {
            "realtime_start": "2021-08-25",
            "realtime_end": "2021-08-25",
            "date": "2017-06-01",
            "value": "5719.76136363636"
        },
        {
            "realtime_start": "2021-08-25",
            "realtime_end": "2021-08-25",
            "date": "2017-07-01",
            "value": "5985.11904761905"
        },
        {
            "realtime_start": "2021-08-25",
            "realtime_end": "2021-08-25",
            "date": "2017-08-01",
            "value": "6485.625"
        },
        {
            "realtime_start": "2021-08-25",
            "realtime_end": "2021-08-25",
            "date": "2017-09-01",
            "value": "6577.16666666667"
        },
        {
            "realtime_start": "2021-08-25",
            "realtime_end": "2021-08-25",
            "date": "2017-10-01",
            "value": "6807.60227272727"
        },
        {
            "realtime_start": "2021-08-25",
            "realtime_end": "2021-08-25",
            "date": "2017-11-01",
            "value": "6826.54545454546"
        },
        {
            "realtime_start": "2021-08-25",
            "realtime_end": "2021-08-25",
            "date": "2017-12-01",
            "value": "6833.89473684211"
        },
        {
            "realtime_start": "2021-08-25",
            "realtime_end": "2021-08-25",
            "date": "2018-01-01",
            "value": "7065.85227272727"
        },
        {
            "realtime_start": "2021-08-25",
            "realtime_end": "2021-08-25",
            "date": "2018-02-01",
            "value": "7006.525"
        },
        {
            "realtime_start": "2021-08-25",
            "realtime_end": "2021-08-25",
            "date": "2018-03-01",
            "value": "6799.17857142857"
        },
        {
            "realtime_start": "2021-08-25",
            "realtime_end": "2021-08-25",
            "date": "2018-04-01",
            "value": "6851.5125"
        },
        {
            "realtime_start": "2021-08-25",
            "realtime_end": "2021-08-25",
            "date": "2018-05-01",
            "value": "6825.27380952381"
        },
        {
            "realtime_start": "2021-08-25",
            "realtime_end": "2021-08-25",
            "date": "2018-06-01",
            "value": "6965.85714285714"
        },
        {
            "realtime_start": "2021-08-25",
            "realtime_end": "2021-08-25",
            "date": "2018-07-01",
            "value": "6250.75"
        },
        {
            "realtime_start": "2021-08-25",
            "realtime_end": "2021-08-25",
            "date": "2018-08-01",
            "value": "6051.04545454546"
        },
        {
            "realtime_start": "2021-08-25",
            "realtime_end": "2021-08-25",
            "date": "2018-09-01",
            "value": "6050.7625"
        },
        {
            "realtime_start": "2021-08-25",
            "realtime_end": "2021-08-25",
            "date": "2018-10-01",
            "value": "6219.58695652174"
        },
        {
            "realtime_start": "2021-08-25",
            "realtime_end": "2021-08-25",
            "date": "2018-11-01",
            "value": "6195.92045454546"
        },
        {
            "realtime_start": "2021-08-25",
            "realtime_end": "2021-08-25",
            "date": "2018-12-01",
            "value": "6075.31578947368"
        },
        {
            "realtime_start": "2021-08-25",
            "realtime_end": "2021-08-25",
            "date": "2019-01-01",
            "value": "5939.10227272727"
        },
        {
            "realtime_start": "2021-08-25",
            "realtime_end": "2021-08-25",
            "date": "2019-02-01",
            "value": "6300.4875"
        },
        {
            "realtime_start": "2021-08-25",
            "realtime_end": "2021-08-25",
            "date": "2019-03-01",
            "value": "6439.46428571429"
        },
        {
            "realtime_start": "2021-08-25",
            "realtime_end": "2021-08-25",
            "date": "2019-04-01",
            "value": "6438.3625"
        },
        {
            "realtime_start": "2021-08-25",
            "realtime_end": "2021-08-25",
            "date": "2019-05-01",
            "value": "6017.90476190476"
        },
        {
            "realtime_start": "2021-08-25",
            "realtime_end": "2021-08-25",
            "date": "2019-06-01",
            "value": "5882.225"
        },
        {
            "realtime_start": "2021-08-25",
            "realtime_end": "2021-08-25",
            "date": "2019-07-01",
            "value": "5941.19565217391"
        },
        {
            "realtime_start": "2021-08-25",
            "realtime_end": "2021-08-25",
            "date": "2019-08-01",
            "value": "5709.44047619048"
        },
        {
            "realtime_start": "2021-08-25",
            "realtime_end": "2021-08-25",
            "date": "2019-09-01",
            "value": "5759.25"
        },
        {
            "realtime_start": "2021-08-25",
            "realtime_end": "2021-08-25",
            "date": "2019-10-01",
            "value": "5757.29782608696"
        },
        {
            "realtime_start": "2021-08-25",
            "realtime_end": "2021-08-25",
            "date": "2019-11-01",
            "value": "5859.95238095238"
        },
        {
            "realtime_start": "2021-08-25",
            "realtime_end": "2021-08-25",
            "date": "2019-12-01",
            "value": "6077.0625"
        },
        {
            "realtime_start": "2021-08-25",
            "realtime_end": "2021-08-25",
            "date": "2020-01-01",
            "value": "6031.20909090909"
        },
        {
            "realtime_start": "2021-08-25",
            "realtime_end": "2021-08-25",
            "date": "2020-02-01",
            "value": "5687.75"
        },
        {
            "realtime_start": "2021-08-25",
            "realtime_end": "2021-08-25",
            "date": "2020-03-01",
            "value": "5182.63181818182"
        },
        {
            "realtime_start": "2021-08-25",
            "realtime_end": "2021-08-25",
            "date": "2020-04-01",
            "value": "5057.972"
        },
        {
            "realtime_start": "2021-08-25",
            "realtime_end": "2021-08-25",
            "date": "2020-05-01",
            "value": "5239.82631578947"
        },
        {
            "realtime_start": "2021-08-25",
            "realtime_end": "2021-08-25",
            "date": "2020-06-01",
            "value": "5754.59545454546"
        },
        {
            "realtime_start": "2021-08-25",
            "realtime_end": "2021-08-25",
            "date": "2020-07-01",
            "value": "6372.46086956522"
        },
        {
            "realtime_start": "2021-08-25",
            "realtime_end": "2021-08-25",
            "date": "2020-08-01",
            "value": "6508.39285714286"
        },
        {
            "realtime_start": "2021-08-25",
            "realtime_end": "2021-08-25",
            "date": "2020-09-01",
            "value": "6704.9"
        },
        {
            "realtime_start": "2021-08-25",
            "realtime_end": "2021-08-25",
            "date": "2020-10-01",
            "value": "6713.81136363636"
        },
        {
            "realtime_start": "2021-08-25",
            "realtime_end": "2021-08-25",
            "date": "2020-11-01",
            "value": "7068.90714285714"
        },
        {
            "realtime_start": "2021-08-25",
            "realtime_end": "2021-08-25",
            "date": "2020-12-01",
            "value": "7772.2380952381"
        },
        {
            "realtime_start": "2021-08-25",
            "realtime_end": "2021-08-25",
            "date": "2021-01-01",
            "value": "7972.1475"
        },
        {
            "realtime_start": "2021-08-25",
            "realtime_end": "2021-08-25",
            "date": "2021-02-01",
            "value": "8470.94"
        },
        {
            "realtime_start": "2021-08-25",
            "realtime_end": "2021-08-25",
            "date": "2021-03-01",
            "value": "8988.24782608696"
        },
        {
            "realtime_start": "2021-08-25",
            "realtime_end": "2021-08-25",
            "date": "2021-04-01",
            "value": "9324.8175"
        },
        {
            "realtime_start": "2021-08-25",
            "realtime_end": "2021-08-25",
            "date": "2021-05-01",
            "value": "10166.285"
        },
        {
            "realtime_start": "2021-08-25",
            "realtime_end": "2021-08-25",
            "date": "2021-06-01",
            "value": "9631.5"
        },
        {
            "realtime_start": "2021-08-25",
            "realtime_end": "2021-08-25",
            "date": "2021-07-01",
            "value": "9450.82045454546"
        }
    ]
}