{
    "realtime_start": "2021-08-25",
    "realtime_end": "2021-08-25",
    "observation_start": "1600-01-01",
    "observation_end": "9999-12-31",
    "units": "lin",
    "output_type": 1,
    "file_type": "json",
    "order_by": "observation_date",
    "sort_order": "asc",
    "count": 178,
    "offset": 0,
    "limit": 100000,
    "observations": [
        {
            "realtime_start": "2021-08-25",
            "realtime_end": "2021-08-25",
            "date": "1977-01-01",
            "value": "29.9353511935412"
        },
        {
            "realtime_start": "2021-08-25",
            "realtime_end": "2021-08-25",
            "date": "1977-04-01",
            "value": "29.668174292133"
        },
        {
            "realtime_start": "2021-08-25",
            "realtime_end": "2021-08-25",
            "date": "1977-07-01",
            "value": "29.5326433656732"
        },
        {
            "realtime_start": "2021-08-25",
            "realtime_end": "2021-08-25",
            "date": "1977-10-01",
            "value": "29.169016590117"
        },
        {
            "realtime_start": "2021-08-25",
            "realtime_end": "2021-08-25",
            "date": "1978-01-01",
            "value": "28.9788043761803"
        },
        {
            "realtime_start": "2021-08-25",
            "realtime_end": "2021-08-25",
            "date": "1978-04-01",
            "value": "28.633453160047"
        },
        {
            "realtime_start": "2021-08-25",
            "realtime_end": "2021-08-25",
            "date": "1978-07-01",
            "value": "28.3715706675305"
        },
        {
            "realtime_start": "2021-08-25",
            "realtime_end": "2021-08-25",
            "date": "1978-10-01",
            "value": "28.0299318969603"
        },
        {
            "realtime_start": "2021-08-25",
            "realtime_end": "2021-08-25",
            "date": "1979-01-01",
            "value": "27.864612408599"
        },
        {
            "realtime_start": "2021-08-25",
            "realtime_end": "2021-08-25",
            "date": "1979-04-01",
            "value": "28.0807012174167"
        },
        {
            "realtime_start": "2021-08-25",
            "realtime_end": "2021-08-25",
            "date": "1979-07-01",
            "value": "27.7176023653361"
        },
        {
            "realtime_start": "2021-08-25",
            "realtime_end": "2021-08-25",
            "date": "1979-10-01",
            "value": "27.5349286083777"
        },
        {
            "realtime_start": "2021-08-25",
            "realtime_end": "2021-08-25",
            "date": "1980-01-01",
            "value": "27.5148491556959"
        },
        {
            "realtime_start": "2021-08-25",
            "realtime_end": "2021-08-25",
            "date": "1980-04-01",
            "value": "27.5407905930059"
        },
        {
            "realtime_start": "2021-08-25",
            "realtime_end": "2021-08-25",
            "date": "1980-07-01",
            "value": "27.5464988434379"
        },
        {
            "realtime_start": "2021-08-25",
            "realtime_end": "2021-08-25",
            "date": "1980-10-01",
            "value": "27.4927760366413"
        },
        {
            "realtime_start": "2021-08-25",
            "realtime_end": "2021-08-25",
            "date": "1981-01-01",
            "value": "27.236920006023"
        },
        {
            "realtime_start": "2021-08-25",
            "realtime_end": "2021-08-25",
            "date": "1981-04-01",
            "value": "27.1687677589174"
        },
        {
            "realtime_start": "2021-08-25",
            "realtime_end": "2021-08-25",
            "date": "1981-07-01",
            "value": "27.5078396474937"
        },
        {
            "realtime_start": "2021-08-25",
            "realtime_end": "2021-08-25",
            "date": "1981-10-01",
            "value": "27.2800295919081"
        },
        {
            "realtime_start": "2021-08-25",
            "realtime_end": "2021-08-25",
            "date": "1982-01-01",
            "value": "27.2055064172364"
        },
        {
            "realtime_start": "2021-08-25",
            "realtime_end": "2021-08-25",
            "date": "1982-04-01",
            "value": "27.0830361007134"
        },
        {
            "realtime_start": "2021-08-25",
            "realtime_end": "2021-08-25",
            "date": "1982-07-01",
            "value": "26.9616920606753"
        },
        {
            "realtime_start": "2021-08-25",
            "realtime_end": "2021-08-25",
            "date": "1982-10-01",
            "value": "26.8357633117825"
        },
        {
            "realtime_start": "2021-08-25",
            "realtime_end": "2021-08-25",
            "date": "1983-01-01",
            "value": "26.9904928243844"
        },
        {
            "realtime_start": "2021-08-25",
            "realtime_end": "2021-08-25",
            "date": "1983-04-01",
            "value": "26.9890435945956"
        },
        {
            "realtime_start": "2021-08-25",
            "realtime_end": "2021-08-25",
            "date": "1983-07-01",
            "value": "26.6174134547921"
        },
        {
            "realtime_start": "2021-08-25",
            "realtime_end": "2021-08-25",
            "date": "1983-10-01",
            "value": "26.7081138678732"
        },
        {
            "realtime_start": "2021-08-25",
            "realtime_end": "2021-08-25",
            "date": "1984-01-01",
            "value": "26.6552541531541"
        },
        {
            "realtime_start": "2021-08-25",
            "realtime_end": "2021-08-25",
            "date": "1984-04-01",
            "value": "26.1380299297958"
        },
        {
            "realtime_start": "2021-08-25",
            "realtime_end": "2021-08-25",
            "date": "1984-07-01",
            "value": "26.1052285162515"
        },
        {
            "realtime_start": "2021-08-25",
            "realtime_end": "2021-08-25",
            "date": "1984-10-01",
            "value": "26.0194713064654"
        },
        {
            "realtime_start": "2021-08-25",
            "realtime_end": "2021-08-25",
            "date": "1985-01-01",
            "value": "25.6584626880728"
        },
        {
            "realtime_start": "2021-08-25",
            "realtime_end": "2021-08-25",
            "date": "1985-04-01",
            "value": "25.6460826751572"
        },
        {
            "realtime_start": "2021-08-25",
            "realtime_end": "2021-08-25",
            "date": "1985-07-01",
            "value": "25.5563221177319"
        },
        {
            "realtime_start": "2021-08-25",
            "realtime_end": "2021-08-25",
            "date": "1985-10-01",
            "value": "25.3439732416755"
        },
        {
            "realtime_start": "2021-08-25",
            "realtime_end": "2021-08-25",
            "date": "1986-01-01",
            "value": "25.3103188825873"
        },
        {
            "realtime_start": "2021-08-25",
            "realtime_end": "2021-08-25",
            "date": "1986-04-01",
            "value": "25.032693908333"
        },
        {
            "realtime_start": "2021-08-25",
            "realtime_end": "2021-08-25",
            "date": "1986-07-01",
            "value": "24.8390524742229"
        },
        {
            "realtime_start": "2021-08-25",
            "realtime_end": "2021-08-25",
            "date": "1986-10-01",
            "value": "24.7563078416312"
        },
        {
            "realtime_start": "2021-08-25",
            "realtime_end": "2021-08-25",
            "date": "1987-01-01",
            "value": "24.6825492149322"
        },
        {
            "realtime_start": "2021-08-25",
            "realtime_end": "2021-08-25",
            "date": "1987-04-01",
            "value": "24.5327800505986"
        },
        {
            "realtime_start": "2021-08-25",
            "realtime_end": "2021-08-25",
            "date": "1987-07-01",
            "value": "24.4950773155566"
        },
        {
            "realtime_start": "2021-08-25",
            "realtime_end": "2021-08-25",
            "date": "1987-10-01",
            "value": "24.3047609032132"
        },
        {
            "realtime_start": "2021-08-25",
            "realtime_end": "2021-08-25",
            "date": "1988-01-01",
            "value": "24.2782606524601"
        },
        {
            "realtime_start": "2021-08-25",
            "realtime_end": "2021-08-25",
            "date": "1988-04-01",
            "value": "24.2997619583302"
        },
        {
            "realtime_start": "2021-08-25",
            "realtime_end": "2021-08-25",
            "date": "1988-07-01",
            "value": "24.0123564821116"
        },
        {
            "realtime_start": "2021-08-25",
            "realtime_end": "2021-08-25",
            "date": "1988-10-01",
            "value": "23.8319896652824"
        },
        {
            "realtime_start": "2021-08-25",
            "realtime_end": "2021-08-25",
            "date": "1989-01-01",
            "value": "23.638305587018"
        },
        {
            "realtime_start": "2021-08-25",
            "realtime_end": "2021-08-25",
            "date": "1989-04-01",
            "value": "23.4908498939408"
        },
        {
            "realtime_start": "2021-08-25",
            "realtime_end": "2021-08-25",
            "date": "1989-07-01",
            "value": "23.3049082632391"
        },
        {
            "realtime_start": "2021-08-25",
            "realtime_end": "2021-08-25",
            "date": "1989-10-01",
            "value": "23.1833765826491"
        },
        {
            "realtime_start": "2021-08-25",
            "realtime_end": "2021-08-25",
            "date": "1990-01-01",
            "value": "23.3928670621459"
        },
        {
            "realtime_start": "2021-08-25",
            "realtime_end": "2021-08-25",
            "date": "1990-04-01",
            "value": "23.416423661403"
        },
        {
            "realtime_start": "2021-08-25",
            "realtime_end": "2021-08-25",
            "date": "1990-07-01",
            "value": "23.4894879916794"
        },
        {
            "realtime_start": "2021-08-25",
            "realtime_end": "2021-08-25",
            "date": "1990-10-01",
            "value": "23.5746236635452"
        },
        {
            "realtime_start": "2021-08-25",
            "realtime_end": "2021-08-25",
            "date": "1991-01-01",
            "value": "23.6722543139319"
        },
        {
            "realtime_start": "2021-08-25",
            "realtime_end": "2021-08-25",
            "date": "1991-04-01",
            "value": "23.6576431487582"
        },
        {
            "realtime_start": "2021-08-25",
            "realtime_end": "2021-08-25",
            "date": "1991-07-01",
            "value": "23.8245290232273"
        },
        {
            "realtime_start": "2021-08-25",
            "realtime_end": "2021-08-25",
            "date": "1991-10-01",
            "value": "23.8010299720365"
        },
        {
            "realtime_start": "2021-08-25",
            "realtime_end": "2021-08-25",
            "date": "1992-01-01",
            "value": "23.5187538836526"
        },
        {
            "realtime_start": "2021-08-25",
            "realtime_end": "2021-08-25",
            "date": "1992-04-01",
            "value": "23.2306809328602"
        },
        {
            "realtime_start": "2021-08-25",
            "realtime_end": "2021-08-25",
            "date": "1992-07-01",
            "value": "23.1381935327722"
        },
        {
            "realtime_start": "2021-08-25",
            "realtime_end": "2021-08-25",
            "date": "1992-10-01",
            "value": "23.5248677690427"
        },
        {
            "realtime_start": "2021-08-25",
            "realtime_end": "2021-08-25",
            "date": "1993-01-01",
            "value": "23.5154893891872"
        },
        {
            "realtime_start": "2021-08-25",
            "realtime_end": "2021-08-25",
            "date": "1993-04-01",
            "value": "23.333580695844"
        },
        {
            "realtime_start": "2021-08-25",
            "realtime_end": "2021-08-25",
            "date": "1993-07-01",
            "value": "23.4036207843436"
        },
        {
            "realtime_start": "2021-08-25",
            "realtime_end": "2021-08-25",
            "date": "1993-10-01",
            "value": "23.3951848176032"
        },
        {
            "realtime_start": "2021-08-25",
            "realtime_end": "2021-08-25",
            "date": "1994-01-01",
            "value": "23.3037183713137"
        },
        {
            "realtime_start": "2021-08-25",
            "realtime_end": "2021-08-25",
            "date": "1994-04-01",
            "value": "23.3930977103656"
        },
        {
            "realtime_start": "2021-08-25",
            "realtime_end": "2021-08-25",
            "date": "1994-07-01",
            "value": "23.2857194393085"
        },
        {
            "realtime_start": "2021-08-25",
            "realtime_end": "2021-08-25",
            "date": "1994-10-01",
            "value": "23.0795196050474"
        },
        {
            "realtime_start": "2021-08-25",
            "realtime_end": "2021-08-25",
            "date": "1995-01-01",
            "value": "23.100379862512"
        },
        {
            "realtime_start": "2021-08-25",
            "realtime_end": "2021-08-25",
            "date": "1995-04-01",
            "value": "23.0949877629487"
        },
        {
            "realtime_start": "2021-08-25",
            "realtime_end": "2021-08-25",
            "date": "1995-07-01",
            "value": "23.0978896182707"
        },
        {
            "realtime_start": "2021-08-25",
            "realtime_end": "2021-08-25",
            "date": "1995-10-01",
            "value": "23.1994635398933"
        },
        {
            "realtime_start": "2021-08-25",
            "realtime_end": "2021-08-25",
            "date": "1996-01-01",
            "value": "23.2016988105243"
        },
        {
            "realtime_start": "2021-08-25",
            "realtime_end": "2021-08-25",
            "date": "1996-04-01",
            "value": "23.0422723580244"
        },
        {
            "realtime_start": "2021-08-25",
            "realtime_end": "2021-08-25",
            "date": "1996-07-01",
            "value": "22.8224362559151"
        },
        {
            "realtime_start": "2021-08-25",
            "realtime_end": "2021-08-25",
            "date": "1996-10-01",
            "value": "22.6673418147033"
        },
        {
            "realtime_start": "2021-08-25",
            "realtime_end": "2021-08-25",
            "date": "1997-01-01",
            "value": "22.7431623071575"
        },
        {
            "realtime_start": "2021-08-25",
            "realtime_end": "2021-08-25",
            "date": "1997-04-01",
            "value": "22.6738576427325"
        },
        {
            "realtime_start": "2021-08-25",
            "realtime_end": "2021-08-25",
            "date": "1997-07-01",
            "value": "22.5030041607724"
        },
        {
            "realtime_start": "2021-08-25",
            "realtime_end": "2021-08-25",
            "date": "1997-10-01",
            "value": "22.6144536115895"
        },
        {
            "realtime_start": "2021-08-25",
            "realtime_end": "2021-08-25",
            "date": "1998-01-01",
            "value": "22.5871850988154"
        },
        {
            "realtime_start": "2021-08-25",
            "realtime_end": "2021-08-25",
            "date": "1998-04-01",
            "value": "22.6933089427403"
        },
        {
            "realtime_start": "2021-08-25",
            "realtime_end": "2021-08-25",
            "date": "1998-07-01",
            "value": "22.6323807490456"
        },
        {
            "realtime_start": "2021-08-25",
            "realtime_end": "2021-08-25",
            "date": "1998-10-01",
            "value": "22.6343697924638"
        },
        {
            "realtime_start": "2021-08-25",
            "realtime_end": "2021-08-25",
            "date": "1999-01-01",
            "value": "22.6627012326094"
        },
        {
            "realtime_start": "2021-08-25",
            "realtime_end": "2021-08-25",
            "date": "1999-04-01",
            "value": "22.7860094392388"
        },
        {
            "realtime_start": "2021-08-25",
            "realtime_end": "2021-08-25",
            "date": "1999-07-01",
            "value": "22.8210270169968"
        },
        {
            "realtime_start": "2021-08-25",
            "realtime_end": "2021-08-25",
            "date": "1999-10-01",
            "value": "22.8034267112616"
        },
        {
            "realtime_start": "2021-08-25",
            "realtime_end": "2021-08-25",
            "date": "2000-01-01",
            "value": "22.5854517741885"
        },
        {
            "realtime_start": "2021-08-25",
            "realtime_end": "2021-08-25",
            "date": "2000-04-01",
            "value": "22.6490776443403"
        },
        {
            "realtime_start": "2021-08-25",
            "realtime_end": "2021-08-25",
            "date": "2000-07-01",
            "value": "23.0118881866696"
        },
        {
            "realtime_start": "2021-08-25",
            "realtime_end": "2021-08-25",
            "date": "2000-10-01",
            "value": "22.9844470770742"
        },
        {
            "realtime_start": "2021-08-25",
            "realtime_end": "2021-08-25",
            "date": "2001-01-01",
            "value": "22.7730355132148"
        },
        {
            "realtime_start": "2021-08-25",
            "realtime_end": "2021-08-25",
            "date": "2001-04-01",
            "value": "23.1866588557434"
        },
        {
            "realtime_start": "2021-08-25",
            "realtime_end": "2021-08-25",
            "date": "2001-07-01",
            "value": "23.4441106163948"
        },
        {
            "realtime_start": "2021-08-25",
            "realtime_end": "2021-08-25",
            "date": "2001-10-01",
            "value": "23.3732173996204"
        },
        {
            "realtime_start": "2021-08-25",
            "realtime_end": "2021-08-25",
            "date": "2002-01-01",
            "value": "23.3799026141929"
        },
        {
            "realtime_start": "2021-08-25",
            "realtime_end": "2021-08-25",
            "date": "2002-04-01",
            "value": "23.555985755083"
        },
        {
            "realtime_start": "2021-08-25",
            "realtime_end": "2021-08-25",
            "date": "2002-07-01",
            "value": "23.6974057702319"
        },
        {
            "realtime_start": "2021-08-25",
            "realtime_end": "2021-08-25",
            "date": "2002-10-01",
            "value": "23.8093888879932"
        },
        {
            "realtime_start": "2021-08-25",
            "realtime_end": "2021-08-25",
            "date": "2003-01-01",
            "value": "23.9709923584677"
        },
        {
            "realtime_start": "2021-08-25",
            "realtime_end": "2021-08-25",
            "date": "2003-04-01",
            "value": "23.9873843331139"
        },
        {
            "realtime_start": "2021-08-25",
            "realtime_end": "2021-08-25",
            "date": "2003-07-01",
            "value": "24.3659189356241"
        },
        {
            "realtime_start": "2021-08-25",
            "realtime_end": "2021-08-25",
            "date": "2003-10-01",
            "value": "24.4190044034521"
        },
        {
            "realtime_start": "2021-08-25",
            "realtime_end": "2021-08-25",
            "date": "2004-01-01",
            "value": "24.4685685740119"
        },
        {
            "realtime_start": "2021-08-25",
            "realtime_end": "2021-08-25",
            "date": "2004-04-01",
            "value": "24.5905047331727"
        },
        {
            "realtime_start": "2021-08-25",
            "realtime_end": "2021-08-25",
            "date": "2004-07-01",
            "value": "24.6272079237616"
        },
        {
            "realtime_start": "2021-08-25",
            "realtime_end": "2021-08-25",
            "date": "2004-10-01",
            "value": "24.5646971260671"
        },
        {
            "realtime_start": "2021-08-25",
            "realtime_end": "2021-08-25",
            "date": "2005-01-01",
            "value": "24.7044680366572"
        },
        {
            "realtime_start": "2021-08-25",
            "realtime_end": "2021-08-25",
            "date": "2005-04-01",
            "value": "24.6208862023243"
        },
        {
            "realtime_start": "2021-08-25",
            "realtime_end": "2021-08-25",
            "date": "2005-07-01",
            "value": "24.4921642248707"
        },
        {
            "realtime_start": "2021-08-25",
            "realtime_end": "2021-08-25",
            "date": "2005-10-01",
            "value": "24.5798910281433"
        },
        {
            "realtime_start": "2021-08-25",
            "realtime_end": "2021-08-25",
            "date": "2006-01-01",
            "value": "24.6274852949518"
        },
        {
            "realtime_start": "2021-08-25",
            "realtime_end": "2021-08-25",
            "date": "2006-04-01",
            "value": "24.5235099043026"
        },
        {
            "realtime_start": "2021-08-25",
            "realtime_end": "2021-08-25",
            "date": "2006-07-01",
            "value": "24.382576808223"
        },
        {
            "realtime_start": "2021-08-25",
            "realtime_end": "2021-08-25",
            "date": "2006-10-01",
            "value": "24.342402248631"
        },
        {
            "realtime_start": "2021-08-25",
            "realtime_end": "2021-08-25",
            "date": "2007-01-01",
            "value": "24.5176375402668"
        },
        {
            "realtime_start": "2021-08-25",
            "realtime_end": "2021-08-25",
            "date": "2007-04-01",
            "value": "24.820433714357"
        },
        {
            "realtime_start": "2021-08-25",
            "realtime_end": "2021-08-25",
            "date": "2007-07-01",
            "value": "24.771576266964"
        },
        {
            "realtime_start": "2021-08-25",
            "realtime_end": "2021-08-25",
            "date": "2007-10-01",
            "value": "24.7051131044389"
        },
        {
            "realtime_start": "2021-08-25",
            "realtime_end": "2021-08-25",
            "date": "2008-01-01",
            "value": "24.7164871288207"
        },
        {
            "realtime_start": "2021-08-25",
            "realtime_end": "2021-08-25",
            "date": "2008-04-01",
            "value": "24.6802361414633"
        },
        {
            "realtime_start": "2021-08-25",
            "realtime_end": "2021-08-25",
            "date": "2008-07-01",
            "value": "24.6896421048135"
        },
        {
            "realtime_start": "2021-08-25",
            "realtime_end": "2021-08-25",
            "date": "2008-10-01",
            "value": "24.7934432117168"
        },
        {
            "realtime_start": "2021-08-25",
            "realtime_end": "2021-08-25",
            "date": "2009-01-01",
            "value": "25.0257378810969"
        },
        {
            "realtime_start": "2021-08-25",
            "realtime_end": "2021-08-25",
            "date": "2009-04-01",
            "value": "25.0436524995805"
        },
        {
            "realtime_start": "2021-08-25",
            "realtime_end": "2021-08-25",
            "date": "2009-07-01",
            "value": "25.4344329385808"
        },
        {
            "realtime_start": "2021-08-25",
            "realtime_end": "2021-08-25",
            "date": "2009-10-01",
            "value": "25.935741532511"
        },
        {
            "realtime_start": "2021-08-25",
            "realtime_end": "2021-08-25",
            "date": "2010-01-01",
            "value": "25.8707145770176"
        },
        {
            "realtime_start": "2021-08-25",
            "realtime_end": "2021-08-25",
            "date": "2010-04-01",
            "value": "25.9389839794499"
        },
        {
            "realtime_start": "2021-08-25",
            "realtime_end": "2021-08-25",
            "date": "2010-07-01",
            "value": "26.2006014343934"
        },
        {
            "realtime_start": "2021-08-25",
            "realtime_end": "2021-08-25",
            "date": "2010-10-01",
            "value": "26.4052659694073"
        },
        {
            "realtime_start": "2021-08-25",
            "realtime_end": "2021-08-25",
            "date": "2011-01-01",
            "value": "26.6195529407866"
        },
        {
            "realtime_start": "2021-08-25",
            "realtime_end": "2021-08-25",
            "date": "2011-04-01",
            "value": "26.7432155577522"
        },
        {
            "realtime_start": "2021-08-25",
            "realtime_end": "2021-08-25",
            "date": "2011-07-01",
            "value": "26.728144364008"
        },
        {
            "realtime_start": "2021-08-25",
            "realtime_end": "2021-08-25",
            "date": "2011-10-01",
            "value": "26.7764701914704"
        },
        {
            "realtime_start": "2021-08-25",
            "realtime_end": "2021-08-25",
            "date": "2012-01-01",
            "value": "26.9451665031362"
        },
        {
            "realtime_start": "2021-08-25",
            "realtime_end": "2021-08-25",
            "date": "2012-04-01",
            "value": "26.9023287133344"
        },
        {
            "realtime_start": "2021-08-25",
            "realtime_end": "2021-08-25",
            "date": "2012-07-01",
            "value": "26.9496063141339"
        },
        {
            "realtime_start": "2021-08-25",
            "realtime_end": "2021-08-25",
            "date": "2012-10-01",
            "value": "26.8100582812223"
        },
        {
            "realtime_start": "2021-08-25",
            "realtime_end": "2021-08-25",
            "date": "2013-01-01",
            "value": "27.0950031945022"
        },
        {
            "realtime_start": "2021-08-25",
            "realtime_end": "2021-08-25",
            "date": "2013-04-01",
            "value": "27.0785514899057"
        },
        {
            "realtime_start": "2021-08-25",
            "realtime_end": "2021-08-25",
            "date": "2013-07-01",
            "value": "27.1403733544772"
        },
        {
            "realtime_start": "2021-08-25",
            "realtime_end": "2021-08-25",
            "date": "2013-10-01",
            "value": "27.4568028805259"
        },
        {
            "realtime_start": "2021-08-25",
            "realtime_end": "2021-08-25",
            "date": "2014-01-01",
            "value": "27.3334734779266"
        },
        {
            "realtime_start": "2021-08-25",
            "realtime_end": "2021-08-25",
            "date": "2014-04-01",
            "value": "27.3762119586578"
        },
        {
            "realtime_start": "2021-08-25",
            "realtime_end": "2021-08-25",
            "date": "2014-07-01",
            "value": "27.2983451234981"
        },
        {
            "realtime_start": "2021-08-25",
            "realtime_end": "2021-08-25",
            "date": "2014-10-01",
            "value": "27.238266382627"
        },
        {
            "realtime_start": "2021-08-25",
            "realtime_end": "2021-08-25",
            "date": "2015-01-01",
            "value": "27.430983627232"
        },
        {
            "realtime_start": "2021-08-25",
            "realtime_end": "2021-08-25",
            "date": "2015-04-01",
            "value": "27.2614832521677"
        },
        {
            "realtime_start": "2021-08-25",
            "realtime_end": "2021-08-25",
            "date": "2015-07-01",
            "value": "27.5484446931704"
        },
        {
            "realtime_start": "2021-08-25",
            "realtime_end": "2021-08-25",
            "date": "2015-10-01",
            "value": "27.3447411340904"
        },
        {
            "realtime_start": "2021-08-25",
            "realtime_end": "2021-08-25",
            "date": "2016-01-01",
            "value": "27.1129259713023"
        },
        {
            "realtime_start": "2021-08-25",
            "realtime_end": "2021-08-25",
            "date": "2016-04-01",
            "value": "27.1564509715504"
        },
        {
            "realtime_start": "2021-08-25",
            "realtime_end": "2021-08-25",
            "date": "2016-07-01",
            "value": "27.0194228797366"
        },
        {
            "realtime_start": "2021-08-25",
            "realtime_end": "2021-08-25",
            "date": "2016-10-01",
            "value": "26.9567968476267"
        },
        {
            "realtime_start": "2021-08-25",
            "realtime_end": "2021-08-25",
            "date": "2017-01-01",
            "value": "26.8044933697619"
        },
        {
            "realtime_start": "2021-08-25",
            "realtime_end": "2021-08-25",
            "date": "2017-04-01",
            "value": "26.7033511496364"
        },
        {
            "realtime_start": "2021-08-25",
            "realtime_end": "2021-08-25",
            "date": "2017-07-01",
            "value": "26.506346885718"
        },
        {
            "realtime_start": "2021-08-25",
            "realtime_end": "2021-08-25",
            "date": "2017-10-01",
            "value": "26.6475855110706"
        },
        {
            "realtime_start": "2021-08-25",
            "realtime_end": "2021-08-25",
            "date": "2018-01-01",
            "value": "26.4693293259211"
        },
        {
            "realtime_start": "2021-08-25",
            "realtime_end": "2021-08-25",
            "date": "2018-04-01",
            "value": "26.425997249453"
        },
        {
            "realtime_start": "2021-08-25",
            "realtime_end": "2021-08-25",
            "date": "2018-07-01",
            "value": "26.4678054431759"
        },
        {
            "realtime_start": "2021-08-25",
            "realtime_end": "2021-08-25",
            "date": "2018-10-01",
            "value": "26.1958397660972"
        },
        {
            "realtime_start": "2021-08-25",
            "realtime_end": "2021-08-25",
            "date": "2019-01-01",
            "value": "26.0438589119664"
        },
        {
            "realtime_start": "2021-08-25",
            "realtime_end": "2021-08-25",
            "date": "2019-04-01",
            "value": "26.1116154530436"
        },
        {
            "realtime_start": "2021-08-25",
            "realtime_end": "2021-08-25",
            "date": "2019-07-01",
            "value": "25.8128085969413"
        },
        {
            "realtime_start": "2021-08-25",
            "realtime_end": "2021-08-25",
            "date": "2019-10-01",
            "value": "25.649693648916"
        },
        {
            "realtime_start": "2021-08-25",
            "realtime_end": "2021-08-25",
            "date": "2020-01-01",
            "value": "25.7279455799837"
        },
        {
            "realtime_start": "2021-08-25",
            "realtime_end": "2021-08-25",
            "date": "2020-04-01",
            "value": "28.0242071118636"
        },
        {
            "realtime_start": "2021-08-25",
            "realtime_end": "2021-08-25",
            "date": "2020-07-01",
            "value": "27.2676753226317"
        },
        {
            "realtime_start": "2021-08-25",
            "realtime_end": "2021-08-25",
            "date": "2020-10-01",
            "value": "27.0181351654867"
        },
        {
            "realtime_start": "2021-08-25",
            "realtime_end": "2021-08-25",
            "date": "2021-01-01",
            "value": "27.0135233834955"
        },
        {
            "realtime_start": "2021-08-25",
            "realtime_end": "2021-08-25",
            "date": "2021-04-01",
            "value": "26.7132094716379"
        }
    ]
}