economy,Country,SP.POP.TOTL,NY.GDP.MKTP.PP.KD,Total Population (millions),GDP (billions $),Gold,Silver,Bronze,Total,GDP (bn) / Total_Medals,Year,Continent
ZWE,Zimbabwe,12379553,26985601092,12.38,26.99,1,3,0,4,6.75,2008,Africa
ZMB,Zambia,12848531,35300548790,12.85,35.3,0,0,0,0,,2008,Africa
ZAF,South Africa,49779472,6.88E+11,49.78,687.51,0,1,0,1,687.51,2008,Africa
XKX,Kosovo,1747383,12288387592,1.75,12.29,0,0,0,0,,2008,Europe
WSM,Samoa,183270,1168527690,0.18,1.17,0,1,0,1,1.17,2008,Oceania
VUT,Vanuatu,224700,699341273.8,0.22,0.7,0,0,0,0,,2008,Oceania
VNM,Vietnam,86243424,3.99E+11,86.24,399.14,0,1,0,1,399.14,2008,Asia
VCT,St. Vincent and the Grenadines,108401,1309782867,0.11,1.31,0,0,0,0,,2008,North America
UZB,Uzbekistan,27302800,1.22E+11,27.3,121.71,0,1,3,4,30.43,2008,Asia
USA,United States,304093966,1.68E+13,304.09,16807.78,36,39,37,112,150.07,2008,North America
URY,Uruguay,3340221,57674027693,3.34,57.67,0,0,0,0,,2008,South America
UKR,Ukraine,46258189,6.35E+11,46.26,634.63,7,4,11,22,28.85,2008,Europe
UGA,Uganda,30431734,53849696408,30.43,53.85,0,0,0,0,,2008,Africa
TZA,Tanzania,41853944,77210508277,41.85,77.21,0,0,0,0,,2008,Africa
TUV,Tuvalu,10315,37139804.97,0.01,0.04,0,0,0,0,,2008,Oceania
TUR,Turkey,70418612,1.40E+12,70.42,1403.66,1,1,3,5,280.73,2008,Europe
TUN,Tunisia,10414425,1.08E+11,10.41,107.58,1,0,0,1,107.58,2008,Africa
TTO,Trinidad and Tobago,1314449,38827392115,1.31,38.83,1,1,0,2,19.42,2008,North America
TON,Tonga,103384,562210240.9,0.1,0.56,0,0,0,0,,2008,Oceania
TLS,Timor-Leste,1055428,2661988619,1.06,2.66,0,0,0,0,,2008,Asia
TKM,Turkmenistan,4935765,37834870667,4.94,37.83,0,0,0,0,,2008,Asia
TJK,Tajikistan,7209924,16258541934,7.21,16.26,0,1,1,2,8.13,2008,Asia
THA,Thailand,66530980,9.06E+11,66.53,906.19,2,2,2,6,151.03,2008,Asia
TGO,Togo,6083417,9322374067,6.08,9.32,0,0,1,1,9.32,2008,Africa
TCD,Chad,11183589,17499987132,11.18,17.5,0,0,0,0,,2008,Africa
SYC,Seychelles,86956,1795739998,0.09,1.8,0,0,0,0,,2008,Africa
SWZ,Eswatini,1049948,7534651047,1.05,7.53,0,0,0,0,,2008,Africa
SWE,Sweden,9219637,4.42E+11,9.22,442.21,0,4,1,5,88.44,2008,Europe
SVN,Slovenia,2021316,72919918592,2.02,72.92,1,2,2,5,14.58,2008,Europe
SVK,Slovak Republic,5379233,1.37E+11,5.38,136.96,3,3,0,6,22.83,2008,Europe
SUR,Suriname,517122,9201666793,0.52,9.2,0,0,0,0,,2008,South America
STP,Sao Tome and Principe,171122,554267616.5,0.17,0.55,0,0,0,0,,2008,Africa
SRB,Serbia,7350222,1.08E+11,7.35,107.99,0,1,2,3,36.00,2008,Europe
SMR,San Marino,30434,2653172228,0.03,2.65,0,0,0,0,,2008,Europe
SLV,El Salvador,6131767,45331519500,6.13,45.33,0,0,0,0,,2008,North America
SLE,Sierra Leone,6133599,8299077544,6.13,8.3,0,0,0,0,,2008,Africa
SLB,Solomon Islands,503366,1156177507,0.5,1.16,0,0,0,0,,2008,Oceania
SGP,Singapore,4839396,3.47E+11,4.84,346.65,0,1,0,1,346.65,2008,Asia
SEN,Senegal,12004700,33380452577,12,33.38,0,0,0,0,,2008,Africa
SDN,Sudan,33060844,2.04E+11,33.06,204.2,0,1,0,1,204.20,2008,Africa
SAU,Saudi Arabia,25888535,1.17E+12,25.89,1173.79,0,0,0,0,,2008,Asia
RWA,Rwanda,9524532,13267957874,9.52,13.27,0,0,0,0,,2008,Africa
RUS,Russian Federation,142742366,3.55E+12,142.74,3552.55,24,13,23,60,59.21,2008,Europe
ROU,Romania,20537875,4.53E+11,20.54,452.74,4,1,4,9,50.30,2008,Europe
QAT,Qatar,1436670,1.33E+11,1.44,132.97,0,0,0,0,,2008,Asia
PSE,West Bank and Gaza,3591977,17835505431,3.59,17.84,0,0,0,0,,2008,Asia
PRY,Paraguay,6081296,58731219633,6.08,58.73,0,0,0,0,,2008,South America
PRT,Portugal,10558177,3.41E+11,10.56,341.11,1,1,0,2,170.56,2008,Europe
PRI,Puerto Rico,3760866,1.26E+11,3.76,125.63,0,0,0,0,,2008,North America
POL,Poland,38125759,8.56E+11,38.13,855.73,4,5,2,11,77.79,2008,Europe
PNG,Papua New Guinea,6976200,21173957712,6.98,21.17,0,0,0,0,,2008,Oceania
PLW,Palau,18708,292054918.8,0.02,0.29,0,0,0,0,,2008,Oceania
PHL,Philippines,90901967,5.11E+11,90.9,510.73,0,0,0,0,,2008,Asia
PER,Peru,28562321,2.67E+11,28.56,266.81,0,0,0,0,,2008,South America
PAN,Panama,3516204,72563640360,3.52,72.56,1,0,0,1,72.56,2008,North America
PAK,Pakistan,171648984,6.71E+11,171.65,670.91,0,0,0,0,,2008,Asia
OMN,Oman,2750956,95737860148,2.75,95.74,0,0,0,0,,2008,Asia
NZL,New Zealand,4259800,1.62E+11,4.26,161.59,3,2,4,9,17.95,2008,Oceania
NRU,Nauru,9880,55231023.57,0.01,0.06,0,0,0,0,,2008,Oceania
NPL,Nepal,26666581,66650868166,26.67,66.65,0,0,0,0,,2008,Asia
NOR,Norway,4768212,3.03E+11,4.77,303.12,3,5,1,9,33.68,2008,Europe
NLD,Netherlands,16445593,8.86E+11,16.45,885.57,7,5,4,16,55.35,2008,Europe
NIC,Nicaragua,5667436,26600629726,5.67,26.6,0,0,0,0,,2008,North America
NGA,Nigeria,150269622,6.70E+11,150.27,670,0,3,2,5,134.00,2008,Africa
NER,Niger,15250913,15409187206,15.25,15.41,0,0,0,0,,2008,Africa
NAM,Namibia,2043382,17992817701,2.04,17.99,0,0,0,0,,2008,Africa
MYS,Malaysia,27236003,5.48E+11,27.24,547.54,0,1,0,1,547.54,2008,Asia
MWI,Malawi,13727899,17262611523,13.73,17.26,0,0,0,0,,2008,Africa
MUS,Mauritius,1244121,19477466103,1.24,19.48,0,0,1,1,19.48,2008,Africa
MRT,Mauritania,3296237,15891303909,3.3,15.89,0,0,0,0,,2008,Africa
MOZ,Mozambique,22276596,21347292692,22.28,21.35,0,0,0,0,,2008,Africa
MNG,Mongolia,2631899,19349268104,2.63,19.35,2,2,0,4,4.84,2008,Asia
MNE,Montenegro,616969,10729724989,0.62,10.73,0,0,0,0,,2008,Europe
MMR,Myanmar,49929642,1.15E+11,49.93,115.03,0,0,0,0,,2008,Asia
MLT,Malta,409379,13056471285,0.41,13.06,0,0,0,0,,2008,Europe
MLI,Mali,14113578,28400488545,14.11,28.4,0,0,0,0,,2008,Africa
MKD,North Macedonia,2046898,26967557279,2.05,26.97,0,0,0,0,,2008,Europe
MHL,Marshall Islands,56166,184097276.5,0.06,0.18,0,0,0,0,,2008,Oceania
MEX,Mexico,110815272,2.04E+12,110.82,2038.65,2,0,2,4,509.66,2008,North America
MDV,Maldives,343448,5992584545,0.34,5.99,0,0,0,0,,2008,Asia
MDG,Madagascar,19996476,34007928309,20,34.01,0,0,0,0,,2008,Africa
MDA,Moldova,2867964,24302403985,2.87,24.3,0,0,1,1,24.30,2008,Europe
MAR,Morocco,31536807,1.91E+11,31.54,190.51,0,1,1,2,95.26,2008,Africa
LVA,Latvia,2177322,54223144196,2.18,54.22,1,1,1,3,18.07,2008,Europe
LUX,Luxembourg,488650,57736278120,0.49,57.74,0,0,0,0,,2008,Europe
LTU,Lithuania,3198231,85664233657,3.2,85.66,0,3,2,5,17.13,2008,Europe
LSO,Lesotho,1987130,4505323283,1.99,4.51,0,0,0,0,,2008,Africa
LKA,Sri Lanka,19983984,1.65E+11,19.98,165.35,0,0,0,0,,2008,Asia
LCA,St. Lucia,170011,2492911400,0.17,2.49,0,0,0,0,,2008,North America
LBY,Libya,6058740,1.34E+11,6.06,134.08,0,0,0,0,,2008,Africa
LBR,Liberia,3607863,5104570383,3.61,5.1,0,0,0,0,,2008,Africa
LBN,Lebanon,4764745,81145315992,4.76,81.15,0,0,0,0,,2008,Asia
LAO,Lao PDR,6046630,25979247073,6.05,25.98,0,0,0,0,,2008,Asia
KWT,Kuwait,2656010,1.94E+11,2.66,193.95,0,0,0,0,,2008,Asia
KOR,"Korea, Rep.",49054708,1.58E+12,49.05,1583.25,13,11,8,32,49.48,2008,Asia
KNA,St. Kitts and Nevis,48178,1142125706,0.05,1.14,0,0,0,0,,2008,North America
KIR,Kiribati,98760,198200815.1,0.1,0.2,0,0,0,0,,2008,Oceania
KHM,Cambodia,13883835,36662093825,13.88,36.66,0,0,0,0,,2008,Asia
KGZ,Kyrgyz Republic,5318700,22031180061,5.32,22.03,0,1,2,3,7.34,2008,Asia
KEN,Kenya,39791984,1.39E+11,39.79,138.97,6,4,6,16,8.69,2008,Africa
KAZ,Kazakhstan,15776938,3.12E+11,15.78,311.91,2,3,4,9,34.66,2008,Asia
JPN,Japan,128063000,4.97E+12,128.06,4966.44,9,8,8,25,198.66,2008,Asia
JOR,Jordan,6556473,76467463678,6.56,76.47,0,0,0,0,,2008,Asia
JAM,Jamaica,2781869,28133483825,2.78,28.13,5,4,2,11,2.56,2008,North America
ITA,Italy,58826731,2.63E+12,58.83,2625.06,8,9,10,27,97.22,2008,Europe
ISR,Israel,7308800,2.42E+11,7.31,241.52,0,0,1,1,241.52,2008,Asia
ISL,Iceland,317414,16822763466,0.32,16.82,0,1,0,1,16.82,2008,Europe
IRQ,Iraq,28385739,2.32E+11,28.39,232.45,0,0,0,0,,2008,Asia
IRN,"Iran, Islamic Rep.",72120608,9.53E+11,72.12,952.94,1,0,1,2,476.47,2008,Asia
IRL,Ireland,4489544,2.50E+11,4.49,250.12,0,1,2,3,83.37,2008,Europe
IND,India,1200669762,4.47E+12,1200.67,4466.6,1,0,2,3,1488.87,2008,Asia
IDN,Indonesia,235469755,1.80E+12,235.47,1803.13,1,1,4,6,300.52,2008,Asia
HUN,Hungary,10038188,2.59E+11,10.04,259.34,3,5,2,10,25.93,2008,Europe
HTI,Haiti,9646570,28889235768,9.65,28.89,0,0,0,0,,2008,North America
HRV,Croatia,4309705,1.15E+11,4.31,114.94,0,2,3,5,22.99,2008,Europe
HND,Honduras,7980955,39997412335,7.98,40,0,0,0,0,,2008,North America
HKG,"Hong Kong SAR, China",6957800,3.46E+11,6.96,346.42,0,0,0,0,,2008,Asia
GUY,Guyana,746815,6805172582,0.75,6.81,0,0,0,0,,2008,South America
GTM,Guatemala,13739299,1.01E+11,13.74,101.19,0,0,0,0,,2008,North America
GRD,Grenada,105457,1533540027,0.11,1.53,0,0,0,0,,2008,North America
GRC,Greece,11077841,4.14E+11,11.08,414.25,0,2,1,3,138.08,2008,Europe
GNQ,Equatorial Guinea,860839,35509166778,0.86,35.51,0,0,0,0,,2008,Africa
GNB,Guinea-Bissau,1446936,2460204322,1.45,2.46,0,0,0,0,,2008,Africa
GMB,"Gambia, The",1689288,3725073280,1.69,3.73,0,0,0,0,,2008,Africa
GIN,Guinea,9738796,18398416052,9.74,18.4,0,0,0,0,,2008,Africa
GHA,Ghana,23563832,83858706162,23.56,83.86,0,0,0,0,,2008,Africa
GEO,Georgia,3848449,36016150959,3.85,36.02,3,2,2,7,5.15,2008,Asia
GBR,United Kingdom,61806995,2.71E+12,61.81,2705.15,19,13,19,51,53.04,2008,Europe
GAB,Gabon,1518538,21834287970,1.52,21.83,0,0,0,0,,2008,Africa
FSM,"Micronesia, Fed. Sts.",103549,364331237.6,0.1,0.36,0,0,0,0,,2008,Oceania
FRA,France,64374979,2.77E+12,64.37,2767.88,7,16,20,43,64.37,2008,Europe
FJI,Fiji,845356,8932796884,0.85,8.93,0,0,0,0,,2008,Oceania
FIN,Finland,5313399,2.59E+11,5.31,259.39,1,1,2,4,64.85,2008,Europe
ETH,Ethiopia,82916236,90105030164,82.92,90.11,4,2,1,7,12.87,2008,Africa
EST,Estonia,1337090,39606965135,1.34,39.61,1,1,0,2,19.81,2008,Europe
ESP,Spain,45954106,1.80E+12,45.95,1803.26,5,11,3,19,94.91,2008,Europe
EGY,"Egypt, Arab Rep.",79636081,7.78E+11,79.64,777.53,0,0,2,2,388.77,2008,Africa
ECU,Ecuador,14535740,1.49E+11,14.54,149.1,0,1,0,1,149.10,2008,South America
DZA,Algeria,34730604,3.75E+11,34.73,374.98,0,1,1,2,187.49,2008,Africa
DOM,Dominican Republic,9458079,1.13E+11,9.46,113.32,1,1,0,2,56.66,2008,North America
DNK,Denmark,5493621,2.91E+11,5.49,291.07,2,2,3,7,41.58,2008,Europe
DMA,Dominica,70829,855107711.7,0.07,0.86,0,0,0,0,,2008,North America
DEU,Germany,82110097,3.91E+12,82.11,3911.99,16,11,14,41,95.41,2008,Europe
CZE,Czech Republic,10384603,3.59E+11,10.38,359.1,3,3,1,7,51.30,2008,Europe
CYP,Cyprus,1081568,31778145923,1.08,31.78,0,0,0,0,,2008,Asia
CYM,Cayman Islands,53835,4198482248,0.05,4.2,0,0,0,0,,2008,North America
CRI,Costa Rica,4463123,73763980088,4.46,73.76,0,0,0,0,,2008,North America
CPV,Cabo Verde,480846,3049142810,0.48,3.05,0,0,0,0,,2008,Africa
COM,Comoros,657227,1853155856,0.66,1.85,0,0,0,0,,2008,Africa
COL,Colombia,44254972,5.04E+11,44.25,504.21,0,2,1,3,168.07,2008,South America
COG,"Congo, Rep.",4011487,18001056072,4.01,18,0,0,0,0,,2008,Africa
COD,"Congo, Dem. Rep.",60411195,50734263154,60.41,50.73,0,0,0,0,,2008,Africa
CMR,Cameroon,19252674,62120590885,19.25,62.12,1,0,0,1,62.12,2008,Africa
CIV,Cote d'Ivoire,19605568,70080446901,19.61,70.08,0,0,0,0,,2008,Africa
CHN,China,1324655000,9.82E+12,1324.66,9819.5,48,22,30,100,98.20,2008,Asia
CHL,Chile,16708255,3.48E+11,16.71,348.21,0,1,0,1,348.21,2008,South America
CHE,Switzerland,7647675,5.09E+11,7.65,509.33,2,1,4,7,72.76,2008,Europe
CAN,Canada,33247118,1.52E+12,33.25,1524.43,3,9,8,20,76.22,2008,North America
CAF,Central African Republic,4273368,4638485655,4.27,4.64,0,0,0,0,,2008,Africa
BWA,Botswana,1915636,26016576245,1.92,26.02,0,0,0,0,,2008,Africa
BTN,Bhutan,671611,4698442335,0.67,4.7,0,0,0,0,,2008,Asia
BRN,Brunei Darussalam,379418,26125267157,0.38,26.13,0,0,0,0,,2008,Asia
BRB,Barbados,279946,4744152749,0.28,4.74,0,0,0,0,,2008,North America
BRA,Brazil,192030362,2.71E+12,192.03,2710.5,3,4,10,17,159.44,2008,South America
BOL,Bolivia,9721457,61743172462,9.72,61.74,0,0,0,0,,2008,South America
BMU,Bermuda,65273,6256795679,0.07,6.26,0,0,0,0,,2008,North America
BLZ,Belize,306822,2278727210,0.31,2.28,0,0,0,0,,2008,North America
BLR,Belarus,9527985,1.52E+11,9.53,151.9,3,4,7,14,10.85,2008,Europe
BIH,Bosnia and Herzegovina,3754261,41428413672,3.75,41.43,0,0,0,0,,2008,Europe
BHS,"Bahamas, The",343680,13332188252,0.34,13.33,0,1,1,2,6.67,2008,North America
BHR,Bahrain,1114645,51729372637,1.11,51.73,0,0,0,0,,2008,Asia
BGR,Bulgaria,7492561,1.37E+11,7.49,136.74,1,1,3,5,27.35,2008,Europe
BGD,Bangladesh,144304164,3.84E+11,144.3,383.71,0,0,0,0,,2008,Asia
BFA,Burkina Faso,14689725,23987565705,14.69,23.99,0,0,0,0,,2008,Africa
BEN,Benin,8696915,23813843817,8.7,23.81,0,0,0,0,,2008,Africa
BEL,Belgium,10709973,5.19E+11,10.71,518.61,2,0,0,2,259.31,2008,Europe
BDI,Burundi,8126104,6726726438,8.13,6.73,0,0,0,0,,2008,Africa
AZE,Azerbaijan,8763400,1.11E+11,8.76,111.05,1,1,4,6,18.51,2008,Asia
AUT,Austria,8321496,4.42E+11,8.32,442.42,0,1,2,3,147.47,2008,Europe
AUS,Australia,21249200,9.51E+11,21.25,950.77,14,15,17,46,20.67,2008,Oceania
ATG,Antigua and Barbuda,85394,1975328105,0.09,1.98,0,0,0,0,,2008,North America
ARM,Armenia,2907615,30435546699,2.91,30.44,0,1,4,5,6.09,2008,Asia
ARG,Argentina,40080159,9.26E+11,40.08,925.99,2,0,4,6,154.33,2008,South America
ARE,United Arab Emirates,7089486,4.88E+11,7.09,487.75,0,0,0,0,,2008,Asia
ALB,Albania,2947314,29214270738,2.95,29.21,0,0,0,0,,2008,Europe
AGO,Angola,21695636,1.71E+11,21.7,170.62,0,0,0,0,,2008,Africa
AFG,Afghanistan,27722281,41143038133,27.72,41.14,0,0,1,1,41.14,2008,Asia
ABW,Aruba,101362,4051264664,0.1,4.05,0,0,0,0,,2008,North America
ZWE,Zimbabwe,13115149,48196522445,13.12,48.2,0,0,0,0,,2012,Africa
ZMB,Zambia,14465148,48303033348,14.47,48.3,0,0,0,0,,2012,Africa
ZAF,South Africa,52832659,7.37E+11,52.83,736.85,4,1,1,6,122.81,2012,Africa
XKX,Kosovo,1807106,14647271671,1.81,14.65,0,0,0,0,,2012,Europe
WSM,Samoa,189089,1115879881,0.19,1.12,0,0,0,0,,2012,Oceania
VUT,Vanuatu,249505,760163346.3,0.25,0.76,0,0,0,0,,2012,Oceania
VNM,Vietnam,89801926,5.01E+11,89.8,500.6,0,0,1,1,500.60,2012,Asia
VCT,St. Vincent and the Grenadines,108435,1251118488,0.11,1.25,0,0,0,0,,2012,North America
UZB,Uzbekistan,29774500,1.63E+11,29.77,162.95,0,0,3,3,54.32,2012,Asia
USA,United States,313877662,1.74E+13,313.88,17445.76,47,27,30,104,167.75,2012,North America
URY,Uruguay,3378975,70570248494,3.38,70.57,0,0,0,0,,2012,South America
UKR,Ukraine,45593342,5.92E+11,45.59,592.03,5,4,10,19,31.16,2012,Europe
UGA,Uganda,34558700,69010867755,34.56,69.01,1,0,0,1,69.01,2012,Africa
TZA,Tanzania,47053033,97247878561,47.05,97.25,0,0,0,0,,2012,Africa
TUV,Tuvalu,10744,35695731.41,0.01,0.04,0,0,0,0,,2012,Oceania
TUR,Turkey,74651046,1.69E+12,74.65,1687.91,1,1,1,3,562.64,2012,Europe
TUN,Tunisia,10846993,1.17E+11,10.85,117.26,2,0,1,3,39.09,2012,Africa
TTO,Trinidad and Tobago,1344814,38728621938,1.34,38.73,1,1,2,4,9.68,2012,North America
TON,Tonga,102736,578618564.5,0.1,0.58,0,0,0,0,,2012,Oceania
TLS,Timor-Leste,1133002,3561340025,1.13,3.56,0,0,0,0,,2012,Asia
TKM,Turkmenistan,5267906,55860877402,5.27,55.86,0,0,0,0,,2012,Asia
TJK,Tajikistan,7874838,20771100055,7.87,20.77,0,0,1,1,20.77,2012,Asia
THA,Thailand,67835969,1.05E+12,67.84,1046.34,0,2,2,4,261.59,2012,Asia
TGO,Togo,6773807,11833375211,6.77,11.83,0,0,0,0,,2012,Africa
TCD,Chad,12784748,22567573044,12.78,22.57,0,0,0,0,,2012,Africa
SYC,Seychelles,88303,2055652657,0.09,2.06,0,0,0,0,,2012,Africa
SWZ,Eswatini,1079285,8559668135,1.08,8.56,0,0,0,0,,2012,Africa
SWE,Sweden,9519374,4.60E+11,9.52,459.79,1,4,3,8,57.47,2012,Europe
SVN,Slovenia,2057159,67091135564,2.06,67.09,1,1,2,4,16.77,2012,Europe
SVK,Slovak Republic,5407579,1.43E+11,5.41,143.19,0,1,3,4,35.80,2012,Europe
SUR,Suriname,541247,10835935420,0.54,10.84,0,0,0,0,,2012,South America
STP,Sao Tome and Principe,188394,652093325.6,0.19,0.65,0,0,0,0,,2012,Africa
SRB,Serbia,7199077,1.07E+11,7.2,107.22,1,1,2,4,26.81,2012,Europe
SMR,San Marino,32103,1916829275,0.03,1.92,0,0,0,0,,2012,Europe
SLV,El Salvador,6237922,48374994140,6.24,48.37,0,0,0,0,,2012,North America
SLE,Sierra Leone,6712586,11047338886,6.71,11.05,0,0,0,0,,2012,Africa
SLB,Solomon Islands,556066,1407268996,0.56,1.41,0,0,0,0,,2012,Oceania
SGP,Singapore,5312437,4.42E+11,5.31,441.53,0,0,2,2,220.77,2012,Asia
SEN,Senegal,13401990,37373747012,13.4,37.37,0,0,0,0,,2012,Africa
SDN,Sudan,36193781,1.66E+11,36.19,165.64,0,0,0,0,,2012,Africa
SAU,Saudi Arabia,29154906,1.40E+12,29.15,1400.15,0,0,1,1,1400.15,2012,Asia
RWA,Rwanda,10549668,17746719989,10.55,17.75,0,0,0,0,,2012,Africa
RUS,Russian Federation,143201721,3.71E+12,143.2,3713.69,20,21,27,68,54.61,2012,Europe
ROU,Romania,20058035,4.27E+11,20.06,427.46,2,4,1,7,61.07,2012,Europe
QAT,Qatar,2196078,2.11E+11,2.2,211.4,0,1,1,2,105.70,2012,Asia
PSE,West Bank and Gaza,3979998,23823007353,3.98,23.82,0,0,0,0,,2012,Asia
PRY,Paraguay,6421510,67386123645,6.42,67.39,0,0,0,0,,2012,South America
PRT,Portugal,10514844,3.17E+11,10.51,317.09,0,1,0,1,317.09,2012,Europe
PRI,Puerto Rico,3634488,1.22E+11,3.63,122.26,0,1,1,2,61.13,2012,North America
POL,Poland,38063164,9.69E+11,38.06,968.98,3,2,6,11,88.09,2012,Europe
PNG,Papua New Guinea,7631003,26352807408,7.63,26.35,0,0,0,0,,2012,Oceania
PLW,Palau,17635,296548046.2,0.02,0.3,0,0,0,0,,2012,Oceania
PHL,Philippines,97212639,6.17E+11,97.21,617.42,0,0,0,0,,2012,Asia
PER,Peru,29506790,3.30E+11,29.51,329.77,0,0,0,0,,2012,South America
PAN,Panama,3770635,95006105380,3.77,95.01,0,0,0,0,,2012,North America
PAK,Pakistan,187280125,7.46E+11,187.28,745.52,0,0,0,0,,2012,Asia
OMN,Oman,3498031,1.16E+11,3.5,115.67,0,0,0,0,,2012,Asia
NZL,New Zealand,4408100,1.71E+11,4.41,171.29,6,2,5,13,13.18,2012,Oceania
NRU,Nauru,10136,82009701.66,0.01,0.08,0,0,0,0,,2012,Oceania
NPL,Nepal,26989160,78879048236,26.99,78.88,0,0,0,0,,2012,Asia
NOR,Norway,5018573,3.11E+11,5.02,311.1,2,1,1,4,77.78,2012,Europe
NLD,Netherlands,16754962,8.69E+11,16.75,868.91,6,6,8,20,43.45,2012,Europe
NIC,Nicaragua,5982530,30410928972,5.98,30.41,0,0,0,0,,2012,North America
NGA,Nigeria,167228803,8.58E+11,167.23,858.11,0,0,0,0,,2012,Africa
NER,Niger,17795209,19303608548,17.8,19.3,0,0,0,0,,2012,Africa
NAM,Namibia,2194777,21128106808,2.19,21.13,0,0,0,0,,2012,Africa
MYS,Malaysia,29068189,6.43E+11,29.07,643.34,0,1,1,2,321.67,2012,Asia
MWI,Malawi,15396010,21351032620,15.4,21.35,0,0,0,0,,2012,Africa
MUS,Mauritius,1255882,22624703116,1.26,22.62,0,0,0,0,,2012,Africa
MRT,Mauritania,3706555,17764921545,3.71,17.76,0,0,0,0,,2012,Africa
MOZ,Mozambique,24862673,27849388139,24.86,27.85,0,0,0,0,,2012,Africa
MNG,Mongolia,2824698,26769453830,2.82,26.77,0,2,3,5,5.35,2012,Asia
MNE,Montenegro,620601,10427585126,0.62,10.43,0,1,0,1,10.43,2012,Europe
MMR,Myanmar,51413703,1.60E+11,51.41,160.05,0,0,0,0,,2012,Asia
MLT,Malta,420028,14251272787,0.42,14.25,0,0,0,0,,2012,Europe
MLI,Mali,15979492,32083734773,15.98,32.08,0,0,0,0,,2012,Africa
MKD,North Macedonia,2061044,28293575661,2.06,28.29,0,0,0,0,,2012,Europe
MHL,Marshall Islands,56712,196764684.2,0.06,0.2,0,0,0,0,,2012,Oceania
MEX,Mexico,117274156,2.18E+12,117.27,2180.7,1,3,4,8,272.59,2012,North America
MDV,Maldives,397231,6637124989,0.4,6.64,0,0,0,0,,2012,Asia
MDG,Madagascar,22346641,34380679957,22.35,34.38,0,0,0,0,,2012,Africa
MDA,Moldova,2859458,25737006168,2.86,25.74,0,0,0,0,,2012,Europe
MAR,Morocco,33241898,2.24E+11,33.24,223.52,0,0,1,1,223.52,2012,Africa
LVA,Latvia,2034319,48763511485,2.03,48.76,1,0,1,2,24.38,2012,Europe
LUX,Luxembourg,530946,59538763541,0.53,59.54,0,0,0,0,,2012,Europe
LTU,Lithuania,2987773,81658512980,2.99,81.66,2,0,3,5,16.33,2012,Europe
LSO,Lesotho,2014988,5209480911,2.01,5.21,0,0,0,0,,2012,Africa
LKA,Sri Lanka,20425000,2.19E+11,20.43,218.8,0,0,0,0,,2012,Asia
LCA,St. Lucia,176654,2591012661,0.18,2.59,0,0,0,0,,2012,North America
LBY,Libya,6285751,1.18E+11,6.29,118.21,0,0,0,0,,2012,Africa
LBR,Liberia,4135662,6663980095,4.14,6.66,0,0,0,0,,2012,Africa
LBN,Lebanon,5537620,99894525694,5.54,99.89,0,0,0,0,,2012,Asia
LAO,Lao PDR,6444527,35374268307,6.44,35.37,0,0,0,0,,2012,Asia
KWT,Kuwait,3348852,2.06E+11,3.35,205.68,0,0,1,1,205.68,2012,Asia
KOR,"Korea, Rep.",50199853,1.81E+12,50.2,1809.66,13,9,8,30,60.32,2012,Asia
KNA,St. Kitts and Nevis,49881,1084420231,0.05,1.08,0,0,0,0,,2012,North America
KIR,Kiribati,106359,210581248,0.11,0.21,0,0,0,0,,2012,Oceania
KHM,Cambodia,14780454,44675351848,14.78,44.68,0,0,0,0,,2012,Asia
KGZ,Kyrgyz Republic,5607200,23882849033,5.61,23.88,0,0,0,0,,2012,Asia
KEN,Kenya,44343469,1.71E+11,44.34,170.53,2,4,7,13,13.12,2012,Africa
KAZ,Kazakhstan,16792090,3.81E+11,16.79,381.22,3,2,6,11,34.66,2012,Asia
JPN,Japan,127629000,4.94E+12,127.63,4943.82,7,14,17,38,130.10,2012,Asia
JOR,Jordan,8089963,86467865323,8.09,86.47,0,0,0,0,,2012,Asia
JAM,Jamaica,2842128,26812197175,2.84,26.81,4,5,3,12,2.23,2012,North America
ITA,Italy,59539717,2.47E+12,59.54,2471,8,9,11,28,88.25,2012,Europe
ISR,Israel,7910500,2.80E+11,7.91,280.17,0,0,0,0,,2012,Asia
ISL,Iceland,320716,15535564850,0.32,15.54,0,0,0,0,,2012,Europe
IRQ,Iraq,31890012,3.13E+11,31.89,313.31,0,0,0,0,,2012,Asia
IRN,"Iran, Islamic Rep.",75539881,9.67E+11,75.54,967.47,11,20,13,44,21.99,2012,Asia
IRL,Ireland,4599533,2.44E+11,4.6,243.99,1,1,4,6,40.67,2012,Europe
IND,India,1265780243,5.80E+12,1265.78,5801.29,0,2,4,6,966.88,2012,Asia
IDN,Indonesia,248451714,2.26E+12,248.45,2255.96,0,2,1,3,751.99,2012,Asia
HUN,Hungary,9920362,2.46E+11,9.92,246.28,8,4,6,18,13.68,2012,Europe
HTI,Haiti,10250922,30485924858,10.25,30.49,0,0,0,0,,2012,North America
HRV,Croatia,4267558,1.03E+11,4.27,102.76,3,1,2,6,17.13,2012,Europe
HND,Honduras,8640692,43769053768,8.64,43.77,0,0,0,0,,2012,North America
HKG,"Hong Kong SAR, China",7150100,3.85E+11,7.15,384.57,0,0,1,1,384.57,2012,Asia
GUY,Guyana,755388,8143790064,0.76,8.14,0,0,0,0,,2012,South America
GTM,Guatemala,14781942,1.12E+11,14.78,112.21,0,1,0,1,112.21,2012,North America
GRD,Grenada,107452,1419115796,0.11,1.42,1,0,0,1,1.42,2012,North America
GRC,Greece,11045011,3.13E+11,11.05,312.82,0,0,2,2,156.41,2012,Europe
GNQ,Equatorial Guinea,1031191,37815173746,1.03,37.82,0,0,0,0,,2012,Africa
GNB,Guinea-Bissau,1604981,2826185355,1.6,2.83,0,0,0,0,,2012,Africa
GMB,"Gambia, The",1905020,4068635488,1.91,4.07,0,0,0,0,,2012,Africa
GIN,Guinea,10652032,21328794682,10.65,21.33,0,0,0,0,,2012,Africa
GHA,Ghana,25996454,1.18E+11,26,118.25,0,0,0,0,,2012,Africa
GEO,Georgia,3728874,42120443741,3.73,42.12,1,2,3,6,7.02,2012,Asia
GBR,United Kingdom,63700215,2.72E+12,63.7,2723.47,29,18,18,65,41.90,2012,Europe
GAB,Gabon,1749677,26389777283,1.75,26.39,0,1,0,1,26.39,2012,Africa
FSM,"Micronesia, Fed. Sts.",104506,381389388.3,0.1,0.38,0,0,0,0,,2012,Oceania
FRA,France,65659814,2.81E+12,65.66,2809.62,0,0,0,0,,2012,Europe
FJI,Fiji,865065,9446056361,0.87,9.45,0,0,0,0,,2012,Oceania
FIN,Finland,5413971,2.49E+11,5.41,248.78,0,2,1,3,82.93,2012,Europe
ETH,Ethiopia,92726982,1.33E+11,92.73,133.28,3,2,3,8,16.66,2012,Africa
EST,Estonia,1322696,38354642990,1.32,38.35,0,1,1,2,19.18,2012,Europe
ESP,Spain,46773055,1.67E+12,46.77,1673.05,4,10,6,20,83.65,2012,Europe
EGY,"Egypt, Arab Rep.",86422240,8.90E+11,86.42,890.24,0,3,1,4,222.56,2012,Africa
ECU,Ecuador,15474099,1.77E+11,15.47,176.89,0,0,0,0,,2012,South America
DZA,Algeria,37383899,4.20E+11,37.38,419.95,1,0,0,1,419.95,2012,Africa
DOM,Dominican Republic,9930916,1.31E+11,9.93,131.28,1,1,0,2,65.64,2012,North America
DNK,Denmark,5591572,2.86E+11,5.59,286.38,2,4,3,9,31.82,2012,Europe
DMA,Dominica,70954,839899243.3,0.07,0.84,0,0,0,0,,2012,North America
DEU,Germany,80425823,4.01E+12,80.43,4011.03,0,0,0,0,,2012,Europe
CZE,Czech Republic,10510785,3.54E+11,10.51,354.09,4,3,4,11,32.19,2012,Europe
CYP,Cyprus,1135046,30793299987,1.14,30.79,0,1,0,1,30.79,2012,Asia
CYM,Cayman Islands,58963,3881834283,0.06,3.88,0,0,0,0,,2012,North America
CRI,Costa Rica,4688003,84358439807,4.69,84.36,0,0,0,0,,2012,North America
CPV,Cabo Verde,505241,3210153634,0.51,3.21,0,0,0,0,,2012,Africa
COM,Comoros,723865,2132652673,0.72,2.13,0,0,0,0,,2012,Africa
COL,Colombia,46075721,5.92E+11,46.08,592.19,1,3,5,9,65.80,2012,South America
COG,"Congo, Rep.",4510197,24824958475,4.51,24.82,0,0,0,0,,2012,Africa
COD,"Congo, Dem. Rep.",69020749,63967589236,69.02,63.97,0,0,0,0,,2012,Africa
CMR,Cameroon,21485267,70921695834,21.49,70.92,0,0,1,1,70.92,2012,Africa
CIV,Cote d'Ivoire,21547188,79005727589,21.55,79.01,0,0,0,0,,2012,Africa
CHN,China,1354190000,1.40E+13,1354.19,14043.93,38,31,22,91,154.33,2012,Asia
CHL,Chile,17400359,4.05E+11,17.4,405.44,0,0,0,0,,2012,South America
CHE,Switzerland,7996861,5.31E+11,8,531.31,2,2,0,4,132.83,2012,Europe
CAN,Canada,34714222,1.60E+12,34.71,1601.25,2,6,10,18,88.96,2012,North America
CAF,Central African Republic,4436411,5768615578,4.44,5.77,0,0,0,0,,2012,Africa
BWA,Botswana,2039551,28893389525,2.04,28.89,0,1,0,1,28.89,2012,Africa
BTN,Bhutan,701582,6373174014,0.7,6.37,0,0,0,0,,2012,Asia
BRN,Brunei Darussalam,398997,27566838985,0.4,27.57,0,0,0,0,,2012,Asia
BRB,Barbados,283698,4350749419,0.28,4.35,0,0,0,0,,2012,North America
BRA,Brazil,199287292,3.08E+12,199.29,3084.73,3,5,9,17,181.45,2012,South America
BOL,Bolivia,10377677,73488337955,10.38,73.49,0,0,0,0,,2012,South America
BMU,Bermuda,64798,5247495466,0.06,5.25,0,0,0,0,,2012,North America
BLZ,Belize,338001,2455455367,0.34,2.46,0,0,0,0,,2012,North America
BLR,Belarus,9446836,1.76E+11,9.45,175.82,2,5,3,10,17.58,2012,Europe
BIH,Bosnia and Herzegovina,3604972,40584178900,3.6,40.58,0,0,0,0,,2012,Europe
BHS,"Bahamas, The",363581,13454452166,0.36,13.45,1,0,0,1,13.45,2012,North America
BHR,Bahrain,1299942,58544160034,1.3,58.54,1,0,0,1,58.54,2012,Asia
BGR,Bulgaria,7305888,1.38E+11,7.31,138.17,0,2,1,3,46.06,2012,Europe
BGD,Bangladesh,151005733,4.83E+11,151.01,482.58,0,0,0,0,,2012,Asia
BFA,Burkina Faso,16571252,30400679458,16.57,30.4,0,0,0,0,,2012,Africa
BEN,Benin,9729254,26851264682,9.73,26.85,0,0,0,0,,2012,Africa
BEL,Belgium,11106932,5.35E+11,11.11,535.48,0,1,2,3,178.49,2012,Europe
BDI,Burundi,9245992,7976662580,9.25,7.98,0,0,0,0,,2012,Africa
AZE,Azerbaijan,9295784,1.30E+11,9.3,130.4,2,2,5,9,14.49,2012,Asia
AUT,Austria,8429991,4.49E+11,8.43,449.3,0,0,0,0,,2012,Europe
AUS,Australia,22733465,1.05E+12,22.73,1053.72,8,15,12,35,30.11,2012,Oceania
ATG,Antigua and Barbuda,90407,1624282783,0.09,1.62,0,0,0,0,,2012,North America
ARM,Armenia,2884239,29989321069,2.88,29.99,0,1,1,2,15.00,2012,Asia
ARG,Argentina,41733271,1.01E+12,41.73,1006.56,1,1,2,4,251.64,2012,South America
ARE,United Arab Emirates,9141598,5.25E+11,9.14,524.63,0,0,0,0,,2012,Asia
ALB,Albania,2900401,32565621886,2.9,32.57,0,0,0,0,,2012,Europe
AGO,Angola,25107925,2.02E+11,25.11,201.78,0,0,0,0,,2012,Africa
AFG,Afghanistan,31161378,64675178731,31.16,64.68,0,0,1,1,64.68,2012,Asia
ABW,Aruba,102565,3562338436,0.1,3.56,0,0,0,0,,2012,North America
ZWE,Zimbabwe,14030338,51606629079,14.03,51.61,0,0,0,0,,2016,Africa
ZMB,Zambia,16363449,56746599390,16.36,56.75,0,0,0,0,,2016,Africa
ZAF,South Africa,56207649,7.81E+11,56.21,781.13,2,6,2,10,78.11,2016,Africa
XKX,Kosovo,1777557,17830752782,1.78,17.83,1,0,0,1,17.83,2016,Europe
WSM,Samoa,194540,1254749878,0.19,1.25,0,0,0,0,,2016,Oceania
VUT,Vanuatu,278326,827593346.9,0.28,0.83,0,0,0,0,,2016,Oceania
VNM,Vietnam,93640435,6.34E+11,93.64,633.74,1,1,0,2,316.87,2016,Asia
VCT,St. Vincent and the Grenadines,109467,1331521060,0.11,1.33,0,0,0,0,,2016,North America
UZB,Uzbekistan,31847900,2.12E+11,31.85,212.23,4,2,7,13,16.33,2016,Asia
USA,United States,323071755,1.91E+13,323.07,19097.5,46,37,38,121,157.83,2016,North America
URY,Uruguay,3424139,77810210427,3.42,77.81,0,0,0,0,,2016,South America
UKR,Ukraine,45004673,4.92E+11,45,492.28,2,5,4,11,44.75,2016,Europe
UGA,Uganda,39649173,82813146623,39.65,82.81,0,0,0,0,,2016,Africa
TZA,Tanzania,53049231,1.26E+11,53.05,125.74,0,0,0,0,,2016,Africa
TUV,Tuvalu,11232,42544756.53,0.01,0.04,0,0,0,0,,2016,Oceania
TUR,Turkey,79827868,2.11E+12,79.83,2106.26,1,3,4,8,263.28,2016,Europe
TUN,Tunisia,11303942,1.26E+11,11.3,125.63,0,0,3,3,41.88,2016,Africa
TTO,Trinidad and Tobago,1377563,37582478505,1.38,37.58,0,0,1,1,37.58,2016,North America
TON,Tonga,101143,638447619.1,0.1,0.64,0,0,0,0,,2016,Oceania
TLS,Timor-Leste,1219289,4075606100,1.22,4.08,0,0,0,0,,2016,Asia
TKM,Turkmenistan,5662371,76796067931,5.66,76.8,0,0,0,0,,2016,Asia
TJK,Tajikistan,8663575,26971913999,8.66,26.97,1,0,0,1,26.97,2016,Asia
THA,Thailand,68971313,1.16E+12,68.97,1157.48,2,2,2,6,192.91,2016,Asia
TGO,Togo,7509952,14845731642,7.51,14.85,0,0,0,0,,2016,Africa
TCD,Chad,14561658,24566297102,14.56,24.57,0,0,0,0,,2016,Africa
SYC,Seychelles,94677,2499036177,0.09,2.5,0,0,0,0,,2016,Africa
SWZ,Eswatini,1113994,9269570962,1.11,9.27,0,0,0,0,,2016,Africa
SWE,Sweden,9923085,5.09E+11,9.92,509.4,2,6,3,11,46.31,2016,Europe
SVN,Slovenia,2065042,71972995814,2.07,71.97,1,2,1,4,17.99,2016,Europe
SVK,Slovak Republic,5430798,1.59E+11,5.43,158.78,2,2,0,4,39.70,2016,Europe
SUR,Suriname,564883,10269913345,0.56,10.27,0,0,0,0,,2016,South America
STP,Sao Tome and Principe,203221,788259685,0.2,0.79,0,0,0,0,,2016,Africa
SRB,Serbia,7058322,1.14E+11,7.06,114.22,2,4,2,8,14.28,2016,Europe
SOM,Somalia,14185635,12461863365,14.19,12.46,0,0,0,0,,2016,Africa
SMR,San Marino,33503,1977005285,0.03,1.98,0,0,0,0,,2016,Europe
SLV,El Salvador,6356137,52818867866,6.36,52.82,0,0,0,0,,2016,North America
SLE,Sierra Leone,7328846,11741786062,7.33,11.74,0,0,0,0,,2016,Africa
SLB,Solomon Islands,619438,1608399223,0.62,1.61,0,0,0,0,,2016,Oceania
SGP,Singapore,5607283,5.12E+11,5.61,511.99,1,0,0,1,511.99,2016,Asia
SEN,Senegal,14993514,45995086774,14.99,46,0,0,0,0,,2016,Africa
SDN,Sudan,39847433,1.86E+11,39.85,186.37,0,0,0,0,,2016,Africa
SAU,Saudi Arabia,32443443,1.58E+12,32.44,1577.59,0,0,0,0,,2016,Asia
RWA,Rwanda,11668829,22760357451,11.67,22.76,0,0,0,0,,2016,Africa
RUS,Russian Federation,144342397,3.74E+12,144.34,3738.84,19,17,20,56,66.77,2016,Europe
ROU,Romania,19702267,4.95E+11,19.7,495.41,1,1,2,4,123.85,2016,Europe
QAT,Qatar,2654379,2.54E+11,2.65,253.76,0,1,0,1,253.76,2016,Asia
PSE,West Bank and Gaza,4367088,28119389833,4.37,28.12,0,0,0,0,,2016,Asia
PRY,Paraguay,6777878,82492091752,6.78,82.49,0,0,0,0,,2016,South America
PRT,Portugal,10325452,3.29E+11,10.33,328.84,0,0,1,1,328.84,2016,Europe
PRI,Puerto Rico,3406672,1.18E+11,3.41,117.67,1,0,0,1,117.67,2016,North America
POL,Poland,37970087,1.09E+12,37.97,1089.08,2,3,6,11,99.01,2016,Europe
PNG,Papua New Guinea,8271766,34927738672,8.27,34.93,0,0,0,0,,2016,Oceania
PLW,Palau,17718,327221190.3,0.02,0.33,0,0,0,0,,2016,Oceania
PHL,Philippines,103663812,7.99E+11,103.66,798.74,0,1,0,1,798.74,2016,Asia
PER,Peru,30926036,3.84E+11,30.93,383.6,0,0,0,0,,2016,South America
PAN,Panama,4037073,1.18E+11,4.04,118.42,0,0,0,0,,2016,North America
PAK,Pakistan,203631356,9.00E+11,203.63,900.37,0,0,0,0,,2016,Asia
OMN,Oman,4479217,1.36E+11,4.48,135.53,0,0,0,0,,2016,Asia
NZL,New Zealand,4714100,1.96E+11,4.71,196.45,4,9,5,18,10.91,2016,Oceania
NRU,Nauru,10474,145609062.1,0.01,0.15,0,0,0,0,,2016,Oceania
NPL,Nepal,27263430,90400474173,27.26,90.4,0,0,0,0,,2016,Asia
NOR,Norway,5234519,3.30E+11,5.23,330.32,0,0,4,4,82.58,2016,Europe
NLD,Netherlands,17030314,9.17E+11,17.03,917.05,8,7,4,19,48.27,2016,Europe
NIC,Nicaragua,6303970,36637445219,6.3,36.64,0,0,0,0,,2016,North America
NGA,Nigeria,185960244,9.83E+11,185.96,982.78,0,0,1,1,982.78,2016,Africa
NER,Niger,20788789,23931559623,20.79,23.93,0,1,0,1,23.93,2016,Africa
NAM,Namibia,2358044,24691737303,2.36,24.69,0,0,0,0,,2016,Africa
MYS,Malaysia,30684652,7.84E+11,30.68,783.74,0,4,1,5,156.75,2016,Asia
MWI,Malawi,17205253,25012607363,17.21,25.01,0,0,0,0,,2016,Africa
MUS,Mauritius,1263473,26086842380,1.26,26.09,0,0,0,0,,2016,Africa
MRT,Mauritania,4163532,20586871383,4.16,20.59,0,0,0,0,,2016,Africa
MOZ,Mozambique,27829930,35449309349,27.83,35.45,0,0,0,0,,2016,Africa
MNG,Mongolia,3056358,33503698721,3.06,33.5,0,1,1,2,16.75,2016,Asia
MNE,Montenegro,622303,11697990094,0.62,11.7,0,0,0,0,,2016,Europe
MMR,Myanmar,53045199,2.13E+11,53.05,213.25,0,0,0,0,,2016,Asia
MLT,Malta,455356,18458637843,0.46,18.46,0,0,0,0,,2016,Europe
MLI,Mali,17965448,39498122203,17.97,39.5,0,0,0,0,,2016,Africa
MKD,North Macedonia,2072490,32234383514,2.07,32.23,0,0,0,0,,2016,Europe
MHL,Marshall Islands,57723,208702703,0.06,0.21,0,0,0,0,,2016,Oceania
MEX,Mexico,123333379,2.41E+12,123.33,2409.84,0,3,2,5,481.97,2016,North America
MDV,Maldives,475505,8361084210,0.48,8.36,0,0,0,0,,2016,Asia
MDG,Madagascar,24894370,38981290521,24.89,38.98,0,0,0,0,,2016,Africa
MDA,Moldova,2802170,30662887782,2.8,30.66,0,0,0,0,,2016,Europe
MAR,Morocco,35126274,2.53E+11,35.13,253.43,0,0,1,1,253.43,2016,Africa
LVA,Latvia,1959537,53905242557,1.96,53.91,0,0,0,0,,2016,Europe
LUX,Luxembourg,582014,67678741186,0.58,67.68,0,0,0,0,,2016,Europe
LTU,Lithuania,2868231,91570579073,2.87,91.57,0,1,3,4,22.89,2016,Europe
LSO,Lesotho,2075041,5761851388,2.08,5.76,0,0,0,0,,2016,Africa
LKA,Sri Lanka,21203000,2.61E+11,21.2,260.53,0,0,0,0,,2016,Asia
LCA,St. Lucia,180028,2609973113,0.18,2.61,0,0,0,0,,2016,North America
LBY,Libya,6492160,68767756473,6.49,68.77,0,0,0,0,,2016,Africa
LBR,Liberia,4586788,7178953380,4.59,7.18,0,0,0,0,,2016,Africa
LBN,Lebanon,6714281,1.09E+11,6.71,108.55,0,0,0,0,,2016,Asia
LAO,Lao PDR,6845848,47209839790,6.85,47.21,0,0,0,0,,2016,Asia
KWT,Kuwait,3956862,2.16E+11,3.96,216.48,0,0,0,0,,2016,Asia
KOR,"Korea, Rep.",51217803,2.04E+12,51.22,2039.22,9,3,9,21,97.11,2016,Asia
KNA,St. Kitts and Nevis,51629,1391559699,0.05,1.39,0,0,0,0,,2016,North America
KIR,Kiribati,112529,252961954.2,0.11,0.25,0,0,0,0,,2016,Oceania
KHM,Cambodia,15766290,58778299696,15.77,58.78,0,0,0,0,,2016,Asia
KGZ,Kyrgyz Republic,6079500,29864829313,6.08,29.86,0,0,0,0,,2016,Asia
KEN,Kenya,49051531,2.03E+11,49.05,203.35,6,6,1,13,15.64,2016,Africa
KAZ,Kazakhstan,17794055,4.31E+11,17.79,430.81,3,5,10,18,23.93,2016,Asia
JPN,Japan,126994511,5.18E+12,126.99,5175.55,12,8,21,41,126.23,2016,Asia
JOR,Jordan,9554286,95892008153,9.55,95.89,1,0,0,1,95.89,2016,Asia
JAM,Jamaica,2906242,27763609394,2.91,27.76,6,3,2,11,2.52,2016,North America
ITA,Italy,60627498,2.48E+12,60.63,2475.89,8,12,8,28,88.42,2016,Europe
ISR,Israel,8546000,3.27E+11,8.55,326.58,0,0,2,2,163.29,2016,Asia
ISL,Iceland,335439,18337029182,0.34,18.34,0,0,0,0,,2016,Europe
IRQ,Iraq,36610632,4.03E+11,36.61,402.62,0,0,0,0,,2016,Asia
IRN,"Iran, Islamic Rep.",79563991,1.13E+12,79.56,1130.22,3,1,4,8,141.28,2016,Asia
IRL,Ireland,4755335,3.43E+11,4.76,343.1,0,2,0,2,171.55,2016,Europe
IND,India,1324517250,7.75E+12,1324.52,7750.27,0,1,1,2,3875.14,2016,Asia
IDN,Indonesia,261556386,2.75E+12,261.56,2754.48,1,2,0,3,918.16,2016,Asia
HUN,Hungary,9814023,2.77E+11,9.81,276.93,8,3,4,15,18.46,2016,Europe
HTI,Haiti,10839976,33782654843,10.84,33.78,0,0,0,0,,2016,North America
HRV,Croatia,4174349,1.08E+11,4.17,108.3,5,3,2,10,10.83,2016,Europe
HND,Honduras,9270794,50021631004,9.27,50.02,0,0,0,0,,2016,North America
HKG,"Hong Kong SAR, China",7336600,4.26E+11,7.34,426.23,0,0,0,0,,2016,Asia
GUY,Guyana,771363,8971766802,0.77,8.97,0,0,0,0,,2016,South America
GTM,Guatemala,15827690,1.30E+11,15.83,129.88,0,0,0,0,,2016,North America
GRD,Grenada,110263,1721679317,0.11,1.72,0,1,0,1,1.72,2016,North America
GRC,Greece,10775971,3.04E+11,10.78,304.31,3,1,2,6,50.72,2016,Europe
GNQ,Equatorial Guinea,1215181,30169337714,1.22,30.17,0,0,0,0,,2016,Africa
GNB,Guinea-Bissau,1782434,3322925819,1.78,3.32,0,0,0,0,,2016,Africa
GMB,"Gambia, The",2149134,4377521957,2.15,4.38,0,0,0,0,,2016,Africa
GIN,Guinea,11738434,26452299047,11.74,26.45,0,0,0,0,,2016,Africa
GHA,Ghana,28481947,1.38E+11,28.48,137.78,0,0,0,0,,2016,Africa
GEO,Georgia,3727505,48322420425,3.73,48.32,2,1,4,7,6.90,2016,Asia
GBR,United Kingdom,65611593,3.00E+12,65.61,2999.29,27,23,17,67,44.77,2016,Europe
GAB,Gabon,2007882,30840546267,2.01,30.84,0,0,0,0,,2016,Africa
FSM,"Micronesia, Fed. Sts.",110215,378851921.2,0.11,0.38,0,0,0,0,,2016,Oceania
FRA,France,66724104,2.92E+12,66.72,2916.19,10,18,14,42,69.43,2016,Europe
FJI,Fiji,872406,11184905324,0.87,11.18,1,0,0,1,11.18,2016,Oceania
FIN,Finland,5495303,2.54E+11,5.5,253.92,0,0,1,1,253.92,2016,Europe
ETH,Ethiopia,103603461,1.96E+11,103.6,196.32,1,2,5,8,24.54,2016,Africa
EST,Estonia,1315790,42117035737,1.32,42.12,0,0,1,1,42.12,2016,Europe
ESP,Spain,46484062,1.79E+12,46.48,1788.59,7,4,6,17,105.21,2016,Europe
EGY,"Egypt, Arab Rep.",94447071,1.02E+12,94.45,1019.63,0,0,3,3,339.88,2016,Africa
ECU,Ecuador,16491116,1.90E+11,16.49,190.5,0,0,0,0,,2016,South America
DZA,Algeria,40551398,4.80E+11,40.55,479.57,0,2,0,2,239.79,2016,Africa
DOM,Dominican Republic,10397738,1.68E+11,10.4,168.1,0,0,1,1,168.10,2016,North America
DNK,Denmark,5728010,3.10E+11,5.73,310.37,2,6,7,15,20.69,2016,Europe
DMA,Dominica,71307,866718860.9,0.07,0.87,0,0,0,0,,2016,North America
DJI,Djibouti,929117,4375698707,0.93,4.38,0,0,0,0,,2016,Africa
DEU,Germany,82348669,4.27E+12,82.35,4272.22,17,10,15,42,101.72,2016,Europe
CZE,Czech Republic,10566332,3.91E+11,10.57,391.11,1,2,7,10,39.11,2016,Europe
CYP,Cyprus,1170189,31089718667,1.17,31.09,0,0,0,0,,2016,Asia
CYM,Cayman Islands,62564,4284664749,0.06,4.28,0,0,0,0,,2016,North America
CRI,Costa Rica,4899336,96696554845,4.9,96.7,0,0,0,0,,2016,North America
CPV,Cabo Verde,531140,3443232724,0.53,3.44,0,0,0,0,,2016,Africa
COM,Comoros,795597,2377220187,0.8,2.38,0,0,0,0,,2016,Africa
COL,Colombia,48175048,6.84E+11,48.18,683.82,3,2,3,8,85.48,2016,South America
COG,"Congo, Rep.",4980996,22634023588,4.98,22.63,0,0,0,0,,2016,Africa
COD,"Congo, Dem. Rep.",78789130,83167671599,78.79,83.17,0,0,0,0,,2016,Africa
CMR,Cameroon,23926549,86958198354,23.93,86.96,0,0,0,0,,2016,Africa
CIV,Cote d'Ivoire,23822726,1.10E+11,23.82,109.96,1,0,1,2,54.98,2016,Africa
CHN,China,1387790000,1.86E+13,1387.79,18595.19,26,18,26,70,265.65,2016,Asia
CHL,Chile,18209072,4.47E+11,18.21,446.69,0,0,0,0,,2016,South America
CHE,Switzerland,8373338,5.75E+11,8.37,574.94,3,2,2,7,82.13,2016,Europe
CAN,Canada,36109487,1.71E+12,36.11,1713.67,4,3,15,22,77.89,2016,North America
CAF,Central African Republic,4537683,4013558817,4.54,4.01,0,0,0,0,,2016,Africa
BWA,Botswana,2159925,33812938657,2.16,33.81,0,0,0,0,,2016,Africa
BTN,Bhutan,736706,7938147353,0.74,7.94,0,0,0,0,,2016,Asia
BRN,Brunei Darussalam,419791,25551541320,0.42,25.55,0,0,0,0,,2016,Asia
BRB,Barbados,285798,4497911405,0.29,4.5,0,0,0,0,,2016,North America
BRA,Brazil,206163056,2.98E+12,206.16,2979.29,0,0,0,0,,2016,South America
BOL,Bolivia,11031822,90489007926,11.03,90.49,0,0,0,0,,2016,South America
BMU,Bermuda,64554,5044853304,0.06,5.04,0,0,0,0,,2016,North America
BLZ,Belize,368399,2655034057,0.37,2.66,0,0,0,0,,2016,North America
BLR,Belarus,9469379,1.69E+11,9.47,169.34,1,4,4,9,18.82,2016,Europe
BIH,Bosnia and Herzegovina,3386263,44679454488,3.39,44.68,0,0,0,0,,2016,Europe
BHS,"Bahamas, The",377923,13492316077,0.38,13.49,1,0,1,2,6.75,2016,North America
BHR,Bahrain,1425793,68349250017,1.43,68.35,1,1,0,2,34.18,2016,Asia
BGR,Bulgaria,7127822,1.48E+11,7.13,147.84,0,1,2,3,49.28,2016,Europe
BGD,Bangladesh,157977151,6.19E+11,157.98,619.29,0,0,0,0,,2016,Asia
BFA,Burkina Faso,18646350,36946433804,18.65,36.95,0,0,0,0,,2016,Africa
BEN,Benin,10872072,32196993426,10.87,32.2,0,0,0,0,,2016,Africa
BEL,Belgium,11331422,5.65E+11,11.33,564.64,2,2,2,6,94.11,2016,Europe
BDI,Burundi,10488002,8333811187,10.49,8.33,0,1,0,1,8.33,2016,Africa
AZE,Azerbaijan,9757812,1.39E+11,9.76,138.88,1,7,10,18,7.72,2016,Asia
AUT,Austria,8736668,4.66E+11,8.74,466.06,0,0,1,1,466.06,2016,Europe
AUS,Australia,24190907,1.16E+12,24.19,1163.97,8,11,10,29,40.14,2016,Oceania
ATG,Antigua and Barbuda,94520,1835543678,0.09,1.84,0,0,0,0,,2016,North America
ARM,Armenia,2936147,33187468758,2.94,33.19,1,3,0,4,8.30,2016,Asia
ARG,Argentina,43590368,1.01E+12,43.59,1010.84,3,1,0,4,252.71,2016,South America
ARE,United Arab Emirates,9360975,6.23E+11,9.36,622.61,0,0,1,1,622.61,2016,Asia
ALB,Albania,2876101,35352647954,2.88,35.35,0,0,0,0,,2016,Europe
AGO,Angola,28842482,2.18E+11,28.84,218.31,0,0,0,0,,2016,Africa
AFG,Afghanistan,35383028,72785293848,35.38,72.79,0,0,0,0,,2016,Asia
ABW,Aruba,104865,4017882135,0.1,4.02,0,0,0,0,,2016,North America
