
{
  "$schema": "https://vega.github.io/schema/vega-lite/v5.json",

  "data": {"url": "https://app.sportdataapi.com/api/v1/soccer/matches?apikey=b8bb8050-f3d3-11eb-808b-334144de1112&season_id=352&date_from=2020-09-19",
  "format":{
    "type": "json",
    "property": "data"}},

    "title": {
    "text": "Premiership - venues",
    "subtitle":["Stadium capacity, 20/21 season",""],
    "subtitleFontStyle":"italic",
    "subtitleFontSize":10,
    "anchor": "start",
    "color": "black"

  },

  "XXparams": [
      {"name": "highlight", "select": {"type": "point", "on": "mouseover"}}
  ],

  "mark": {
    "type":"bar",
    "color":"rgba(0,67,167, 1)"},

  "height":300,
  "width":150,
  
  "encoding": {

    "x": {
      "field": "venue.capacity", 
      "type": "quantitative",
      "aggregate":"mean",
      "title":null},

    "y": {
      "field": "venue.name", 
      "type": "ordinal",
      "title":null},

     "XXfillOpacity": {
      "condition": {"param": "highlight", "value": 1},
      "value": 0.6
    },

    "tooltip":[
      {"field":"home_team.name", "title":"Team"},
      {"field":"venue.city", "title":"City"}
    ]
 
  }
}