{
  "$schema": "https://vega.github.io/schema/vega-lite/v5.json",

  "description": "Dogecoin trading range",

   "title": {
    "text": "Cardano (ADA): this month",
    "subtitle":"High-low trading range, 8h time periods. Source: coinapi.io",
    "subtitleFontStyle":"italic",
    "subtitleFontSize":10,
    "anchor": "start",
    "color": "#179fdb",
    "subtitleColor":"#179fdb"},

  "config": {
    "background":"#122b39",
    "view": {
      "stroke": "transparent"}},
 
  
  "XYZ_data": {
    "url": "https://rest.coinapi.io/v1/ohlcv/DOGE/USD/history?period_id=8HRS&time_start=2021-08-01T00:00:00&limit=100&include_empty_items=false&apikey=FCB2BB27-5458-483B-88CE-926C357E0606",
    "format": {"type": "json"}},
  

    "data": {
      "url": "https://raw.githubusercontent.com/RDeconomist/RDeconomist.github.io/main/charts/crypto/data_ohlcv_ADA.json",
      "format": {"type": "json"}},
  
  

  "height": 320,
  "width": 295,
  

  "mark": {
    "type": "area",
    "point": false,
    "interpolate": "linear",
    "color":"#4dcaff"
  },

  
  "encoding": {
    "x": {
      "field": "time_period_start",
      "type": "temporal",
      "axis": {
        "title": null,
        "grid": false,
        "labelSeparation": 10,
        "xyzticks": false,
        "domainColor":"dimgrey",
        "labelColor":"#00a767",
        "tickColor":"pink",
        "gridColor":"dimgrey"
      }},

    "y": {
      "field": "price_low",
      "type": "quantitative",
      "title": "",
      "XYZscale":{"domain":[30000, 50000]},
      "axis": {
        "grid": false,
        "domainColor":"dimgrey",
        "labelColor":"#00a767",
        "XYZlabelSeparation":20,	
        "tickColor":"pink",
        "gridColor":"dimgrey",
        "format":"$.2"}},

    "y2": {"field": "price_high"},

    "tooltip":[
      {"field":"time_period_start", "title": "Date", "type":"temporal" },
      {"field":"price_low", "title": "Low", "format":"$,.2d" },
      {"field":"price_high", "title": "High", "format":"$,.2d" }

    ]
     
     }
}