{
    "$schema": "https://vega.github.io/schema/vega-lite/v5.json",
  
    "description": "NOMICS cryptocurrency chart. CORS does not work. Works using the AllOrigins tool, but this then retieved all/more data than expected. As a consequence dta needs to be filtered before charting. Example of how to get what we want from JSON data using dot notation.",

    "config": {
      "background":"#122b39",
      "view": {
        "stroke": "transparent"
      }
    },
   

    "title": {
    "text": "Top 10 crypto",
    "anchor": "start",
    "color": "#179fdb",
    "subtitle":"Largest currencies by market cap, $ billions.",
    "subtitleFontStyle":"italic",
    "subtitleFontSize":10,
    "subtitleColor":"#179fdb"
    
  },

    "data": {
      "url": " https://api.allorigins.win/raw?url=https://api.nomics.com/v1/currencies/ticker?key=8bbf8728e16a7a780c4bffa13369437393a4da03&ids=BTC,ETH,XRP&interval=1d,30d,ytd"},
  

 "transform":[
      {"filter": {
        "field": "currency", 
        "oneOf": ["BTC", "ETH", "USDT", "ADA", "USDC", "DOT", "BUSD", "XRP", "DOGE", "BNB"]}
        }
        ,
    {"calculate": "datum.market_cap/1000000000", "as": "mktCapb"}
  ],    

    "mark": {
      "type": "bar",
      "color":"#e6224b"},
  
    "width":290,
    "height":300,
    
    "encoding": {
      
      "x": {
        "field": "mktCapb", 
        "type": "quantitative", 
        "title": null,
        "sort":"ascending",
        "axis":{
          "domainColor":"dimgrey",
          "labelColor":"#f4c245",
          "tickColor":"pink",
          "gridColor":"dimgrey"
          }
        },
      
      "y": {
        "field": "currency", 
        "type": "ordinal",
        "sort":"-x", 
        "title": null,
          "axis":{
            "domainColor":"dimgrey",
            "labelColor":"#00a767",
            "tickColor":"pink",
            "gridColor":"dimgrey"
          }
  
    },

    "tooltip": [
      {"field": "name", "title": "Currency"},
      {"field": "mktCapb", "title": "Market cap (£billion)"}
      
      
      ]
  }
}