[
    {
        "time_period_start": "2021-08-15T00:00:00.0000000Z",
        "time_period_end": "2021-08-15T08:00:00.0000000Z",
        "time_open": "2021-08-15T00:27:25.5300000Z",
        "time_close": "2021-08-15T07:49:21.1200000Z",
        "price_open": 0.14982,
        "price_high": 0.14982,
        "price_low": 0.14625,
        "price_close": 0.14625,
        "volume_traded": 20071.79487179,
        "trades_count": 8
    },
    {
        "time_period_start": "2021-08-15T08:00:00.0000000Z",
        "time_period_end": "2021-08-15T16:00:00.0000000Z",
        "time_open": "2021-08-15T12:11:48.6000000Z",
        "time_close": "2021-08-15T14:05:53.0100000Z",
        "price_open": 0.14799,
        "price_high": 0.14865,
        "price_low": 0.14697,
        "price_close": 0.14865,
        "volume_traded": 13277.50769263,
        "trades_count": 5
    },
    {
        "time_period_start": "2021-08-15T16:00:00.0000000Z",
        "time_period_end": "2021-08-16T00:00:00.0000000Z",
        "time_open": "2021-08-15T17:43:26.2500000Z",
        "time_close": "2021-08-15T17:43:26.2500000Z",
        "price_open": 0.14841,
        "price_high": 0.14841,
        "price_low": 0.14841,
        "price_close": 0.14841,
        "volume_traded": 95.16512896,
        "trades_count": 1
    },
    {
        "time_period_start": "2021-08-16T00:00:00.0000000Z",
        "time_period_end": "2021-08-16T08:00:00.0000000Z",
        "time_open": "2021-08-16T00:14:48.4900000Z",
        "time_close": "2021-08-16T02:45:31.0800000Z",
        "price_open": 0.15144,
        "price_high": 0.15368,
        "price_low": 0.15144,
        "price_close": 0.15368,
        "volume_traded": 278.64158286,
        "trades_count": 3
    },
    {
        "time_period_start": "2021-08-16T08:00:00.0000000Z",
        "time_period_end": "2021-08-16T16:00:00.0000000Z",
        "time_open": "2021-08-16T08:51:00.4900000Z",
        "time_close": "2021-08-16T15:43:48.3400000Z",
        "price_open": 0.15257,
        "price_high": 0.15451,
        "price_low": 0.14995,
        "price_close": 0.14995,
        "volume_traded": 5840.26261437,
        "trades_count": 9
    },
    {
        "time_period_start": "2021-08-16T16:00:00.0000000Z",
        "time_period_end": "2021-08-17T00:00:00.0000000Z",
        "time_open": "2021-08-16T17:29:01.7500000Z",
        "time_close": "2021-08-16T23:17:49.5000000Z",
        "price_open": 0.15,
        "price_high": 0.15091,
        "price_low": 0.14701,
        "price_close": 0.148,
        "volume_traded": 5652.61990894,
        "trades_count": 9
    },
    {
        "time_period_start": "2021-08-17T00:00:00.0000000Z",
        "time_period_end": "2021-08-17T08:00:00.0000000Z",
        "time_open": "2021-08-17T00:39:33.4900000Z",
        "time_close": "2021-08-17T07:19:43.3400000Z",
        "price_open": 0.14547,
        "price_high": 0.14957,
        "price_low": 0.14517,
        "price_close": 0.148,
        "volume_traded": 14091.19917201,
        "trades_count": 11
    },
    {
        "time_period_start": "2021-08-17T08:00:00.0000000Z",
        "time_period_end": "2021-08-17T16:00:00.0000000Z",
        "time_open": "2021-08-17T10:27:50.1400000Z",
        "time_close": "2021-08-17T14:24:54.1400000Z",
        "price_open": 0.152,
        "price_high": 0.15226,
        "price_low": 0.14895,
        "price_close": 0.14895,
        "volume_traded": 3873.29022062,
        "trades_count": 11
    },
    {
        "time_period_start": "2021-08-17T16:00:00.0000000Z",
        "time_period_end": "2021-08-18T00:00:00.0000000Z",
        "time_open": "2021-08-17T16:14:37.4900000Z",
        "time_close": "2021-08-17T22:59:14.7800000Z",
        "price_open": 0.14783,
        "price_high": 0.14783,
        "price_low": 0.1429,
        "price_close": 0.1429,
        "volume_traded": 34429.71858503,
        "trades_count": 19
    },
    {
        "time_period_start": "2021-08-18T00:00:00.0000000Z",
        "time_period_end": "2021-08-18T08:00:00.0000000Z",
        "time_open": "2021-08-18T00:42:27.9700000Z",
        "time_close": "2021-08-18T05:16:29.1600000Z",
        "price_open": 0.14035,
        "price_high": 0.14256,
        "price_low": 0.14,
        "price_close": 0.14256,
        "volume_traded": 4439.97887817,
        "trades_count": 11
    },
    {
        "time_period_start": "2021-08-18T08:00:00.0000000Z",
        "time_period_end": "2021-08-18T16:00:00.0000000Z",
        "time_open": "2021-08-18T10:30:48.3500000Z",
        "time_close": "2021-08-18T10:59:17.5300000Z",
        "price_open": 0.14059,
        "price_high": 0.14059,
        "price_low": 0.14055,
        "price_close": 0.14055,
        "volume_traded": 1522.65518399,
        "trades_count": 4
    },
    {
        "time_period_start": "2021-08-18T16:00:00.0000000Z",
        "time_period_end": "2021-08-19T00:00:00.0000000Z",
        "time_open": "2021-08-18T17:56:01.8100000Z",
        "time_close": "2021-08-18T23:18:17.5100000Z",
        "price_open": 0.14371,
        "price_high": 0.14371,
        "price_low": 0.14275,
        "price_close": 0.14275,
        "volume_traded": 1805.64610825,
        "trades_count": 2
    },
    {
        "time_period_start": "2021-08-19T00:00:00.0000000Z",
        "time_period_end": "2021-08-19T08:00:00.0000000Z",
        "time_open": "2021-08-19T00:14:21.3800000Z",
        "time_close": "2021-08-19T07:51:16.1600000Z",
        "price_open": 0.14137,
        "price_high": 0.14246,
        "price_low": 0.14137,
        "price_close": 0.14201,
        "volume_traded": 14414.61120994,
        "trades_count": 8
    },
    {
        "time_period_start": "2021-08-19T08:00:00.0000000Z",
        "time_period_end": "2021-08-19T16:00:00.0000000Z",
        "time_open": "2021-08-19T15:14:01.5400000Z",
        "time_close": "2021-08-19T15:14:01.5400000Z",
        "price_open": 0.14567,
        "price_high": 0.14567,
        "price_low": 0.14567,
        "price_close": 0.14567,
        "volume_traded": 1000.0,
        "trades_count": 1
    },
    {
        "time_period_start": "2021-08-19T16:00:00.0000000Z",
        "time_period_end": "2021-08-20T00:00:00.0000000Z",
        "time_open": "2021-08-19T16:45:06.1200000Z",
        "time_close": "2021-08-19T23:26:00.5900000Z",
        "price_open": 0.14367,
        "price_high": 0.1487,
        "price_low": 0.14331,
        "price_close": 0.1487,
        "volume_traded": 22201.38712812,
        "trades_count": 18
    },
    {
        "time_period_start": "2021-08-20T00:00:00.0000000Z",
        "time_period_end": "2021-08-20T08:00:00.0000000Z",
        "time_open": "2021-08-20T02:38:39.0900000Z",
        "time_close": "2021-08-20T05:42:05.5500000Z",
        "price_open": 0.14866,
        "price_high": 0.14866,
        "price_low": 0.14665,
        "price_close": 0.14665,
        "volume_traded": 3993.45543827,
        "trades_count": 6
    },
    {
        "time_period_start": "2021-08-20T08:00:00.0000000Z",
        "time_period_end": "2021-08-20T16:00:00.0000000Z",
        "time_open": "2021-08-20T10:18:18.6600000Z",
        "time_close": "2021-08-20T15:35:30.1600000Z",
        "price_open": 0.15,
        "price_high": 0.15532,
        "price_low": 0.15,
        "price_close": 0.15468,
        "volume_traded": 15303.84549559,
        "trades_count": 15
    },
    {
        "time_period_start": "2021-08-20T16:00:00.0000000Z",
        "time_period_end": "2021-08-21T00:00:00.0000000Z",
        "time_open": "2021-08-20T16:04:22.3000000Z",
        "time_close": "2021-08-20T16:04:22.3000000Z",
        "price_open": 0.15525,
        "price_high": 0.15525,
        "price_low": 0.15525,
        "price_close": 0.15525,
        "volume_traded": 318.08512753,
        "trades_count": 1
    },
    {
        "time_period_start": "2021-08-21T00:00:00.0000000Z",
        "time_period_end": "2021-08-21T08:00:00.0000000Z",
        "time_open": "2021-08-21T06:21:05.1900000Z",
        "time_close": "2021-08-21T06:21:05.1900000Z",
        "price_open": 0.15294,
        "price_high": 0.15298,
        "price_low": 0.15294,
        "price_close": 0.15298,
        "volume_traded": 940.0,
        "trades_count": 2
    },
    {
        "time_period_start": "2021-08-21T08:00:00.0000000Z",
        "time_period_end": "2021-08-21T16:00:00.0000000Z",
        "time_open": "2021-08-21T09:29:40.1600000Z",
        "time_close": "2021-08-21T12:01:07.9500000Z",
        "price_open": 0.15287,
        "price_high": 0.154,
        "price_low": 0.15198,
        "price_close": 0.15198,
        "volume_traded": 64315.1049503,
        "trades_count": 16
    },
    {
        "time_period_start": "2021-08-21T16:00:00.0000000Z",
        "time_period_end": "2021-08-22T00:00:00.0000000Z",
        "time_open": "2021-08-21T16:31:26.5400000Z",
        "time_close": "2021-08-21T19:54:19.7400000Z",
        "price_open": 0.155,
        "price_high": 0.15544,
        "price_low": 0.15346,
        "price_close": 0.15364,
        "volume_traded": 4488.88434664,
        "trades_count": 5
    },
    {
        "time_period_start": "2021-08-22T00:00:00.0000000Z",
        "time_period_end": "2021-08-22T08:00:00.0000000Z",
        "time_open": "2021-08-22T01:55:40.5600000Z",
        "time_close": "2021-08-22T02:00:04.0600000Z",
        "price_open": 0.1561,
        "price_high": 0.15618,
        "price_low": 0.1561,
        "price_close": 0.15618,
        "volume_traded": 90.6041,
        "trades_count": 2
    },
    {
        "time_period_start": "2021-08-22T08:00:00.0000000Z",
        "time_period_end": "2021-08-22T16:00:00.0000000Z",
        "time_open": "2021-08-22T08:55:52.6700000Z",
        "time_close": "2021-08-22T14:39:35.3900000Z",
        "price_open": 0.15667,
        "price_high": 0.1577,
        "price_low": 0.1546,
        "price_close": 0.1546,
        "volume_traded": 14776.82347098,
        "trades_count": 8
    },
    {
        "time_period_start": "2021-08-22T16:00:00.0000000Z",
        "time_period_end": "2021-08-23T00:00:00.0000000Z",
        "time_open": "2021-08-22T17:03:05.4800000Z",
        "time_close": "2021-08-22T22:55:26.7800000Z",
        "price_open": 0.15481,
        "price_high": 0.15568,
        "price_low": 0.15371,
        "price_close": 0.15568,
        "volume_traded": 6885.93752862,
        "trades_count": 9
    },
    {
        "time_period_start": "2021-08-23T00:00:00.0000000Z",
        "time_period_end": "2021-08-23T08:00:00.0000000Z",
        "time_open": "2021-08-23T00:07:48.8500000Z",
        "time_close": "2021-08-23T05:22:02.3100000Z",
        "price_open": 0.15633,
        "price_high": 0.16,
        "price_low": 0.15562,
        "price_close": 0.16,
        "volume_traded": 131306.78531617,
        "trades_count": 12
    },
    {
        "time_period_start": "2021-08-23T08:00:00.0000000Z",
        "time_period_end": "2021-08-23T16:00:00.0000000Z",
        "time_open": "2021-08-23T10:23:31.7500000Z",
        "time_close": "2021-08-23T14:16:00.7600000Z",
        "price_open": 0.15999,
        "price_high": 0.16,
        "price_low": 0.1584,
        "price_close": 0.16,
        "volume_traded": 373014.81415464,
        "trades_count": 27
    },
    {
        "time_period_start": "2021-08-23T16:00:00.0000000Z",
        "time_period_end": "2021-08-24T00:00:00.0000000Z",
        "time_open": "2021-08-23T17:02:42.1600000Z",
        "time_close": "2021-08-23T22:49:29.7900000Z",
        "price_open": 0.15937,
        "price_high": 0.1603,
        "price_low": 0.15836,
        "price_close": 0.1603,
        "volume_traded": 8084.79817706,
        "trades_count": 10
    },
    {
        "time_period_start": "2021-08-24T00:00:00.0000000Z",
        "time_period_end": "2021-08-24T08:00:00.0000000Z",
        "time_open": "2021-08-24T01:01:37.8700000Z",
        "time_close": "2021-08-24T05:43:48.1900000Z",
        "price_open": 0.16118,
        "price_high": 0.16217,
        "price_low": 0.1594,
        "price_close": 0.16217,
        "volume_traded": 5290.30874347,
        "trades_count": 9
    },
    {
        "time_period_start": "2021-08-24T08:00:00.0000000Z",
        "time_period_end": "2021-08-24T16:00:00.0000000Z",
        "time_open": "2021-08-24T09:20:07.1300000Z",
        "time_close": "2021-08-24T12:28:32.1400000Z",
        "price_open": 0.16367,
        "price_high": 0.1637,
        "price_low": 0.16132,
        "price_close": 0.16132,
        "volume_traded": 748.94493847,
        "trades_count": 3
    },
    {
        "time_period_start": "2021-08-24T16:00:00.0000000Z",
        "time_period_end": "2021-08-25T00:00:00.0000000Z",
        "time_open": "2021-08-24T17:28:06.6200000Z",
        "time_close": "2021-08-24T22:28:51.9100000Z",
        "price_open": 0.154,
        "price_high": 0.15471,
        "price_low": 0.154,
        "price_close": 0.15447,
        "volume_traded": 8007.23348134,
        "trades_count": 4
    },
    {
        "time_period_start": "2021-08-25T00:00:00.0000000Z",
        "time_period_end": "2021-08-25T08:00:00.0000000Z",
        "time_open": "2021-08-25T02:00:01.9200000Z",
        "time_close": "2021-08-25T06:30:31.6900000Z",
        "price_open": 0.15471,
        "price_high": 0.15543,
        "price_low": 0.15471,
        "price_close": 0.15543,
        "volume_traded": 12265.67201929,
        "trades_count": 7
    },
    {
        "time_period_start": "2021-08-25T08:00:00.0000000Z",
        "time_period_end": "2021-08-25T16:00:00.0000000Z",
        "time_open": "2021-08-25T08:46:51.9400000Z",
        "time_close": "2021-08-25T15:30:41.0900000Z",
        "price_open": 0.151,
        "price_high": 0.15402,
        "price_low": 0.15,
        "price_close": 0.15402,
        "volume_traded": 79032.09459789,
        "trades_count": 17
    },
    {
        "time_period_start": "2021-08-25T16:00:00.0000000Z",
        "time_period_end": "2021-08-26T00:00:00.0000000Z",
        "time_open": "2021-08-25T17:00:04.9400000Z",
        "time_close": "2021-08-25T23:41:00.4200000Z",
        "price_open": 0.1539,
        "price_high": 0.15822,
        "price_low": 0.1539,
        "price_close": 0.15822,
        "volume_traded": 2998.0627944,
        "trades_count": 5
    },
    {
        "time_period_start": "2021-08-26T00:00:00.0000000Z",
        "time_period_end": "2021-08-26T08:00:00.0000000Z",
        "time_open": "2021-08-26T05:30:29.4200000Z",
        "time_close": "2021-08-26T07:40:55.0800000Z",
        "price_open": 0.15242,
        "price_high": 0.15242,
        "price_low": 0.14888,
        "price_close": 0.151,
        "volume_traded": 449847.49743222,
        "trades_count": 114
    },
    {
        "time_period_start": "2021-08-26T08:00:00.0000000Z",
        "time_period_end": "2021-08-26T16:00:00.0000000Z",
        "time_open": "2021-08-26T08:06:12.6700000Z",
        "time_close": "2021-08-26T12:36:34.3100000Z",
        "price_open": 0.14922,
        "price_high": 0.15108,
        "price_low": 0.14922,
        "price_close": 0.15108,
        "volume_traded": 7582.97416163,
        "trades_count": 6
    },
    {
        "time_period_start": "2021-08-26T16:00:00.0000000Z",
        "time_period_end": "2021-08-27T00:00:00.0000000Z",
        "time_open": "2021-08-26T17:11:11.4200000Z",
        "time_close": "2021-08-26T23:57:12.7800000Z",
        "price_open": 0.15007,
        "price_high": 0.15014,
        "price_low": 0.14908,
        "price_close": 0.1491,
        "volume_traded": 2847.31892302,
        "trades_count": 4
    },
    {
        "time_period_start": "2021-08-27T00:00:00.0000000Z",
        "time_period_end": "2021-08-27T08:00:00.0000000Z",
        "time_open": "2021-08-27T00:06:30.1400000Z",
        "time_close": "2021-08-27T05:28:18.1700000Z",
        "price_open": 0.14863,
        "price_high": 0.151,
        "price_low": 0.14818,
        "price_close": 0.151,
        "volume_traded": 3180.59676268,
        "trades_count": 5
    },
    {
        "time_period_start": "2021-08-27T08:00:00.0000000Z",
        "time_period_end": "2021-08-27T16:00:00.0000000Z",
        "time_open": "2021-08-27T12:15:14.3200000Z",
        "time_close": "2021-08-27T15:39:22.7400000Z",
        "price_open": 0.15069,
        "price_high": 0.154,
        "price_low": 0.15069,
        "price_close": 0.15216,
        "volume_traded": 964.92056018,
        "trades_count": 11
    },
    {
        "time_period_start": "2021-08-27T16:00:00.0000000Z",
        "time_period_end": "2021-08-28T00:00:00.0000000Z",
        "time_open": "2021-08-27T16:27:05.7800000Z",
        "time_close": "2021-08-27T22:39:38.6300000Z",
        "price_open": 0.15208,
        "price_high": 0.157,
        "price_low": 0.15208,
        "price_close": 0.157,
        "volume_traded": 17098.6784173,
        "trades_count": 16
    },
    {
        "time_period_start": "2021-08-28T00:00:00.0000000Z",
        "time_period_end": "2021-08-28T08:00:00.0000000Z",
        "time_open": "2021-08-28T00:50:29.0100000Z",
        "time_close": "2021-08-28T00:50:29.0100000Z",
        "price_open": 0.15648,
        "price_high": 0.15648,
        "price_low": 0.15648,
        "price_close": 0.15648,
        "volume_traded": 26.33253189,
        "trades_count": 1
    },
    {
        "time_period_start": "2021-08-28T08:00:00.0000000Z",
        "time_period_end": "2021-08-28T16:00:00.0000000Z",
        "time_open": "2021-08-28T08:42:13.2100000Z",
        "time_close": "2021-08-28T12:22:28.0800000Z",
        "price_open": 0.15448,
        "price_high": 0.15573,
        "price_low": 0.15448,
        "price_close": 0.15528,
        "volume_traded": 6512.74629995,
        "trades_count": 7
    },
    {
        "time_period_start": "2021-08-28T16:00:00.0000000Z",
        "time_period_end": "2021-08-29T00:00:00.0000000Z",
        "time_open": "2021-08-28T17:15:16.1500000Z",
        "time_close": "2021-08-28T23:41:43.3800000Z",
        "price_open": 0.155,
        "price_high": 0.156,
        "price_low": 0.14,
        "price_close": 0.15581,
        "volume_traded": 64420.54131955,
        "trades_count": 67
    },
    {
        "time_period_start": "2021-08-29T00:00:00.0000000Z",
        "time_period_end": "2021-08-29T08:00:00.0000000Z",
        "time_open": "2021-08-29T00:13:34.3700000Z",
        "time_close": "2021-08-29T05:50:01.1700000Z",
        "price_open": 0.15721,
        "price_high": 0.15918,
        "price_low": 0.156,
        "price_close": 0.15918,
        "volume_traded": 9852.90025586,
        "trades_count": 7
    },
    {
        "time_period_start": "2021-08-29T08:00:00.0000000Z",
        "time_period_end": "2021-08-29T16:00:00.0000000Z",
        "time_open": "2021-08-29T10:13:20.1700000Z",
        "time_close": "2021-08-29T15:42:12.7500000Z",
        "price_open": 0.158,
        "price_high": 0.158,
        "price_low": 0.15574,
        "price_close": 0.157,
        "volume_traded": 11220.9072557,
        "trades_count": 9
    },
    {
        "time_period_start": "2021-08-29T16:00:00.0000000Z",
        "time_period_end": "2021-08-30T00:00:00.0000000Z",
        "time_open": "2021-08-29T16:20:55.6700000Z",
        "time_close": "2021-08-29T23:49:47.2700000Z",
        "price_open": 0.15765,
        "price_high": 0.16083,
        "price_low": 0.15765,
        "price_close": 0.16083,
        "volume_traded": 528070.90208958,
        "trades_count": 31
    },
    {
        "time_period_start": "2021-08-30T00:00:00.0000000Z",
        "time_period_end": "2021-08-30T08:00:00.0000000Z",
        "time_open": "2021-08-30T00:02:53.8300000Z",
        "time_close": "2021-08-30T07:13:22.6700000Z",
        "price_open": 0.15901,
        "price_high": 0.15901,
        "price_low": 0.155,
        "price_close": 0.155,
        "volume_traded": 15879.49941335,
        "trades_count": 17
    },
    {
        "time_period_start": "2021-08-30T08:00:00.0000000Z",
        "time_period_end": "2021-08-30T16:00:00.0000000Z",
        "time_open": "2021-08-30T08:13:51.9000000Z",
        "time_close": "2021-08-30T15:16:25.7500000Z",
        "price_open": 0.15554,
        "price_high": 0.15554,
        "price_low": 0.15451,
        "price_close": 0.15459,
        "volume_traded": 2176.64039739,
        "trades_count": 7
    },
    {
        "time_period_start": "2021-08-30T16:00:00.0000000Z",
        "time_period_end": "2021-08-31T00:00:00.0000000Z",
        "time_open": "2021-08-30T16:43:34.8900000Z",
        "time_close": "2021-08-30T23:45:47.8400000Z",
        "price_open": 0.15558,
        "price_high": 0.157,
        "price_low": 0.15334,
        "price_close": 0.15334,
        "volume_traded": 2007.79730237,
        "trades_count": 5
    },
    {
        "time_period_start": "2021-08-31T00:00:00.0000000Z",
        "time_period_end": "2021-08-31T08:00:00.0000000Z",
        "time_open": "2021-08-31T04:00:28.0300000Z",
        "time_close": "2021-08-31T05:55:50.6100000Z",
        "price_open": 0.15274,
        "price_high": 0.15395,
        "price_low": 0.15274,
        "price_close": 0.15395,
        "volume_traded": 8975.43593477,
        "trades_count": 9
    },
    {
        "time_period_start": "2021-08-31T08:00:00.0000000Z",
        "time_period_end": "2021-08-31T16:00:00.0000000Z",
        "time_open": "2021-08-31T11:23:27.8200000Z",
        "time_close": "2021-08-31T15:59:54.1600000Z",
        "price_open": 0.15482,
        "price_high": 0.15613,
        "price_low": 0.15338,
        "price_close": 0.15338,
        "volume_traded": 2228.47609083,
        "trades_count": 5
    },
    {
        "time_period_start": "2021-08-31T16:00:00.0000000Z",
        "time_period_end": "2021-09-01T00:00:00.0000000Z",
        "time_open": "2021-08-31T20:41:47.4600000Z",
        "time_close": "2021-08-31T21:42:27.3800000Z",
        "price_open": 0.1522,
        "price_high": 0.15282,
        "price_low": 0.1522,
        "price_close": 0.15282,
        "volume_traded": 14456.76426961,
        "trades_count": 4
    },
    {
        "time_period_start": "2021-09-01T00:00:00.0000000Z",
        "time_period_end": "2021-09-01T08:00:00.0000000Z",
        "time_open": "2021-09-01T00:49:13.7600000Z",
        "time_close": "2021-09-01T06:45:58.3600000Z",
        "price_open": 0.153,
        "price_high": 0.15486,
        "price_low": 0.15222,
        "price_close": 0.15486,
        "volume_traded": 3681.83100469,
        "trades_count": 11
    },
    {
        "time_period_start": "2021-09-01T08:00:00.0000000Z",
        "time_period_end": "2021-09-01T16:00:00.0000000Z",
        "time_open": "2021-09-01T13:09:41.7600000Z",
        "time_close": "2021-09-01T13:18:43.6700000Z",
        "price_open": 0.15709,
        "price_high": 0.15709,
        "price_low": 0.156,
        "price_close": 0.156,
        "volume_traded": 5017.94987775,
        "trades_count": 3
    },
    {
        "time_period_start": "2021-09-01T16:00:00.0000000Z",
        "time_period_end": "2021-09-02T00:00:00.0000000Z",
        "time_open": "2021-09-01T16:13:58.1000000Z",
        "time_close": "2021-09-01T23:55:07.5800000Z",
        "price_open": 0.15609,
        "price_high": 0.1615,
        "price_low": 0.15609,
        "price_close": 0.1615,
        "volume_traded": 19962.45341807,
        "trades_count": 43
    },
    {
        "time_period_start": "2021-09-02T00:00:00.0000000Z",
        "time_period_end": "2021-09-02T08:00:00.0000000Z",
        "time_open": "2021-09-02T00:02:53.6200000Z",
        "time_close": "2021-09-02T06:00:23.1300000Z",
        "price_open": 0.162,
        "price_high": 0.1634,
        "price_low": 0.162,
        "price_close": 0.162,
        "volume_traded": 21041.71472311,
        "trades_count": 11
    },
    {
        "time_period_start": "2021-09-02T08:00:00.0000000Z",
        "time_period_end": "2021-09-02T16:00:00.0000000Z",
        "time_open": "2021-09-02T08:39:31.8500000Z",
        "time_close": "2021-09-02T14:40:50.7800000Z",
        "price_open": 0.164,
        "price_high": 0.16868,
        "price_low": 0.16325,
        "price_close": 0.1633,
        "volume_traded": 47724.47642942,
        "trades_count": 28
    },
    {
        "time_period_start": "2021-09-02T16:00:00.0000000Z",
        "time_period_end": "2021-09-03T00:00:00.0000000Z",
        "time_open": "2021-09-02T18:22:16.9400000Z",
        "time_close": "2021-09-02T19:07:22.4000000Z",
        "price_open": 0.16095,
        "price_high": 0.162,
        "price_low": 0.16095,
        "price_close": 0.162,
        "volume_traded": 1265.77335289,
        "trades_count": 3
    },
    {
        "time_period_start": "2021-09-03T00:00:00.0000000Z",
        "time_period_end": "2021-09-03T08:00:00.0000000Z",
        "time_open": "2021-09-03T00:24:18.9800000Z",
        "time_close": "2021-09-03T07:11:03.9700000Z",
        "price_open": 0.16223,
        "price_high": 0.1647,
        "price_low": 0.16223,
        "price_close": 0.1647,
        "volume_traded": 11707.90513241,
        "trades_count": 7
    },
    {
        "time_period_start": "2021-09-03T08:00:00.0000000Z",
        "time_period_end": "2021-09-03T16:00:00.0000000Z",
        "time_open": "2021-09-03T08:06:47.1600000Z",
        "time_close": "2021-09-03T15:36:29.5000000Z",
        "price_open": 0.165,
        "price_high": 0.16902,
        "price_low": 0.165,
        "price_close": 0.16821,
        "volume_traded": 198084.1665844,
        "trades_count": 39
    },
    {
        "time_period_start": "2021-09-03T16:00:00.0000000Z",
        "time_period_end": "2021-09-04T00:00:00.0000000Z",
        "time_open": "2021-09-03T16:08:04.0100000Z",
        "time_close": "2021-09-03T23:03:05.2000000Z",
        "price_open": 0.16871,
        "price_high": 0.16881,
        "price_low": 0.165,
        "price_close": 0.165,
        "volume_traded": 21875.9266304,
        "trades_count": 17
    },
    {
        "time_period_start": "2021-09-04T00:00:00.0000000Z",
        "time_period_end": "2021-09-04T08:00:00.0000000Z",
        "time_open": "2021-09-04T00:28:15.3600000Z",
        "time_close": "2021-09-04T07:53:12.7100000Z",
        "price_open": 0.16723,
        "price_high": 0.17423,
        "price_low": 0.16723,
        "price_close": 0.1726,
        "volume_traded": 28325.72876654,
        "trades_count": 18
    },
    {
        "time_period_start": "2021-09-04T08:00:00.0000000Z",
        "time_period_end": "2021-09-04T16:00:00.0000000Z",
        "time_open": "2021-09-04T10:19:07.9400000Z",
        "time_close": "2021-09-04T15:26:11.9000000Z",
        "price_open": 0.1736,
        "price_high": 0.174,
        "price_low": 0.171,
        "price_close": 0.171,
        "volume_traded": 40472.91617562,
        "trades_count": 39
    },
    {
        "time_period_start": "2021-09-04T16:00:00.0000000Z",
        "time_period_end": "2021-09-05T00:00:00.0000000Z",
        "time_open": "2021-09-04T16:12:52.8500000Z",
        "time_close": "2021-09-04T23:51:47.1400000Z",
        "price_open": 0.171,
        "price_high": 0.1727,
        "price_low": 0.16968,
        "price_close": 0.17213,
        "volume_traded": 18149.96007571,
        "trades_count": 16
    },
    {
        "time_period_start": "2021-09-05T00:00:00.0000000Z",
        "time_period_end": "2021-09-05T08:00:00.0000000Z",
        "time_open": "2021-09-05T02:46:42.5900000Z",
        "time_close": "2021-09-05T07:27:08.3500000Z",
        "price_open": 0.17461,
        "price_high": 0.17575,
        "price_low": 0.17454,
        "price_close": 0.17575,
        "volume_traded": 1271.93376805,
        "trades_count": 7
    },
    {
        "time_period_start": "2021-09-05T08:00:00.0000000Z",
        "time_period_end": "2021-09-05T16:00:00.0000000Z",
        "time_open": "2021-09-05T08:11:11.2700000Z",
        "time_close": "2021-09-05T14:28:03.9800000Z",
        "price_open": 0.17576,
        "price_high": 0.18301,
        "price_low": 0.17576,
        "price_close": 0.18301,
        "volume_traded": 19747.16032811,
        "trades_count": 26
    },
    {
        "time_period_start": "2021-09-05T16:00:00.0000000Z",
        "time_period_end": "2021-09-06T00:00:00.0000000Z",
        "time_open": "2021-09-05T16:25:55.3500000Z",
        "time_close": "2021-09-05T22:51:24.6700000Z",
        "price_open": 0.18128,
        "price_high": 0.188,
        "price_low": 0.18128,
        "price_close": 0.18675,
        "volume_traded": 48566.40866234,
        "trades_count": 26
    },
    {
        "time_period_start": "2021-09-06T00:00:00.0000000Z",
        "time_period_end": "2021-09-06T08:00:00.0000000Z",
        "time_open": "2021-09-06T01:55:47.8400000Z",
        "time_close": "2021-09-06T07:58:21.6200000Z",
        "price_open": 0.18701,
        "price_high": 0.19,
        "price_low": 0.18674,
        "price_close": 0.18998,
        "volume_traded": 13896.88744166,
        "trades_count": 22
    },
    {
        "time_period_start": "2021-09-06T08:00:00.0000000Z",
        "time_period_end": "2021-09-06T16:00:00.0000000Z",
        "time_open": "2021-09-06T08:20:33.0900000Z",
        "time_close": "2021-09-06T14:34:52.7800000Z",
        "price_open": 0.18909,
        "price_high": 0.19951,
        "price_low": 0.188,
        "price_close": 0.19867,
        "volume_traded": 71948.27944617,
        "trades_count": 56
    },
    {
        "time_period_start": "2021-09-06T16:00:00.0000000Z",
        "time_period_end": "2021-09-07T00:00:00.0000000Z",
        "time_open": "2021-09-06T17:04:33.7600000Z",
        "time_close": "2021-09-06T23:55:59.9800000Z",
        "price_open": 0.19942,
        "price_high": 0.20457,
        "price_low": 0.19814,
        "price_close": 0.20457,
        "volume_traded": 28847.39402279,
        "trades_count": 23
    },
    {
        "time_period_start": "2021-09-07T00:00:00.0000000Z",
        "time_period_end": "2021-09-07T08:00:00.0000000Z",
        "time_open": "2021-09-07T00:01:04.0700000Z",
        "time_close": "2021-09-07T06:19:20.0600000Z",
        "price_open": 0.203,
        "price_high": 0.20357,
        "price_low": 0.19367,
        "price_close": 0.19367,
        "volume_traded": 25006.45960968,
        "trades_count": 24
    },
    {
        "time_period_start": "2021-09-07T08:00:00.0000000Z",
        "time_period_end": "2021-09-07T16:00:00.0000000Z",
        "time_open": "2021-09-07T08:27:53.1200000Z",
        "time_close": "2021-09-07T15:52:54.9400000Z",
        "price_open": 0.19,
        "price_high": 0.19,
        "price_low": 0.15695,
        "price_close": 0.1672,
        "volume_traded": 676259.07340679,
        "trades_count": 107
    },
    {
        "time_period_start": "2021-09-07T16:00:00.0000000Z",
        "time_period_end": "2021-09-08T00:00:00.0000000Z",
        "time_open": "2021-09-07T16:02:28.8400000Z",
        "time_close": "2021-09-07T21:35:14.4600000Z",
        "price_open": 0.16799,
        "price_high": 0.16923,
        "price_low": 0.16496,
        "price_close": 0.16503,
        "volume_traded": 7194.28181704,
        "trades_count": 13
    },
    {
        "time_period_start": "2021-09-08T00:00:00.0000000Z",
        "time_period_end": "2021-09-08T08:00:00.0000000Z",
        "time_open": "2021-09-08T01:57:30.2500000Z",
        "time_close": "2021-09-08T07:33:13.4000000Z",
        "price_open": 0.169,
        "price_high": 0.16922,
        "price_low": 0.15781,
        "price_close": 0.15781,
        "volume_traded": 952.80989684,
        "trades_count": 6
    },
    {
        "time_period_start": "2021-09-08T08:00:00.0000000Z",
        "time_period_end": "2021-09-08T16:00:00.0000000Z",
        "time_open": "2021-09-08T08:15:40.0400000Z",
        "time_close": "2021-09-08T14:46:49.3400000Z",
        "price_open": 0.15781,
        "price_high": 0.16655,
        "price_low": 0.15732,
        "price_close": 0.16471,
        "volume_traded": 32069.06779068,
        "trades_count": 17
    },
    {
        "time_period_start": "2021-09-08T16:00:00.0000000Z",
        "time_period_end": "2021-09-09T00:00:00.0000000Z",
        "time_open": "2021-09-08T16:00:34.4800000Z",
        "time_close": "2021-09-08T23:08:14.8100000Z",
        "price_open": 0.16574,
        "price_high": 0.16897,
        "price_low": 0.16574,
        "price_close": 0.16897,
        "volume_traded": 15408.65831619,
        "trades_count": 19
    },
    {
        "time_period_start": "2021-09-09T00:00:00.0000000Z",
        "time_period_end": "2021-09-09T08:00:00.0000000Z",
        "time_open": "2021-09-09T00:05:51.5400000Z",
        "time_close": "2021-09-09T06:44:55.2700000Z",
        "price_open": 0.16806,
        "price_high": 0.174,
        "price_low": 0.16806,
        "price_close": 0.174,
        "volume_traded": 13873.12525462,
        "trades_count": 12
    },
    {
        "time_period_start": "2021-09-09T08:00:00.0000000Z",
        "time_period_end": "2021-09-09T16:00:00.0000000Z",
        "time_open": "2021-09-09T09:56:06.1400000Z",
        "time_close": "2021-09-09T14:45:18.3500000Z",
        "price_open": 0.17321,
        "price_high": 0.18209,
        "price_low": 0.17301,
        "price_close": 0.182,
        "volume_traded": 573597.26332947,
        "trades_count": 45
    },
    {
        "time_period_start": "2021-09-09T16:00:00.0000000Z",
        "time_period_end": "2021-09-10T00:00:00.0000000Z",
        "time_open": "2021-09-09T16:07:49.7500000Z",
        "time_close": "2021-09-09T22:59:19.8200000Z",
        "price_open": 0.18183,
        "price_high": 0.209,
        "price_low": 0.17961,
        "price_close": 0.182,
        "volume_traded": 60261.29549101,
        "trades_count": 56
    },
    {
        "time_period_start": "2021-09-10T00:00:00.0000000Z",
        "time_period_end": "2021-09-10T08:00:00.0000000Z",
        "time_open": "2021-09-10T02:50:15.2300000Z",
        "time_close": "2021-09-10T07:59:08.9100000Z",
        "price_open": 0.18392,
        "price_high": 0.184,
        "price_low": 0.17863,
        "price_close": 0.17982,
        "volume_traded": 2769.9776008,
        "trades_count": 8
    },
    {
        "time_period_start": "2021-09-10T08:00:00.0000000Z",
        "time_period_end": "2021-09-10T16:00:00.0000000Z",
        "time_open": "2021-09-10T08:21:41.5300000Z",
        "time_close": "2021-09-10T15:33:46.1700000Z",
        "price_open": 0.179,
        "price_high": 0.179,
        "price_low": 0.17207,
        "price_close": 0.17258,
        "volume_traded": 48400.60636454,
        "trades_count": 13
    },
    {
        "time_period_start": "2021-09-10T16:00:00.0000000Z",
        "time_period_end": "2021-09-11T00:00:00.0000000Z",
        "time_open": "2021-09-10T16:43:57.9400000Z",
        "time_close": "2021-09-10T19:33:31.1100000Z",
        "price_open": 0.17251,
        "price_high": 0.17463,
        "price_low": 0.17251,
        "price_close": 0.17284,
        "volume_traded": 1746.8569285,
        "trades_count": 5
    },
    {
        "time_period_start": "2021-09-11T00:00:00.0000000Z",
        "time_period_end": "2021-09-11T08:00:00.0000000Z",
        "time_open": "2021-09-11T01:23:58.2100000Z",
        "time_close": "2021-09-11T07:16:54.1200000Z",
        "price_open": 0.17223,
        "price_high": 0.17383,
        "price_low": 0.17223,
        "price_close": 0.17238,
        "volume_traded": 2929.72024529,
        "trades_count": 22
    },
    {
        "time_period_start": "2021-09-11T08:00:00.0000000Z",
        "time_period_end": "2021-09-11T16:00:00.0000000Z",
        "time_open": "2021-09-11T08:01:50.0600000Z",
        "time_close": "2021-09-11T15:44:02.1000000Z",
        "price_open": 0.17128,
        "price_high": 0.17842,
        "price_low": 0.17128,
        "price_close": 0.17678,
        "volume_traded": 10542.86351214,
        "trades_count": 25
    },
    {
        "time_period_start": "2021-09-11T16:00:00.0000000Z",
        "time_period_end": "2021-09-12T00:00:00.0000000Z",
        "time_open": "2021-09-11T17:11:21.9300000Z",
        "time_close": "2021-09-11T23:54:41.3400000Z",
        "price_open": 0.17657,
        "price_high": 0.177,
        "price_low": 0.17568,
        "price_close": 0.17634,
        "volume_traded": 11171.81356049,
        "trades_count": 17
    },
    {
        "time_period_start": "2021-09-12T00:00:00.0000000Z",
        "time_period_end": "2021-09-12T08:00:00.0000000Z",
        "time_open": "2021-09-12T02:42:15.6500000Z",
        "time_close": "2021-09-12T07:54:25.3100000Z",
        "price_open": 0.1801,
        "price_high": 0.18318,
        "price_low": 0.17964,
        "price_close": 0.181,
        "volume_traded": 13121.0029707,
        "trades_count": 23
    },
    {
        "time_period_start": "2021-09-12T08:00:00.0000000Z",
        "time_period_end": "2021-09-12T16:00:00.0000000Z",
        "time_open": "2021-09-12T09:40:30.2000000Z",
        "time_close": "2021-09-12T14:46:11.1000000Z",
        "price_open": 0.184,
        "price_high": 0.20293,
        "price_low": 0.18212,
        "price_close": 0.18299,
        "volume_traded": 59299.96559668,
        "trades_count": 29
    },
    {
        "time_period_start": "2021-09-12T16:00:00.0000000Z",
        "time_period_end": "2021-09-13T00:00:00.0000000Z",
        "time_open": "2021-09-12T16:30:04.5200000Z",
        "time_close": "2021-09-12T23:07:01.8900000Z",
        "price_open": 0.18299,
        "price_high": 0.18369,
        "price_low": 0.17501,
        "price_close": 0.18369,
        "volume_traded": 25430.52302422,
        "trades_count": 11
    },
    {
        "time_period_start": "2021-09-13T00:00:00.0000000Z",
        "time_period_end": "2021-09-13T08:00:00.0000000Z",
        "time_open": "2021-09-13T00:16:31.8900000Z",
        "time_close": "2021-09-13T07:45:01.6200000Z",
        "price_open": 0.18349,
        "price_high": 0.18406,
        "price_low": 0.17267,
        "price_close": 0.17267,
        "volume_traded": 26113.78367262,
        "trades_count": 20
    },
    {
        "time_period_start": "2021-09-13T08:00:00.0000000Z",
        "time_period_end": "2021-09-13T16:00:00.0000000Z",
        "time_open": "2021-09-13T08:04:40.6900000Z",
        "time_close": "2021-09-13T14:41:33.8300000Z",
        "price_open": 0.17315,
        "price_high": 0.17544,
        "price_low": 0.1611,
        "price_close": 0.16902,
        "volume_traded": 25059.48669993,
        "trades_count": 21
    },
    {
        "time_period_start": "2021-09-13T16:00:00.0000000Z",
        "time_period_end": "2021-09-14T00:00:00.0000000Z",
        "time_open": "2021-09-13T17:31:33.1300000Z",
        "time_close": "2021-09-13T21:21:16.2800000Z",
        "price_open": 0.17109,
        "price_high": 0.17561,
        "price_low": 0.17109,
        "price_close": 0.17561,
        "volume_traded": 3166.79384692,
        "trades_count": 7
    },
    {
        "time_period_start": "2021-09-14T00:00:00.0000000Z",
        "time_period_end": "2021-09-14T08:00:00.0000000Z",
        "time_open": "2021-09-14T02:05:02.3600000Z",
        "time_close": "2021-09-14T07:48:00.2700000Z",
        "price_open": 0.17472,
        "price_high": 0.17837,
        "price_low": 0.17471,
        "price_close": 0.17837,
        "volume_traded": 4575.53709611,
        "trades_count": 5
    },
    {
        "time_period_start": "2021-09-14T08:00:00.0000000Z",
        "time_period_end": "2021-09-14T16:00:00.0000000Z",
        "time_open": "2021-09-14T08:47:47.5400000Z",
        "time_close": "2021-09-14T13:32:55.4500000Z",
        "price_open": 0.17923,
        "price_high": 0.18028,
        "price_low": 0.17923,
        "price_close": 0.18023,
        "volume_traded": 2375.51876061,
        "trades_count": 7
    },
    {
        "time_period_start": "2021-09-14T16:00:00.0000000Z",
        "time_period_end": "2021-09-15T00:00:00.0000000Z",
        "time_open": "2021-09-14T17:54:00.1700000Z",
        "time_close": "2021-09-14T21:30:51.6100000Z",
        "price_open": 0.18141,
        "price_high": 0.18214,
        "price_low": 0.18061,
        "price_close": 0.18214,
        "volume_traded": 2934.86665568,
        "trades_count": 8
    },
    {
        "time_period_start": "2021-09-15T00:00:00.0000000Z",
        "time_period_end": "2021-09-15T08:00:00.0000000Z",
        "time_open": "2021-09-15T00:02:01.8200000Z",
        "time_close": "2021-09-15T07:39:40.7700000Z",
        "price_open": 0.18249,
        "price_high": 0.18401,
        "price_low": 0.18245,
        "price_close": 0.18401,
        "volume_traded": 9085.20704944,
        "trades_count": 8
    },
    {
        "time_period_start": "2021-09-15T08:00:00.0000000Z",
        "time_period_end": "2021-09-15T16:00:00.0000000Z",
        "time_open": "2021-09-15T08:15:31.1100000Z",
        "time_close": "2021-09-15T14:50:12.6700000Z",
        "price_open": 0.18573,
        "price_high": 0.18658,
        "price_low": 0.1857,
        "price_close": 0.18658,
        "volume_traded": 4914.35994872,
        "trades_count": 7
    },
    {
        "time_period_start": "2021-09-15T16:00:00.0000000Z",
        "time_period_end": "2021-09-16T00:00:00.0000000Z",
        "time_open": "2021-09-15T16:36:54.1300000Z",
        "time_close": "2021-09-15T23:58:00.1400000Z",
        "price_open": 0.18844,
        "price_high": 0.19,
        "price_low": 0.18715,
        "price_close": 0.19,
        "volume_traded": 10432.28681958,
        "trades_count": 5
    },
    {
        "time_period_start": "2021-09-16T00:00:00.0000000Z",
        "time_period_end": "2021-09-16T08:00:00.0000000Z",
        "time_open": "2021-09-16T00:20:24.1500000Z",
        "time_close": "2021-09-16T07:48:14.2400000Z",
        "price_open": 0.18998,
        "price_high": 0.1914,
        "price_low": 0.18791,
        "price_close": 0.1914,
        "volume_traded": 2958.37330189,
        "trades_count": 5
    },
    {
        "time_period_start": "2021-09-16T08:00:00.0000000Z",
        "time_period_end": "2021-09-16T16:00:00.0000000Z",
        "time_open": "2021-09-16T08:34:57.5500000Z",
        "time_close": "2021-09-16T14:34:27.4900000Z",
        "price_open": 0.19,
        "price_high": 0.19097,
        "price_low": 0.18286,
        "price_close": 0.18286,
        "volume_traded": 27960.0764531,
        "trades_count": 17
    },
    {
        "time_period_start": "2021-09-16T16:00:00.0000000Z",
        "time_period_end": "2021-09-17T00:00:00.0000000Z",
        "time_open": "2021-09-16T16:03:25.7400000Z",
        "time_close": "2021-09-16T22:00:31.6100000Z",
        "price_open": 0.19142,
        "price_high": 0.19256,
        "price_low": 0.18872,
        "price_close": 0.18881,
        "volume_traded": 18535.18645832,
        "trades_count": 14
    },
    {
        "time_period_start": "2021-09-17T00:00:00.0000000Z",
        "time_period_end": "2021-09-17T08:00:00.0000000Z",
        "time_open": "2021-09-17T00:25:22.5700000Z",
        "time_close": "2021-09-17T06:20:51.4400000Z",
        "price_open": 0.19144,
        "price_high": 0.2007,
        "price_low": 0.18919,
        "price_close": 0.19334,
        "volume_traded": 54834.86940506,
        "trades_count": 34
    }
]