[
    {
        "time_period_start": "2021-08-15T00:00:00.0000000Z",
        "time_period_end": "2021-08-15T08:00:00.0000000Z",
        "time_open": "2021-08-15T00:00:00.0020000Z",
        "time_close": "2021-08-15T07:59:53.8043200Z",
        "price_open": 22.8568,
        "price_high": 23.318,
        "price_low": 21.8513,
        "price_close": 22.041,
        "volume_traded": 441677.19645044,
        "trades_count": 13246
    },
    {
        "time_period_start": "2021-08-15T08:00:00.0000000Z",
        "time_period_end": "2021-08-15T16:00:00.0000000Z",
        "time_open": "2021-08-15T08:00:00.0556480Z",
        "time_close": "2021-08-15T15:59:58.9936470Z",
        "price_open": 22.026,
        "price_high": 22.424,
        "price_low": 21.853,
        "price_close": 22.147,
        "volume_traded": 303523.44304929,
        "trades_count": 9183
    },
    {
        "time_period_start": "2021-08-15T16:00:00.0000000Z",
        "time_period_end": "2021-08-16T00:00:00.0000000Z",
        "time_open": "2021-08-15T16:00:01.0132250Z",
        "time_close": "2021-08-15T23:59:59.0795610Z",
        "price_open": 22.147,
        "price_high": 23.356,
        "price_low": 21.876,
        "price_close": 23.179,
        "volume_traded": 801427.00921181,
        "trades_count": 17194
    },
    {
        "time_period_start": "2021-08-16T00:00:00.0000000Z",
        "time_period_end": "2021-08-16T08:00:00.0000000Z",
        "time_open": "2021-08-16T00:00:00.0020000Z",
        "time_close": "2021-08-16T07:59:54.6779270Z",
        "price_open": 23.1614,
        "price_high": 24.5,
        "price_low": 22.8379,
        "price_close": 24.267,
        "volume_traded": 1195268.92493765,
        "trades_count": 23817
    },
    {
        "time_period_start": "2021-08-16T08:00:00.0000000Z",
        "time_period_end": "2021-08-16T16:00:00.0000000Z",
        "time_open": "2021-08-16T08:00:10.4998910Z",
        "time_close": "2021-08-16T15:59:54.6407420Z",
        "price_open": 24.257,
        "price_high": 25.441,
        "price_low": 24.0,
        "price_close": 24.767,
        "volume_traded": 1390877.54868584,
        "trades_count": 33224
    },
    {
        "time_period_start": "2021-08-16T16:00:00.0000000Z",
        "time_period_end": "2021-08-17T00:00:00.0000000Z",
        "time_open": "2021-08-16T16:00:00.1831430Z",
        "time_close": "2021-08-16T23:59:55.1795060Z",
        "price_open": 24.768,
        "price_high": 25.72,
        "price_low": 24.049,
        "price_close": 24.433,
        "volume_traded": 1965005.37420731,
        "trades_count": 41227
    },
    {
        "time_period_start": "2021-08-17T00:00:00.0000000Z",
        "time_period_end": "2021-08-17T08:00:00.0000000Z",
        "time_open": "2021-08-17T00:00:00.0020000Z",
        "time_close": "2021-08-17T07:59:57.4120360Z",
        "price_open": 24.4199,
        "price_high": 27.499,
        "price_low": 23.323,
        "price_close": 26.302,
        "volume_traded": 2608275.50677747,
        "trades_count": 59329
    },
    {
        "time_period_start": "2021-08-17T08:00:00.0000000Z",
        "time_period_end": "2021-08-17T16:00:00.0000000Z",
        "time_open": "2021-08-17T08:00:01.1716830Z",
        "time_close": "2021-08-17T15:59:57.6116590Z",
        "price_open": 26.307,
        "price_high": 26.8166,
        "price_low": 25.084,
        "price_close": 25.168,
        "volume_traded": 1438493.86100864,
        "trades_count": 31731
    },
    {
        "time_period_start": "2021-08-17T16:00:00.0000000Z",
        "time_period_end": "2021-08-18T00:00:00.0000000Z",
        "time_open": "2021-08-17T16:00:00.8048150Z",
        "time_close": "2021-08-17T23:59:59.1770930Z",
        "price_open": 25.178,
        "price_high": 25.884,
        "price_low": 23.016,
        "price_close": 23.53,
        "volume_traded": 1777026.69515406,
        "trades_count": 34977
    },
    {
        "time_period_start": "2021-08-18T00:00:00.0000000Z",
        "time_period_end": "2021-08-18T08:00:00.0000000Z",
        "time_open": "2021-08-18T00:00:00.0600000Z",
        "time_close": "2021-08-18T07:59:58.3389570Z",
        "price_open": 23.5195,
        "price_high": 24.745,
        "price_low": 22.5,
        "price_close": 23.644,
        "volume_traded": 1782762.49448991,
        "trades_count": 41189
    },
    {
        "time_period_start": "2021-08-18T08:00:00.0000000Z",
        "time_period_end": "2021-08-18T16:00:00.0000000Z",
        "time_open": "2021-08-18T08:00:07.3222530Z",
        "time_close": "2021-08-18T15:59:59.1839420Z",
        "price_open": 23.62,
        "price_high": 24.875,
        "price_low": 23.293,
        "price_close": 24.839,
        "volume_traded": 890708.472268,
        "trades_count": 22285
    },
    {
        "time_period_start": "2021-08-18T16:00:00.0000000Z",
        "time_period_end": "2021-08-19T00:00:00.0000000Z",
        "time_open": "2021-08-18T16:00:02.6866180Z",
        "time_close": "2021-08-18T23:59:58.2023910Z",
        "price_open": 24.853,
        "price_high": 25.1889,
        "price_low": 23.3318,
        "price_close": 23.875,
        "volume_traded": 1570223.77521126,
        "trades_count": 30397
    },
    {
        "time_period_start": "2021-08-19T00:00:00.0000000Z",
        "time_period_end": "2021-08-19T08:00:00.0000000Z",
        "time_open": "2021-08-19T00:00:00.0020000Z",
        "time_close": "2021-08-19T07:59:59.6737650Z",
        "price_open": 23.8717,
        "price_high": 24.574,
        "price_low": 23.0,
        "price_close": 24.015,
        "volume_traded": 1040305.53464688,
        "trades_count": 21564
    },
    {
        "time_period_start": "2021-08-19T08:00:00.0000000Z",
        "time_period_end": "2021-08-19T16:00:00.0000000Z",
        "time_open": "2021-08-19T08:00:00.0640000Z",
        "time_close": "2021-08-19T15:59:59.5211780Z",
        "price_open": 23.9895,
        "price_high": 25.882,
        "price_low": 23.4702,
        "price_close": 25.829,
        "volume_traded": 1178303.9839932,
        "trades_count": 25766
    },
    {
        "time_period_start": "2021-08-19T16:00:00.0000000Z",
        "time_period_end": "2021-08-20T00:00:00.0000000Z",
        "time_open": "2021-08-19T16:00:00.2664880Z",
        "time_close": "2021-08-19T23:59:58.3515790Z",
        "price_open": 25.803,
        "price_high": 26.882,
        "price_low": 25.035,
        "price_close": 26.596,
        "volume_traded": 1215267.8310883,
        "trades_count": 28009
    },
    {
        "time_period_start": "2021-08-20T00:00:00.0000000Z",
        "time_period_end": "2021-08-20T08:00:00.0000000Z",
        "time_open": "2021-08-20T00:00:00.0020000Z",
        "time_close": "2021-08-20T07:59:59.0491080Z",
        "price_open": 26.5835,
        "price_high": 27.142,
        "price_low": 26.2434,
        "price_close": 26.37,
        "volume_traded": 911272.76028725,
        "trades_count": 25900
    },
    {
        "time_period_start": "2021-08-20T08:00:00.0000000Z",
        "time_period_end": "2021-08-20T16:00:00.0000000Z",
        "time_open": "2021-08-20T08:00:00.0365580Z",
        "time_close": "2021-08-20T15:59:57.7736070Z",
        "price_open": 26.37,
        "price_high": 28.44,
        "price_low": 26.094,
        "price_close": 28.021,
        "volume_traded": 1412375.65006367,
        "trades_count": 36836
    },
    {
        "time_period_start": "2021-08-20T16:00:00.0000000Z",
        "time_period_end": "2021-08-21T00:00:00.0000000Z",
        "time_open": "2021-08-20T16:00:01.4310000Z",
        "time_close": "2021-08-20T23:59:59.3830100Z",
        "price_open": 28.0195,
        "price_high": 28.48,
        "price_low": 27.54,
        "price_close": 28.169,
        "volume_traded": 995749.07718863,
        "trades_count": 25342
    },
    {
        "time_period_start": "2021-08-21T00:00:00.0000000Z",
        "time_period_end": "2021-08-21T08:00:00.0000000Z",
        "time_open": "2021-08-21T00:00:00.0010000Z",
        "time_close": "2021-08-21T07:59:48.5454220Z",
        "price_open": 28.1516,
        "price_high": 29.386,
        "price_low": 27.508,
        "price_close": 28.946,
        "volume_traded": 814239.04979663,
        "trades_count": 25393
    },
    {
        "time_period_start": "2021-08-21T08:00:00.0000000Z",
        "time_period_end": "2021-08-21T16:00:00.0000000Z",
        "time_open": "2021-08-21T08:00:02.6494750Z",
        "time_close": "2021-08-21T15:59:55.1828790Z",
        "price_open": 28.948,
        "price_high": 29.133,
        "price_low": 27.52,
        "price_close": 28.593,
        "volume_traded": 756192.84402157,
        "trades_count": 23309
    },
    {
        "time_period_start": "2021-08-21T16:00:00.0000000Z",
        "time_period_end": "2021-08-22T00:00:00.0000000Z",
        "time_open": "2021-08-21T16:00:00.4442220Z",
        "time_close": "2021-08-21T23:59:56.2160260Z",
        "price_open": 28.58,
        "price_high": 28.979,
        "price_low": 27.6,
        "price_close": 27.883,
        "volume_traded": 703574.74885857,
        "trades_count": 20658
    },
    {
        "time_period_start": "2021-08-22T00:00:00.0000000Z",
        "time_period_end": "2021-08-22T08:00:00.0000000Z",
        "time_open": "2021-08-22T00:00:00.0020000Z",
        "time_close": "2021-08-22T07:59:56.8583330Z",
        "price_open": 27.8812,
        "price_high": 28.747,
        "price_low": 27.574,
        "price_close": 28.088,
        "volume_traded": 643699.49339554,
        "trades_count": 17675
    },
    {
        "time_period_start": "2021-08-22T08:00:00.0000000Z",
        "time_period_end": "2021-08-22T16:00:00.0000000Z",
        "time_open": "2021-08-22T08:00:17.8413820Z",
        "time_close": "2021-08-22T15:59:57.6253450Z",
        "price_open": 28.096,
        "price_high": 28.311,
        "price_low": 26.529,
        "price_close": 27.143,
        "volume_traded": 706233.41252978,
        "trades_count": 19976
    },
    {
        "time_period_start": "2021-08-22T16:00:00.0000000Z",
        "time_period_end": "2021-08-23T00:00:00.0000000Z",
        "time_open": "2021-08-22T16:00:01.0950290Z",
        "time_close": "2021-08-22T23:59:59.8854010Z",
        "price_open": 27.163,
        "price_high": 28.118,
        "price_low": 26.548,
        "price_close": 27.69,
        "volume_traded": 905339.8032618,
        "trades_count": 23399
    },
    {
        "time_period_start": "2021-08-23T00:00:00.0000000Z",
        "time_period_end": "2021-08-23T08:00:00.0000000Z",
        "time_open": "2021-08-23T00:00:03.3857900Z",
        "time_close": "2021-08-23T07:59:58.9695000Z",
        "price_open": 27.71,
        "price_high": 28.65,
        "price_low": 27.686,
        "price_close": 28.048,
        "volume_traded": 866244.5492541,
        "trades_count": 21885
    },
    {
        "time_period_start": "2021-08-23T08:00:00.0000000Z",
        "time_period_end": "2021-08-23T16:00:00.0000000Z",
        "time_open": "2021-08-23T08:00:04.0904850Z",
        "time_close": "2021-08-23T15:59:58.5980000Z",
        "price_open": 28.057,
        "price_high": 28.3267,
        "price_low": 27.331,
        "price_close": 27.6466,
        "volume_traded": 918273.5886437,
        "trades_count": 21406
    },
    {
        "time_period_start": "2021-08-23T16:00:00.0000000Z",
        "time_period_end": "2021-08-24T00:00:00.0000000Z",
        "time_open": "2021-08-23T16:00:00.9930860Z",
        "time_close": "2021-08-23T23:59:59.9165000Z",
        "price_open": 27.65,
        "price_high": 28.222,
        "price_low": 27.336,
        "price_close": 27.894,
        "volume_traded": 747432.16483223,
        "trades_count": 19532
    },
    {
        "time_period_start": "2021-08-24T00:00:00.0000000Z",
        "time_period_end": "2021-08-24T08:00:00.0000000Z",
        "time_open": "2021-08-24T00:00:00.9827860Z",
        "time_close": "2021-08-24T07:59:51.5677400Z",
        "price_open": 27.893,
        "price_high": 28.185,
        "price_low": 27.128,
        "price_close": 27.76,
        "volume_traded": 557129.11237201,
        "trades_count": 14798
    },
    {
        "time_period_start": "2021-08-24T08:00:00.0000000Z",
        "time_period_end": "2021-08-24T16:00:00.0000000Z",
        "time_open": "2021-08-24T08:00:00.7566970Z",
        "time_close": "2021-08-24T15:59:59.5977320Z",
        "price_open": 27.759,
        "price_high": 27.772,
        "price_low": 25.45,
        "price_close": 25.898,
        "volume_traded": 1357634.04462306,
        "trades_count": 26722
    },
    {
        "time_period_start": "2021-08-24T16:00:00.0000000Z",
        "time_period_end": "2021-08-25T00:00:00.0000000Z",
        "time_open": "2021-08-24T16:00:00.0198130Z",
        "time_close": "2021-08-24T23:59:59.7294950Z",
        "price_open": 25.898,
        "price_high": 26.0,
        "price_low": 24.325,
        "price_close": 25.088,
        "volume_traded": 1498077.59739127,
        "trades_count": 34330
    },
    {
        "time_period_start": "2021-08-25T00:00:00.0000000Z",
        "time_period_end": "2021-08-25T08:00:00.0000000Z",
        "time_open": "2021-08-25T00:00:03.9970000Z",
        "time_close": "2021-08-25T07:59:59.2097020Z",
        "price_open": 25.0758,
        "price_high": 26.538,
        "price_low": 25.064,
        "price_close": 25.923,
        "volume_traded": 818014.96908201,
        "trades_count": 16199
    },
    {
        "time_period_start": "2021-08-25T08:00:00.0000000Z",
        "time_period_end": "2021-08-25T16:00:00.0000000Z",
        "time_open": "2021-08-25T08:00:01.1735200Z",
        "time_close": "2021-08-25T15:59:58.7575120Z",
        "price_open": 25.923,
        "price_high": 26.29,
        "price_low": 24.484,
        "price_close": 26.21,
        "volume_traded": 1082346.94088028,
        "trades_count": 22031
    },
    {
        "time_period_start": "2021-08-25T16:00:00.0000000Z",
        "time_period_end": "2021-08-26T00:00:00.0000000Z",
        "time_open": "2021-08-25T16:00:01.4840420Z",
        "time_close": "2021-08-25T23:59:54.4548550Z",
        "price_open": 26.21,
        "price_high": 26.569,
        "price_low": 25.662,
        "price_close": 25.995,
        "volume_traded": 865887.75087149,
        "trades_count": 15925
    },
    {
        "time_period_start": "2021-08-26T00:00:00.0000000Z",
        "time_period_end": "2021-08-26T08:00:00.0000000Z",
        "time_open": "2021-08-26T00:00:01.9112990Z",
        "time_close": "2021-08-26T07:59:57.5460000Z",
        "price_open": 25.985,
        "price_high": 26.408,
        "price_low": 24.307,
        "price_close": 24.659,
        "volume_traded": 957655.88895368,
        "trades_count": 16586
    },
    {
        "time_period_start": "2021-08-26T08:00:00.0000000Z",
        "time_period_end": "2021-08-26T16:00:00.0000000Z",
        "time_open": "2021-08-26T08:00:00.5130000Z",
        "time_close": "2021-08-26T15:59:59.4434700Z",
        "price_open": 24.6831,
        "price_high": 24.88,
        "price_low": 23.849,
        "price_close": 24.08,
        "volume_traded": 990646.28881019,
        "trades_count": 20565
    },
    {
        "time_period_start": "2021-08-26T16:00:00.0000000Z",
        "time_period_end": "2021-08-27T00:00:00.0000000Z",
        "time_open": "2021-08-26T16:00:04.1651780Z",
        "time_close": "2021-08-26T23:59:58.9110370Z",
        "price_open": 24.072,
        "price_high": 24.508,
        "price_low": 22.8633,
        "price_close": 23.932,
        "volume_traded": 1460738.14990692,
        "trades_count": 23928
    },
    {
        "time_period_start": "2021-08-27T00:00:00.0000000Z",
        "time_period_end": "2021-08-27T08:00:00.0000000Z",
        "time_open": "2021-08-27T00:00:00.5606680Z",
        "time_close": "2021-08-27T07:59:54.3225000Z",
        "price_open": 23.915,
        "price_high": 25.028,
        "price_low": 23.461,
        "price_close": 24.941,
        "volume_traded": 1044350.60198269,
        "trades_count": 21135
    },
    {
        "time_period_start": "2021-08-27T08:00:00.0000000Z",
        "time_period_end": "2021-08-27T16:00:00.0000000Z",
        "time_open": "2021-08-27T08:00:02.2626630Z",
        "time_close": "2021-08-27T15:59:56.0051900Z",
        "price_open": 24.937,
        "price_high": 26.123,
        "price_low": 24.541,
        "price_close": 25.9,
        "volume_traded": 1039485.86358519,
        "trades_count": 22391
    },
    {
        "time_period_start": "2021-08-27T16:00:00.0000000Z",
        "time_period_end": "2021-08-28T00:00:00.0000000Z",
        "time_open": "2021-08-27T16:00:05.2040000Z",
        "time_close": "2021-08-27T23:59:59.3871350Z",
        "price_open": 25.9,
        "price_high": 26.814,
        "price_low": 25.598,
        "price_close": 26.543,
        "volume_traded": 802472.10926757,
        "trades_count": 17180
    },
    {
        "time_period_start": "2021-08-28T00:00:00.0000000Z",
        "time_period_end": "2021-08-28T08:00:00.0000000Z",
        "time_open": "2021-08-28T00:00:06.4604180Z",
        "time_close": "2021-08-28T07:59:41.6284860Z",
        "price_open": 26.559,
        "price_high": 26.772,
        "price_low": 25.67,
        "price_close": 25.922,
        "volume_traded": 485019.42407799,
        "trades_count": 13010
    },
    {
        "time_period_start": "2021-08-28T08:00:00.0000000Z",
        "time_period_end": "2021-08-28T16:00:00.0000000Z",
        "time_open": "2021-08-28T08:00:15.9725800Z",
        "time_close": "2021-08-28T15:59:47.9989280Z",
        "price_open": 25.918,
        "price_high": 26.471,
        "price_low": 25.5495,
        "price_close": 25.816,
        "volume_traded": 546613.68262801,
        "trades_count": 11911
    },
    {
        "time_period_start": "2021-08-28T16:00:00.0000000Z",
        "time_period_end": "2021-08-29T00:00:00.0000000Z",
        "time_open": "2021-08-28T16:00:00.6603500Z",
        "time_close": "2021-08-28T23:59:59.2760180Z",
        "price_open": 25.825,
        "price_high": 26.128,
        "price_low": 25.44,
        "price_close": 25.98,
        "volume_traded": 1110776.0025682,
        "trades_count": 14441
    },
    {
        "time_period_start": "2021-08-29T00:00:00.0000000Z",
        "time_period_end": "2021-08-29T08:00:00.0000000Z",
        "time_open": "2021-08-29T00:00:10.3065990Z",
        "time_close": "2021-08-29T07:59:59.5241270Z",
        "price_open": 25.981,
        "price_high": 26.49,
        "price_low": 25.273,
        "price_close": 25.846,
        "volume_traded": 757922.30231105,
        "trades_count": 13539
    },
    {
        "time_period_start": "2021-08-29T08:00:00.0000000Z",
        "time_period_end": "2021-08-29T16:00:00.0000000Z",
        "time_open": "2021-08-29T08:00:10.1356110Z",
        "time_close": "2021-08-29T15:59:53.7358080Z",
        "price_open": 25.855,
        "price_high": 26.144,
        "price_low": 25.544,
        "price_close": 25.73,
        "volume_traded": 533673.53199429,
        "trades_count": 12061
    },
    {
        "time_period_start": "2021-08-29T16:00:00.0000000Z",
        "time_period_end": "2021-08-30T00:00:00.0000000Z",
        "time_open": "2021-08-29T16:00:01.0034830Z",
        "time_close": "2021-08-29T23:59:54.7362640Z",
        "price_open": 25.737,
        "price_high": 26.171,
        "price_low": 25.634,
        "price_close": 25.735,
        "volume_traded": 425968.65222531,
        "trades_count": 10375
    },
    {
        "time_period_start": "2021-08-30T00:00:00.0000000Z",
        "time_period_end": "2021-08-30T08:00:00.0000000Z",
        "time_open": "2021-08-30T00:00:00.3917420Z",
        "time_close": "2021-08-30T07:59:50.1703000Z",
        "price_open": 25.725,
        "price_high": 25.779,
        "price_low": 24.737,
        "price_close": 25.055,
        "volume_traded": 780321.61015122,
        "trades_count": 15862
    },
    {
        "time_period_start": "2021-08-30T08:00:00.0000000Z",
        "time_period_end": "2021-08-30T16:00:00.0000000Z",
        "time_open": "2021-08-30T08:00:41.1490000Z",
        "time_close": "2021-08-30T15:59:59.9766520Z",
        "price_open": 25.0375,
        "price_high": 25.192,
        "price_low": 24.328,
        "price_close": 25.136,
        "volume_traded": 898483.48815,
        "trades_count": 16730
    },
    {
        "time_period_start": "2021-08-30T16:00:00.0000000Z",
        "time_period_end": "2021-08-31T00:00:00.0000000Z",
        "time_open": "2021-08-30T16:00:00.1657360Z",
        "time_close": "2021-08-30T23:59:53.4118630Z",
        "price_open": 25.136,
        "price_high": 27.596,
        "price_low": 25.017,
        "price_close": 26.03,
        "volume_traded": 2392420.23067185,
        "trades_count": 39855
    },
    {
        "time_period_start": "2021-08-31T00:00:00.0000000Z",
        "time_period_end": "2021-08-31T08:00:00.0000000Z",
        "time_open": "2021-08-31T00:00:01.1165680Z",
        "time_close": "2021-08-31T07:59:58.6210550Z",
        "price_open": 26.055,
        "price_high": 27.8686,
        "price_low": 25.614,
        "price_close": 27.595,
        "volume_traded": 1756187.15751777,
        "trades_count": 31917
    },
    {
        "time_period_start": "2021-08-31T08:00:00.0000000Z",
        "time_period_end": "2021-08-31T16:00:00.0000000Z",
        "time_open": "2021-08-31T08:00:00.2600000Z",
        "time_close": "2021-08-31T15:59:59.9546080Z",
        "price_open": 27.578,
        "price_high": 31.131,
        "price_low": 27.37,
        "price_close": 30.975,
        "volume_traded": 3787290.84870721,
        "trades_count": 71161
    },
    {
        "time_period_start": "2021-08-31T16:00:00.0000000Z",
        "time_period_end": "2021-09-01T00:00:00.0000000Z",
        "time_open": "2021-08-31T16:00:00.1017040Z",
        "time_close": "2021-08-31T23:59:59.6242250Z",
        "price_open": 30.972,
        "price_high": 32.0,
        "price_low": 29.3926,
        "price_close": 31.353,
        "volume_traded": 3851349.32233507,
        "trades_count": 86568
    },
    {
        "time_period_start": "2021-09-01T00:00:00.0000000Z",
        "time_period_end": "2021-09-01T08:00:00.0000000Z",
        "time_open": "2021-09-01T00:00:00.6448780Z",
        "time_close": "2021-09-01T07:59:53.0695020Z",
        "price_open": 31.356,
        "price_high": 32.1,
        "price_low": 29.693,
        "price_close": 30.276,
        "volume_traded": 2143460.11730625,
        "trades_count": 53076
    },
    {
        "time_period_start": "2021-09-01T08:00:00.0000000Z",
        "time_period_end": "2021-09-01T16:00:00.0000000Z",
        "time_open": "2021-09-01T08:00:02.9211160Z",
        "time_close": "2021-09-01T15:59:59.7154510Z",
        "price_open": 30.276,
        "price_high": 30.591,
        "price_low": 29.618,
        "price_close": 30.18,
        "volume_traded": 1217882.31512411,
        "trades_count": 27956
    },
    {
        "time_period_start": "2021-09-01T16:00:00.0000000Z",
        "time_period_end": "2021-09-02T00:00:00.0000000Z",
        "time_open": "2021-09-01T16:00:00.6522830Z",
        "time_close": "2021-09-01T23:59:59.9263900Z",
        "price_open": 30.168,
        "price_high": 33.882,
        "price_low": 29.93,
        "price_close": 33.2,
        "volume_traded": 3107968.17933666,
        "trades_count": 73102
    },
    {
        "time_period_start": "2021-09-02T00:00:00.0000000Z",
        "time_period_end": "2021-09-02T08:00:00.0000000Z",
        "time_open": "2021-09-02T00:00:00.9709720Z",
        "time_close": "2021-09-02T07:59:53.9307060Z",
        "price_open": 33.196,
        "price_high": 33.223,
        "price_low": 31.779,
        "price_close": 32.063,
        "volume_traded": 1489822.329972,
        "trades_count": 30257
    },
    {
        "time_period_start": "2021-09-02T08:00:00.0000000Z",
        "time_period_end": "2021-09-02T16:00:00.0000000Z",
        "time_open": "2021-09-02T08:00:14.1959080Z",
        "time_close": "2021-09-02T15:59:58.9488730Z",
        "price_open": 32.049,
        "price_high": 32.87,
        "price_low": 31.2493,
        "price_close": 31.637,
        "volume_traded": 1229618.15974382,
        "trades_count": 26318
    },
    {
        "time_period_start": "2021-09-02T16:00:00.0000000Z",
        "time_period_end": "2021-09-03T00:00:00.0000000Z",
        "time_open": "2021-09-02T16:00:05.1629510Z",
        "time_close": "2021-09-02T23:59:59.2451890Z",
        "price_open": 31.637,
        "price_high": 32.647,
        "price_low": 31.637,
        "price_close": 31.814,
        "volume_traded": 1133654.23124811,
        "trades_count": 26105
    },
    {
        "time_period_start": "2021-09-03T00:00:00.0000000Z",
        "time_period_end": "2021-09-03T08:00:00.0000000Z",
        "time_open": "2021-09-03T00:00:06.1176270Z",
        "time_close": "2021-09-03T07:59:58.9568400Z",
        "price_open": 31.813,
        "price_high": 33.643,
        "price_low": 31.011,
        "price_close": 32.979,
        "volume_traded": 1603454.72709853,
        "trades_count": 32925
    },
    {
        "time_period_start": "2021-09-03T08:00:00.0000000Z",
        "time_period_end": "2021-09-03T16:00:00.0000000Z",
        "time_open": "2021-09-03T08:00:00.2948230Z",
        "time_close": "2021-09-03T15:59:56.9532550Z",
        "price_open": 32.979,
        "price_high": 33.377,
        "price_low": 32.29,
        "price_close": 32.848,
        "volume_traded": 1305092.54380222,
        "trades_count": 28105
    },
    {
        "time_period_start": "2021-09-03T16:00:00.0000000Z",
        "time_period_end": "2021-09-04T00:00:00.0000000Z",
        "time_open": "2021-09-03T16:00:01.0546080Z",
        "time_close": "2021-09-03T23:59:59.6845770Z",
        "price_open": 32.844,
        "price_high": 34.041,
        "price_low": 32.706,
        "price_close": 33.601,
        "volume_traded": 1094364.73847039,
        "trades_count": 27302
    },
    {
        "time_period_start": "2021-09-04T00:00:00.0000000Z",
        "time_period_end": "2021-09-04T08:00:00.0000000Z",
        "time_open": "2021-09-04T00:00:02.7982710Z",
        "time_close": "2021-09-04T07:59:51.1143490Z",
        "price_open": 33.612,
        "price_high": 34.1539,
        "price_low": 33.102,
        "price_close": 33.249,
        "volume_traded": 713693.75609027,
        "trades_count": 19165
    },
    {
        "time_period_start": "2021-09-04T08:00:00.0000000Z",
        "time_period_end": "2021-09-04T16:00:00.0000000Z",
        "time_open": "2021-09-04T08:00:01.0167790Z",
        "time_close": "2021-09-04T15:59:58.1031150Z",
        "price_open": 33.262,
        "price_high": 33.462,
        "price_low": 32.815,
        "price_close": 33.057,
        "volume_traded": 612008.86522014,
        "trades_count": 14850
    },
    {
        "time_period_start": "2021-09-04T16:00:00.0000000Z",
        "time_period_end": "2021-09-05T00:00:00.0000000Z",
        "time_open": "2021-09-04T16:00:00.7997770Z",
        "time_close": "2021-09-04T23:59:52.8444090Z",
        "price_open": 33.058,
        "price_high": 33.35,
        "price_low": 32.023,
        "price_close": 32.384,
        "volume_traded": 1054836.62415277,
        "trades_count": 22946
    },
    {
        "time_period_start": "2021-09-05T00:00:00.0000000Z",
        "time_period_end": "2021-09-05T08:00:00.0000000Z",
        "time_open": "2021-09-05T00:00:04.1856120Z",
        "time_close": "2021-09-05T07:59:52.2210000Z",
        "price_open": 32.425,
        "price_high": 32.792,
        "price_low": 32.01,
        "price_close": 32.1989,
        "volume_traded": 577900.79058778,
        "trades_count": 12582
    },
    {
        "time_period_start": "2021-09-05T08:00:00.0000000Z",
        "time_period_end": "2021-09-05T16:00:00.0000000Z",
        "time_open": "2021-09-05T08:00:07.8771640Z",
        "time_close": "2021-09-05T15:59:59.7592060Z",
        "price_open": 32.199,
        "price_high": 34.046,
        "price_low": 32.13,
        "price_close": 33.262,
        "volume_traded": 870963.98376195,
        "trades_count": 21060
    },
    {
        "time_period_start": "2021-09-05T16:00:00.0000000Z",
        "time_period_end": "2021-09-06T00:00:00.0000000Z",
        "time_open": "2021-09-05T16:00:01.0156930Z",
        "time_close": "2021-09-05T23:59:55.0785680Z",
        "price_open": 33.273,
        "price_high": 34.797,
        "price_low": 33.19,
        "price_close": 34.454,
        "volume_traded": 1112200.80846212,
        "trades_count": 27025
    },
    {
        "time_period_start": "2021-09-06T00:00:00.0000000Z",
        "time_period_end": "2021-09-06T08:00:00.0000000Z",
        "time_open": "2021-09-06T00:00:10.8142190Z",
        "time_close": "2021-09-06T07:59:59.4150000Z",
        "price_open": 34.45,
        "price_high": 34.7,
        "price_low": 33.588,
        "price_close": 34.4397,
        "volume_traded": 736539.4382728,
        "trades_count": 18254
    },
    {
        "time_period_start": "2021-09-06T08:00:00.0000000Z",
        "time_period_end": "2021-09-06T16:00:00.0000000Z",
        "time_open": "2021-09-06T08:00:02.4056560Z",
        "time_close": "2021-09-06T15:59:58.5236930Z",
        "price_open": 34.449,
        "price_high": 35.032,
        "price_low": 32.416,
        "price_close": 33.939,
        "volume_traded": 1343032.54389766,
        "trades_count": 28483
    },
    {
        "time_period_start": "2021-09-06T16:00:00.0000000Z",
        "time_period_end": "2021-09-07T00:00:00.0000000Z",
        "time_open": "2021-09-06T16:00:00.0145100Z",
        "time_close": "2021-09-06T23:59:58.9359760Z",
        "price_open": 33.931,
        "price_high": 35.076,
        "price_low": 33.701,
        "price_close": 34.355,
        "volume_traded": 1139645.32601566,
        "trades_count": 28780
    },
    {
        "time_period_start": "2021-09-07T00:00:00.0000000Z",
        "time_period_end": "2021-09-07T08:00:00.0000000Z",
        "time_open": "2021-09-07T00:00:01.3307280Z",
        "time_close": "2021-09-07T07:59:56.5514710Z",
        "price_open": 34.361,
        "price_high": 35.683,
        "price_low": 33.73,
        "price_close": 35.142,
        "volume_traded": 1499787.5688113,
        "trades_count": 29563
    },
    {
        "time_period_start": "2021-09-07T08:00:00.0000000Z",
        "time_period_end": "2021-09-07T16:00:00.0000000Z",
        "time_open": "2021-09-07T08:00:02.2401290Z",
        "time_close": "2021-09-07T15:59:59.7710000Z",
        "price_open": 35.16,
        "price_high": 35.264,
        "price_low": 21.8655,
        "price_close": 28.4333,
        "volume_traded": 4064812.8160872,
        "trades_count": 72387
    },
    {
        "time_period_start": "2021-09-07T16:00:00.0000000Z",
        "time_period_end": "2021-09-08T00:00:00.0000000Z",
        "time_open": "2021-09-07T16:00:00.1949910Z",
        "time_close": "2021-09-07T23:59:59.9468770Z",
        "price_open": 28.419,
        "price_high": 29.952,
        "price_low": 25.5321,
        "price_close": 27.965,
        "volume_traded": 4192720.07900649,
        "trades_count": 73921
    },
    {
        "time_period_start": "2021-09-08T00:00:00.0000000Z",
        "time_period_end": "2021-09-08T08:00:00.0000000Z",
        "time_open": "2021-09-08T00:00:00.1930750Z",
        "time_close": "2021-09-08T07:59:59.7834950Z",
        "price_open": 28.0,
        "price_high": 28.917,
        "price_low": 25.571,
        "price_close": 25.631,
        "volume_traded": 2192219.30332285,
        "trades_count": 44523
    },
    {
        "time_period_start": "2021-09-08T08:00:00.0000000Z",
        "time_period_end": "2021-09-08T16:00:00.0000000Z",
        "time_open": "2021-09-08T08:00:01.4840000Z",
        "time_close": "2021-09-08T15:59:58.6055170Z",
        "price_open": 25.6509,
        "price_high": 28.64,
        "price_low": 25.217,
        "price_close": 27.95,
        "volume_traded": 2645226.24022127,
        "trades_count": 43459
    },
    {
        "time_period_start": "2021-09-08T16:00:00.0000000Z",
        "time_period_end": "2021-09-09T00:00:00.0000000Z",
        "time_open": "2021-09-08T16:00:00.5030000Z",
        "time_close": "2021-09-08T23:59:58.2590000Z",
        "price_open": 27.936,
        "price_high": 28.623,
        "price_low": 26.825,
        "price_close": 27.7494,
        "volume_traded": 1831564.40346505,
        "trades_count": 28228
    },
    {
        "time_period_start": "2021-09-09T00:00:00.0000000Z",
        "time_period_end": "2021-09-09T08:00:00.0000000Z",
        "time_open": "2021-09-09T00:00:06.9428370Z",
        "time_close": "2021-09-09T07:59:58.8558820Z",
        "price_open": 27.784,
        "price_high": 29.366,
        "price_low": 27.0023,
        "price_close": 28.952,
        "volume_traded": 1430878.10498039,
        "trades_count": 28670
    },
    {
        "time_period_start": "2021-09-09T08:00:00.0000000Z",
        "time_period_end": "2021-09-09T16:00:00.0000000Z",
        "time_open": "2021-09-09T08:00:04.1448290Z",
        "time_close": "2021-09-09T15:59:51.4381480Z",
        "price_open": 28.956,
        "price_high": 30.373,
        "price_low": 27.693,
        "price_close": 30.255,
        "volume_traded": 2265357.47484891,
        "trades_count": 35730
    },
    {
        "time_period_start": "2021-09-09T16:00:00.0000000Z",
        "time_period_end": "2021-09-10T00:00:00.0000000Z",
        "time_open": "2021-09-09T16:00:00.9422090Z",
        "time_close": "2021-09-09T23:59:58.8386390Z",
        "price_open": 30.286,
        "price_high": 31.88,
        "price_low": 29.425,
        "price_close": 29.842,
        "volume_traded": 2612326.55136791,
        "trades_count": 44280
    },
    {
        "time_period_start": "2021-09-10T00:00:00.0000000Z",
        "time_period_end": "2021-09-10T08:00:00.0000000Z",
        "time_open": "2021-09-10T00:00:00.1705690Z",
        "time_close": "2021-09-10T07:59:59.8670000Z",
        "price_open": 29.817,
        "price_high": 32.695,
        "price_low": 29.763,
        "price_close": 30.7817,
        "volume_traded": 1971826.20884589,
        "trades_count": 39004
    },
    {
        "time_period_start": "2021-09-10T08:00:00.0000000Z",
        "time_period_end": "2021-09-10T16:00:00.0000000Z",
        "time_open": "2021-09-10T08:00:00.0730000Z",
        "time_close": "2021-09-10T15:59:59.3385990Z",
        "price_open": 30.8204,
        "price_high": 32.167,
        "price_low": 27.8959,
        "price_close": 29.519,
        "volume_traded": 2059118.39288464,
        "trades_count": 43452
    },
    {
        "time_period_start": "2021-09-10T16:00:00.0000000Z",
        "time_period_end": "2021-09-11T00:00:00.0000000Z",
        "time_open": "2021-09-10T16:00:00.6635070Z",
        "time_close": "2021-09-10T23:59:57.6000000Z",
        "price_open": 29.538,
        "price_high": 30.017,
        "price_low": 28.0,
        "price_close": 29.175,
        "volume_traded": 1399790.89231441,
        "trades_count": 24363
    },
    {
        "time_period_start": "2021-09-11T00:00:00.0000000Z",
        "time_period_end": "2021-09-11T08:00:00.0000000Z",
        "time_open": "2021-09-11T00:00:02.2509520Z",
        "time_close": "2021-09-11T07:59:58.9122740Z",
        "price_open": 29.178,
        "price_high": 29.803,
        "price_low": 28.274,
        "price_close": 28.871,
        "volume_traded": 1103873.06178771,
        "trades_count": 20443
    },
    {
        "time_period_start": "2021-09-11T08:00:00.0000000Z",
        "time_period_end": "2021-09-11T16:00:00.0000000Z",
        "time_open": "2021-09-11T08:00:00.5679210Z",
        "time_close": "2021-09-11T15:59:59.4633400Z",
        "price_open": 28.901,
        "price_high": 30.971,
        "price_low": 28.476,
        "price_close": 30.547,
        "volume_traded": 1097653.30107739,
        "trades_count": 23184
    },
    {
        "time_period_start": "2021-09-11T16:00:00.0000000Z",
        "time_period_end": "2021-09-12T00:00:00.0000000Z",
        "time_open": "2021-09-11T16:00:04.2074040Z",
        "time_close": "2021-09-11T23:59:56.1108960Z",
        "price_open": 30.559,
        "price_high": 32.097,
        "price_low": 30.034,
        "price_close": 31.57,
        "volume_traded": 1503879.94703279,
        "trades_count": 28634
    },
    {
        "time_period_start": "2021-09-12T00:00:00.0000000Z",
        "time_period_end": "2021-09-12T08:00:00.0000000Z",
        "time_open": "2021-09-12T00:00:03.8628070Z",
        "time_close": "2021-09-12T07:59:53.2932190Z",
        "price_open": 31.57,
        "price_high": 32.793,
        "price_low": 30.631,
        "price_close": 31.5,
        "volume_traded": 1087430.79188402,
        "trades_count": 27134
    },
    {
        "time_period_start": "2021-09-12T08:00:00.0000000Z",
        "time_period_end": "2021-09-12T16:00:00.0000000Z",
        "time_open": "2021-09-12T08:00:00.6908020Z",
        "time_close": "2021-09-12T15:59:59.4322890Z",
        "price_open": 31.483,
        "price_high": 35.0,
        "price_low": 31.199,
        "price_close": 34.426,
        "volume_traded": 1996470.25405026,
        "trades_count": 46534
    },
    {
        "time_period_start": "2021-09-12T16:00:00.0000000Z",
        "time_period_end": "2021-09-13T00:00:00.0000000Z",
        "time_open": "2021-09-12T16:00:00.6690000Z",
        "time_close": "2021-09-12T23:59:58.2253870Z",
        "price_open": 34.3865,
        "price_high": 36.515,
        "price_low": 32.75,
        "price_close": 35.825,
        "volume_traded": 3572762.25539777,
        "trades_count": 75102
    },
    {
        "time_period_start": "2021-09-13T00:00:00.0000000Z",
        "time_period_end": "2021-09-13T08:00:00.0000000Z",
        "time_open": "2021-09-13T00:00:06.2334190Z",
        "time_close": "2021-09-13T07:59:59.6716540Z",
        "price_open": 35.823,
        "price_high": 38.159,
        "price_low": 33.033,
        "price_close": 33.825,
        "volume_traded": 4762964.37193632,
        "trades_count": 100003
    },
    {
        "time_period_start": "2021-09-13T08:00:00.0000000Z",
        "time_period_end": "2021-09-13T16:00:00.0000000Z",
        "time_open": "2021-09-13T08:00:01.2450000Z",
        "time_close": "2021-09-13T15:59:59.9078170Z",
        "price_open": 33.8463,
        "price_high": 36.4204,
        "price_low": 31.452,
        "price_close": 36.08,
        "volume_traded": 3511751.90995381,
        "trades_count": 77614
    },
    {
        "time_period_start": "2021-09-13T16:00:00.0000000Z",
        "time_period_end": "2021-09-14T00:00:00.0000000Z",
        "time_open": "2021-09-13T16:00:00.2260190Z",
        "time_close": "2021-09-13T23:59:59.5727800Z",
        "price_open": 36.08,
        "price_high": 37.1,
        "price_low": 34.211,
        "price_close": 34.859,
        "volume_traded": 2594894.56890877,
        "trades_count": 55161
    },
    {
        "time_period_start": "2021-09-14T00:00:00.0000000Z",
        "time_period_end": "2021-09-14T08:00:00.0000000Z",
        "time_open": "2021-09-14T00:00:00.2057830Z",
        "time_close": "2021-09-14T07:59:58.0046280Z",
        "price_open": 34.86,
        "price_high": 36.9,
        "price_low": 34.05,
        "price_close": 36.336,
        "volume_traded": 1609316.67416847,
        "trades_count": 36602
    },
    {
        "time_period_start": "2021-09-14T08:00:00.0000000Z",
        "time_period_end": "2021-09-14T16:00:00.0000000Z",
        "time_open": "2021-09-14T08:00:01.9353350Z",
        "time_close": "2021-09-14T15:59:59.6097050Z",
        "price_open": 36.344,
        "price_high": 38.791,
        "price_low": 35.793,
        "price_close": 37.431,
        "volume_traded": 3365904.94453746,
        "trades_count": 70184
    },
    {
        "time_period_start": "2021-09-14T16:00:00.0000000Z",
        "time_period_end": "2021-09-15T00:00:00.0000000Z",
        "time_open": "2021-09-14T16:00:00.3844560Z",
        "time_close": "2021-09-14T23:59:59.9415530Z",
        "price_open": 37.431,
        "price_high": 38.284,
        "price_low": 36.3814,
        "price_close": 37.38,
        "volume_traded": 1686806.93200575,
        "trades_count": 38605
    },
    {
        "time_period_start": "2021-09-15T00:00:00.0000000Z",
        "time_period_end": "2021-09-15T08:00:00.0000000Z",
        "time_open": "2021-09-15T00:00:00.7616420Z",
        "time_close": "2021-09-15T07:59:58.6219330Z",
        "price_open": 37.382,
        "price_high": 38.0476,
        "price_low": 36.125,
        "price_close": 36.931,
        "volume_traded": 1049518.80765599,
        "trades_count": 26795
    },
    {
        "time_period_start": "2021-09-15T08:00:00.0000000Z",
        "time_period_end": "2021-09-15T16:00:00.0000000Z",
        "time_open": "2021-09-15T08:00:00.1131690Z",
        "time_close": "2021-09-15T15:59:59.7110000Z",
        "price_open": 36.9,
        "price_high": 37.147,
        "price_low": 35.553,
        "price_close": 36.7292,
        "volume_traded": 1118154.07724256,
        "trades_count": 25084
    },
    {
        "time_period_start": "2021-09-15T16:00:00.0000000Z",
        "time_period_end": "2021-09-16T00:00:00.0000000Z",
        "time_open": "2021-09-15T16:00:03.5859050Z",
        "time_close": "2021-09-15T23:59:57.3556550Z",
        "price_open": 36.743,
        "price_high": 37.334,
        "price_low": 36.069,
        "price_close": 36.456,
        "volume_traded": 1037062.29916654,
        "trades_count": 27253
    },
    {
        "time_period_start": "2021-09-16T00:00:00.0000000Z",
        "time_period_end": "2021-09-16T08:00:00.0000000Z",
        "time_open": "2021-09-16T00:00:00.9740250Z",
        "time_close": "2021-09-16T07:59:56.3038820Z",
        "price_open": 36.468,
        "price_high": 36.97,
        "price_low": 35.11,
        "price_close": 35.895,
        "volume_traded": 899738.57146997,
        "trades_count": 25234
    },
    {
        "time_period_start": "2021-09-16T08:00:00.0000000Z",
        "time_period_end": "2021-09-16T16:00:00.0000000Z",
        "time_open": "2021-09-16T08:00:01.8578840Z",
        "time_close": "2021-09-16T15:59:57.9501320Z",
        "price_open": 35.888,
        "price_high": 36.027,
        "price_low": 34.167,
        "price_close": 34.942,
        "volume_traded": 1160910.90698627,
        "trades_count": 26296
    },
    {
        "time_period_start": "2021-09-16T16:00:00.0000000Z",
        "time_period_end": "2021-09-17T00:00:00.0000000Z",
        "time_open": "2021-09-16T16:00:02.5895830Z",
        "time_close": "2021-09-16T23:59:54.6336860Z",
        "price_open": 34.939,
        "price_high": 35.669,
        "price_low": 34.053,
        "price_close": 35.531,
        "volume_traded": 1131303.02592178,
        "trades_count": 28853
    },
    {
        "time_period_start": "2021-09-17T00:00:00.0000000Z",
        "time_period_end": "2021-09-17T08:00:00.0000000Z",
        "time_open": "2021-09-17T00:00:02.6017180Z",
        "time_close": "2021-09-17T07:35:35.4944220Z",
        "price_open": 35.519,
        "price_high": 36.97,
        "price_low": 35.089,
        "price_close": 36.102,
        "volume_traded": 985622.0175961,
        "trades_count": 24486
    }
]