[
    {
        "time_period_start": "2021-08-15T00:00:00.0000000Z",
        "time_period_end": "2021-08-15T08:00:00.0000000Z",
        "time_open": "2021-08-15T00:00:00.4171220Z",
        "time_close": "2021-08-15T07:59:59.3211310Z",
        "price_open": 2.1906,
        "price_high": 2.25,
        "price_low": 2.0327,
        "price_close": 2.0758,
        "volume_traded": 53720219.07464095,
        "trades_count": 81297
    },
    {
        "time_period_start": "2021-08-15T08:00:00.0000000Z",
        "time_period_end": "2021-08-15T16:00:00.0000000Z",
        "time_open": "2021-08-15T08:00:00.2377770Z",
        "time_close": "2021-08-15T15:59:59.9527850Z",
        "price_open": 2.0762,
        "price_high": 2.1498,
        "price_low": 2.0582,
        "price_close": 2.1163,
        "volume_traded": 40517963.87721569,
        "trades_count": 62337
    },
    {
        "time_period_start": "2021-08-15T16:00:00.0000000Z",
        "time_period_end": "2021-08-16T00:00:00.0000000Z",
        "time_open": "2021-08-15T16:00:00.1588120Z",
        "time_close": "2021-08-15T23:59:59.3780160Z",
        "price_open": 2.1162,
        "price_high": 2.201115,
        "price_low": 2.08,
        "price_close": 2.1686,
        "volume_traded": 43762624.25810989,
        "trades_count": 77422
    },
    {
        "time_period_start": "2021-08-16T00:00:00.0000000Z",
        "time_period_end": "2021-08-16T08:00:00.0000000Z",
        "time_open": "2021-08-16T00:00:00.7585170Z",
        "time_close": "2021-08-16T07:59:58.2135380Z",
        "price_open": 2.1684,
        "price_high": 2.1968,
        "price_low": 2.1126,
        "price_close": 2.1894,
        "volume_traded": 34062663.20671149,
        "trades_count": 61671
    },
    {
        "time_period_start": "2021-08-16T08:00:00.0000000Z",
        "time_period_end": "2021-08-16T16:00:00.0000000Z",
        "time_open": "2021-08-16T08:00:00.0617910Z",
        "time_close": "2021-08-16T15:59:59.9548990Z",
        "price_open": 2.1896,
        "price_high": 2.1906,
        "price_low": 2.0832,
        "price_close": 2.1196,
        "volume_traded": 32798326.20549652,
        "trades_count": 53144
    },
    {
        "time_period_start": "2021-08-16T16:00:00.0000000Z",
        "time_period_end": "2021-08-17T00:00:00.0000000Z",
        "time_open": "2021-08-16T16:00:00.0413250Z",
        "time_close": "2021-08-16T23:59:59.0053680Z",
        "price_open": 2.1199,
        "price_high": 2.1469,
        "price_low": 2.0475,
        "price_close": 2.0725,
        "volume_traded": 41550173.27463742,
        "trades_count": 67452
    },
    {
        "time_period_start": "2021-08-17T00:00:00.0000000Z",
        "time_period_end": "2021-08-17T08:00:00.0000000Z",
        "time_open": "2021-08-17T00:00:00.0935860Z",
        "time_close": "2021-08-17T07:59:59.9680380Z",
        "price_open": 2.0717,
        "price_high": 2.142081,
        "price_low": 2.030248,
        "price_close": 2.0766,
        "volume_traded": 50195475.92873001,
        "trades_count": 68273
    },
    {
        "time_period_start": "2021-08-17T08:00:00.0000000Z",
        "time_period_end": "2021-08-17T16:00:00.0000000Z",
        "time_open": "2021-08-17T08:00:02.2481570Z",
        "time_close": "2021-08-17T15:59:59.6728260Z",
        "price_open": 2.076,
        "price_high": 2.1133,
        "price_low": 2.05,
        "price_close": 2.0542,
        "volume_traded": 29328046.50478095,
        "trades_count": 46729
    },
    {
        "time_period_start": "2021-08-17T16:00:00.0000000Z",
        "time_period_end": "2021-08-18T00:00:00.0000000Z",
        "time_open": "2021-08-17T16:00:00.2759940Z",
        "time_close": "2021-08-17T23:59:59.7621420Z",
        "price_open": 2.0541,
        "price_high": 2.0772,
        "price_low": 1.9062,
        "price_close": 1.9223,
        "volume_traded": 91617281.77093127,
        "trades_count": 112779
    },
    {
        "time_period_start": "2021-08-18T00:00:00.0000000Z",
        "time_period_end": "2021-08-18T08:00:00.0000000Z",
        "time_open": "2021-08-18T00:00:01.0791990Z",
        "time_close": "2021-08-18T07:59:57.9013820Z",
        "price_open": 1.9233,
        "price_high": 2.053,
        "price_low": 1.872856,
        "price_close": 1.991,
        "volume_traded": 53800091.0104895,
        "trades_count": 74073
    },
    {
        "time_period_start": "2021-08-18T08:00:00.0000000Z",
        "time_period_end": "2021-08-18T16:00:00.0000000Z",
        "time_open": "2021-08-18T08:00:00.1743430Z",
        "time_close": "2021-08-18T15:59:59.3374220Z",
        "price_open": 1.9881,
        "price_high": 2.0597,
        "price_low": 1.9462,
        "price_close": 2.0596,
        "volume_traded": 33435985.03196756,
        "trades_count": 51406
    },
    {
        "time_period_start": "2021-08-18T16:00:00.0000000Z",
        "time_period_end": "2021-08-19T00:00:00.0000000Z",
        "time_open": "2021-08-18T16:00:00.3037130Z",
        "time_close": "2021-08-18T23:59:59.5277460Z",
        "price_open": 2.0595,
        "price_high": 2.166614,
        "price_low": 2.0335,
        "price_close": 2.1046,
        "volume_traded": 90619176.33215731,
        "trades_count": 108946
    },
    {
        "time_period_start": "2021-08-19T00:00:00.0000000Z",
        "time_period_end": "2021-08-19T08:00:00.0000000Z",
        "time_open": "2021-08-19T00:00:00.4360090Z",
        "time_close": "2021-08-19T07:59:59.8960840Z",
        "price_open": 2.1047,
        "price_high": 2.1848,
        "price_low": 2.061645,
        "price_close": 2.1091,
        "volume_traded": 50204749.65849507,
        "trades_count": 67175
    },
    {
        "time_period_start": "2021-08-19T08:00:00.0000000Z",
        "time_period_end": "2021-08-19T16:00:00.0000000Z",
        "time_open": "2021-08-19T08:00:00.5659850Z",
        "time_close": "2021-08-19T15:59:59.3004840Z",
        "price_open": 2.1091,
        "price_high": 2.1383,
        "price_low": 2.046966,
        "price_close": 2.1276,
        "volume_traded": 34065354.32861982,
        "trades_count": 47690
    },
    {
        "time_period_start": "2021-08-19T16:00:00.0000000Z",
        "time_period_end": "2021-08-20T00:00:00.0000000Z",
        "time_open": "2021-08-19T16:00:00.5494140Z",
        "time_close": "2021-08-19T23:59:59.5634800Z",
        "price_open": 2.1276,
        "price_high": 2.45,
        "price_low": 2.1132,
        "price_close": 2.4411,
        "volume_traded": 203381483.62706223,
        "trades_count": 212614
    },
    {
        "time_period_start": "2021-08-20T00:00:00.0000000Z",
        "time_period_end": "2021-08-20T08:00:00.0000000Z",
        "time_open": "2021-08-20T00:00:00.3950000Z",
        "time_close": "2021-08-20T07:59:59.9372520Z",
        "price_open": 2.439999,
        "price_high": 2.549518,
        "price_low": 2.3713,
        "price_close": 2.463,
        "volume_traded": 114814811.60001774,
        "trades_count": 146228
    },
    {
        "time_period_start": "2021-08-20T08:00:00.0000000Z",
        "time_period_end": "2021-08-20T16:00:00.0000000Z",
        "time_open": "2021-08-20T08:00:00.1776920Z",
        "time_close": "2021-08-20T15:59:59.9958450Z",
        "price_open": 2.4632,
        "price_high": 2.5832,
        "price_low": 2.445629,
        "price_close": 2.5513,
        "volume_traded": 71033545.8559569,
        "trades_count": 122963
    },
    {
        "time_period_start": "2021-08-20T16:00:00.0000000Z",
        "time_period_end": "2021-08-21T00:00:00.0000000Z",
        "time_open": "2021-08-20T16:00:00.1358620Z",
        "time_close": "2021-08-20T23:59:59.8100510Z",
        "price_open": 2.5513,
        "price_high": 2.559,
        "price_low": 2.4,
        "price_close": 2.4567,
        "volume_traded": 77469146.13002598,
        "trades_count": 120240
    },
    {
        "time_period_start": "2021-08-21T00:00:00.0000000Z",
        "time_period_end": "2021-08-21T08:00:00.0000000Z",
        "time_open": "2021-08-21T00:00:00.2636840Z",
        "time_close": "2021-08-21T07:59:57.6308190Z",
        "price_open": 2.457,
        "price_high": 2.5295,
        "price_low": 2.4068,
        "price_close": 2.5054,
        "volume_traded": 34123527.36126786,
        "trades_count": 64480
    },
    {
        "time_period_start": "2021-08-21T08:00:00.0000000Z",
        "time_period_end": "2021-08-21T16:00:00.0000000Z",
        "time_open": "2021-08-21T08:00:00.4040000Z",
        "time_close": "2021-08-21T15:59:58.6779180Z",
        "price_open": 2.50519,
        "price_high": 2.5063,
        "price_low": 2.410695,
        "price_close": 2.4492,
        "volume_traded": 28081781.82395274,
        "trades_count": 56627
    },
    {
        "time_period_start": "2021-08-21T16:00:00.0000000Z",
        "time_period_end": "2021-08-22T00:00:00.0000000Z",
        "time_open": "2021-08-21T16:00:00.0518740Z",
        "time_close": "2021-08-21T23:59:59.5200000Z",
        "price_open": 2.4492,
        "price_high": 2.4843,
        "price_low": 2.3828,
        "price_close": 2.438343,
        "volume_traded": 37442251.188893,
        "trades_count": 70946
    },
    {
        "time_period_start": "2021-08-22T00:00:00.0000000Z",
        "time_period_end": "2021-08-22T08:00:00.0000000Z",
        "time_open": "2021-08-22T00:00:01.9029200Z",
        "time_close": "2021-08-22T07:59:59.5915550Z",
        "price_open": 2.4366,
        "price_high": 2.6349,
        "price_low": 2.4333,
        "price_close": 2.6215,
        "volume_traded": 58191964.89365315,
        "trades_count": 80724
    },
    {
        "time_period_start": "2021-08-22T08:00:00.0000000Z",
        "time_period_end": "2021-08-22T16:00:00.0000000Z",
        "time_open": "2021-08-22T08:00:01.2921020Z",
        "time_close": "2021-08-22T15:59:59.7301240Z",
        "price_open": 2.6212,
        "price_high": 2.6548,
        "price_low": 2.521281,
        "price_close": 2.5716,
        "volume_traded": 47748771.62879006,
        "trades_count": 76323
    },
    {
        "time_period_start": "2021-08-22T16:00:00.0000000Z",
        "time_period_end": "2021-08-23T00:00:00.0000000Z",
        "time_open": "2021-08-22T16:00:00.2370280Z",
        "time_close": "2021-08-22T23:59:59.9740780Z",
        "price_open": 2.5715,
        "price_high": 2.7238,
        "price_low": 2.5352,
        "price_close": 2.711,
        "volume_traded": 54321296.23303707,
        "trades_count": 99121
    },
    {
        "time_period_start": "2021-08-23T00:00:00.0000000Z",
        "time_period_end": "2021-08-23T08:00:00.0000000Z",
        "time_open": "2021-08-23T00:00:00.0647770Z",
        "time_close": "2021-08-23T07:59:58.8170000Z",
        "price_open": 2.71,
        "price_high": 2.8685,
        "price_low": 2.688312,
        "price_close": 2.86,
        "volume_traded": 95997594.49496509,
        "trades_count": 178728
    },
    {
        "time_period_start": "2021-08-23T08:00:00.0000000Z",
        "time_period_end": "2021-08-23T16:00:00.0000000Z",
        "time_open": "2021-08-23T08:00:00.8718080Z",
        "time_close": "2021-08-23T15:59:59.4016230Z",
        "price_open": 2.8632,
        "price_high": 2.94,
        "price_low": 2.8037,
        "price_close": 2.8931,
        "volume_traded": 65858532.1395203,
        "trades_count": 134824
    },
    {
        "time_period_start": "2021-08-23T16:00:00.0000000Z",
        "time_period_end": "2021-08-24T00:00:00.0000000Z",
        "time_open": "2021-08-23T16:00:00.2330430Z",
        "time_close": "2021-08-23T23:59:59.4603670Z",
        "price_open": 2.894,
        "price_high": 2.97,
        "price_low": 2.8527,
        "price_close": 2.9179,
        "volume_traded": 86141358.73645139,
        "trades_count": 171721
    },
    {
        "time_period_start": "2021-08-24T00:00:00.0000000Z",
        "time_period_end": "2021-08-24T08:00:00.0000000Z",
        "time_open": "2021-08-24T00:00:00.3370000Z",
        "time_close": "2021-08-24T07:59:58.5557510Z",
        "price_open": 2.916675,
        "price_high": 2.9496,
        "price_low": 2.8261,
        "price_close": 2.9113,
        "volume_traded": 51772608.01117801,
        "trades_count": 100834
    },
    {
        "time_period_start": "2021-08-24T08:00:00.0000000Z",
        "time_period_end": "2021-08-24T16:00:00.0000000Z",
        "time_open": "2021-08-24T08:00:00.0835000Z",
        "time_close": "2021-08-24T15:59:59.9925290Z",
        "price_open": 2.9112,
        "price_high": 2.9238,
        "price_low": 2.661,
        "price_close": 2.6862,
        "volume_traded": 90236403.0430278,
        "trades_count": 137940
    },
    {
        "time_period_start": "2021-08-24T16:00:00.0000000Z",
        "time_period_end": "2021-08-25T00:00:00.0000000Z",
        "time_open": "2021-08-24T16:00:00.0724160Z",
        "time_close": "2021-08-24T23:59:59.8899430Z",
        "price_open": 2.687,
        "price_high": 2.8526,
        "price_low": 2.588858,
        "price_close": 2.7209,
        "volume_traded": 120455467.83961403,
        "trades_count": 184333
    },
    {
        "time_period_start": "2021-08-25T00:00:00.0000000Z",
        "time_period_end": "2021-08-25T08:00:00.0000000Z",
        "time_open": "2021-08-25T00:00:00.1744970Z",
        "time_close": "2021-08-25T07:59:59.5505110Z",
        "price_open": 2.7209,
        "price_high": 2.7938,
        "price_low": 2.7081,
        "price_close": 2.7516,
        "volume_traded": 36461415.9157685,
        "trades_count": 72506
    },
    {
        "time_period_start": "2021-08-25T08:00:00.0000000Z",
        "time_period_end": "2021-08-25T16:00:00.0000000Z",
        "time_open": "2021-08-25T08:00:01.4790300Z",
        "time_close": "2021-08-25T15:59:59.4400030Z",
        "price_open": 2.7516,
        "price_high": 2.7785,
        "price_low": 2.604,
        "price_close": 2.7704,
        "volume_traded": 65094336.67945213,
        "trades_count": 109308
    },
    {
        "time_period_start": "2021-08-25T16:00:00.0000000Z",
        "time_period_end": "2021-08-26T00:00:00.0000000Z",
        "time_open": "2021-08-25T16:00:01.2088710Z",
        "time_close": "2021-08-25T23:59:59.7956170Z",
        "price_open": 2.7709,
        "price_high": 2.8,
        "price_low": 2.7,
        "price_close": 2.7402,
        "volume_traded": 45877430.90156011,
        "trades_count": 91224
    },
    {
        "time_period_start": "2021-08-26T00:00:00.0000000Z",
        "time_period_end": "2021-08-26T08:00:00.0000000Z",
        "time_open": "2021-08-26T00:00:00.7337780Z",
        "time_close": "2021-08-26T07:59:59.6699690Z",
        "price_open": 2.7406,
        "price_high": 2.785,
        "price_low": 2.525935,
        "price_close": 2.5871,
        "volume_traded": 67340522.13162573,
        "trades_count": 105734
    },
    {
        "time_period_start": "2021-08-26T08:00:00.0000000Z",
        "time_period_end": "2021-08-26T16:00:00.0000000Z",
        "time_open": "2021-08-26T08:00:00.1220600Z",
        "time_close": "2021-08-26T15:59:59.9335540Z",
        "price_open": 2.5871,
        "price_high": 2.6421,
        "price_low": 2.525,
        "price_close": 2.5543,
        "volume_traded": 53959797.26867531,
        "trades_count": 89704
    },
    {
        "time_period_start": "2021-08-26T16:00:00.0000000Z",
        "time_period_end": "2021-08-27T00:00:00.0000000Z",
        "time_open": "2021-08-26T16:00:00.0906150Z",
        "time_close": "2021-08-26T23:59:59.6533260Z",
        "price_open": 2.5548,
        "price_high": 2.6349,
        "price_low": 2.46916,
        "price_close": 2.5301,
        "volume_traded": 71206327.35615104,
        "trades_count": 119217
    },
    {
        "time_period_start": "2021-08-27T00:00:00.0000000Z",
        "time_period_end": "2021-08-27T08:00:00.0000000Z",
        "time_open": "2021-08-27T00:00:01.0597760Z",
        "time_close": "2021-08-27T07:59:59.9294030Z",
        "price_open": 2.5313,
        "price_high": 2.6327,
        "price_low": 2.496609,
        "price_close": 2.625,
        "volume_traded": 49178580.53174149,
        "trades_count": 89639
    },
    {
        "time_period_start": "2021-08-27T08:00:00.0000000Z",
        "time_period_end": "2021-08-27T16:00:00.0000000Z",
        "time_open": "2021-08-27T08:00:00.1571680Z",
        "time_close": "2021-08-27T15:59:59.7301120Z",
        "price_open": 2.6248,
        "price_high": 2.8975,
        "price_low": 2.579775,
        "price_close": 2.8479,
        "volume_traded": 87086383.9068489,
        "trades_count": 137233
    },
    {
        "time_period_start": "2021-08-27T16:00:00.0000000Z",
        "time_period_end": "2021-08-28T00:00:00.0000000Z",
        "time_open": "2021-08-27T16:00:00.5672210Z",
        "time_close": "2021-08-27T23:59:59.9005650Z",
        "price_open": 2.8469,
        "price_high": 2.9485,
        "price_low": 2.8106,
        "price_close": 2.9477,
        "volume_traded": 67088699.99225851,
        "trades_count": 127645
    },
    {
        "time_period_start": "2021-08-28T00:00:00.0000000Z",
        "time_period_end": "2021-08-28T08:00:00.0000000Z",
        "time_open": "2021-08-28T00:00:00.0815700Z",
        "time_close": "2021-08-28T07:59:59.6125140Z",
        "price_open": 2.9485,
        "price_high": 2.95,
        "price_low": 2.8138,
        "price_close": 2.8281,
        "volume_traded": 38306843.516118,
        "trades_count": 82952
    },
    {
        "time_period_start": "2021-08-28T08:00:00.0000000Z",
        "time_period_end": "2021-08-28T16:00:00.0000000Z",
        "time_open": "2021-08-28T08:00:03.9614200Z",
        "time_close": "2021-08-28T15:59:59.9622000Z",
        "price_open": 2.8283,
        "price_high": 2.8741,
        "price_low": 2.7757,
        "price_close": 2.8354,
        "volume_traded": 32761031.15792218,
        "trades_count": 69846
    },
    {
        "time_period_start": "2021-08-28T16:00:00.0000000Z",
        "time_period_end": "2021-08-29T00:00:00.0000000Z",
        "time_open": "2021-08-28T16:00:00.1064180Z",
        "time_close": "2021-08-28T23:59:59.0235570Z",
        "price_open": 2.8354,
        "price_high": 2.88,
        "price_low": 2.804506,
        "price_close": 2.8494,
        "volume_traded": 35476744.75482865,
        "trades_count": 78615
    },
    {
        "time_period_start": "2021-08-29T00:00:00.0000000Z",
        "time_period_end": "2021-08-29T08:00:00.0000000Z",
        "time_open": "2021-08-29T00:00:00.8598180Z",
        "time_close": "2021-08-29T07:59:59.0190200Z",
        "price_open": 2.8494,
        "price_high": 2.868,
        "price_low": 2.72315,
        "price_close": 2.8273,
        "volume_traded": 41731243.66901131,
        "trades_count": 83228
    },
    {
        "time_period_start": "2021-08-29T08:00:00.0000000Z",
        "time_period_end": "2021-08-29T16:00:00.0000000Z",
        "time_open": "2021-08-29T08:00:03.9086850Z",
        "time_close": "2021-08-29T15:59:59.5043640Z",
        "price_open": 2.8261,
        "price_high": 2.9371,
        "price_low": 2.7954,
        "price_close": 2.8664,
        "volume_traded": 44562082.71123034,
        "trades_count": 77720
    },
    {
        "time_period_start": "2021-08-29T16:00:00.0000000Z",
        "time_period_end": "2021-08-30T00:00:00.0000000Z",
        "time_open": "2021-08-29T16:00:00.4610000Z",
        "time_close": "2021-08-29T23:59:59.9160000Z",
        "price_open": 2.86565,
        "price_high": 2.903,
        "price_low": 2.8437,
        "price_close": 2.853309,
        "volume_traded": 28724712.66428861,
        "trades_count": 74305
    },
    {
        "time_period_start": "2021-08-30T00:00:00.0000000Z",
        "time_period_end": "2021-08-30T08:00:00.0000000Z",
        "time_open": "2021-08-30T00:00:00.4320000Z",
        "time_close": "2021-08-30T07:59:58.0463920Z",
        "price_open": 2.853464,
        "price_high": 2.8867,
        "price_low": 2.7883,
        "price_close": 2.8322,
        "volume_traded": 37062352.95361819,
        "trades_count": 72140
    },
    {
        "time_period_start": "2021-08-30T08:00:00.0000000Z",
        "time_period_end": "2021-08-30T16:00:00.0000000Z",
        "time_open": "2021-08-30T08:00:01.4027400Z",
        "time_close": "2021-08-30T15:59:59.7698930Z",
        "price_open": 2.8316,
        "price_high": 2.8445,
        "price_low": 2.72,
        "price_close": 2.8237,
        "volume_traded": 34302847.54337244,
        "trades_count": 67272
    },
    {
        "time_period_start": "2021-08-30T16:00:00.0000000Z",
        "time_period_end": "2021-08-31T00:00:00.0000000Z",
        "time_open": "2021-08-30T16:00:00.1179810Z",
        "time_close": "2021-08-30T23:59:59.9826740Z",
        "price_open": 2.8235,
        "price_high": 2.8477,
        "price_low": 2.723063,
        "price_close": 2.7368,
        "volume_traded": 52409359.74393281,
        "trades_count": 99365
    },
    {
        "time_period_start": "2021-08-31T00:00:00.0000000Z",
        "time_period_end": "2021-08-31T08:00:00.0000000Z",
        "time_open": "2021-08-31T00:00:00.4969520Z",
        "time_close": "2021-08-31T07:59:59.0541280Z",
        "price_open": 2.7367,
        "price_high": 2.828631,
        "price_low": 2.7021,
        "price_close": 2.8174,
        "volume_traded": 40772697.69130453,
        "trades_count": 77408
    },
    {
        "time_period_start": "2021-08-31T08:00:00.0000000Z",
        "time_period_end": "2021-08-31T16:00:00.0000000Z",
        "time_open": "2021-08-31T08:00:00.7627080Z",
        "time_close": "2021-08-31T15:59:59.0836720Z",
        "price_open": 2.8169,
        "price_high": 2.88,
        "price_low": 2.7522,
        "price_close": 2.7826,
        "volume_traded": 47859545.62210921,
        "trades_count": 86678
    },
    {
        "time_period_start": "2021-08-31T16:00:00.0000000Z",
        "time_period_end": "2021-09-01T00:00:00.0000000Z",
        "time_open": "2021-08-31T16:00:00.3106550Z",
        "time_close": "2021-08-31T23:59:59.9725200Z",
        "price_open": 2.7827,
        "price_high": 2.7957,
        "price_low": 2.731268,
        "price_close": 2.7698,
        "volume_traded": 34984671.42448914,
        "trades_count": 77081
    },
    {
        "time_period_start": "2021-09-01T00:00:00.0000000Z",
        "time_period_end": "2021-09-01T08:00:00.0000000Z",
        "time_open": "2021-09-01T00:00:00.0553900Z",
        "time_close": "2021-09-01T07:59:59.8844880Z",
        "price_open": 2.7697,
        "price_high": 2.8036,
        "price_low": 2.724,
        "price_close": 2.7801,
        "volume_traded": 23973262.15848731,
        "trades_count": 56493
    },
    {
        "time_period_start": "2021-09-01T08:00:00.0000000Z",
        "time_period_end": "2021-09-01T16:00:00.0000000Z",
        "time_open": "2021-09-01T08:00:01.9689590Z",
        "time_close": "2021-09-01T15:59:58.6444400Z",
        "price_open": 2.7801,
        "price_high": 2.8532,
        "price_low": 2.7737,
        "price_close": 2.8333,
        "volume_traded": 30002304.36613188,
        "trades_count": 66096
    },
    {
        "time_period_start": "2021-09-01T16:00:00.0000000Z",
        "time_period_end": "2021-09-02T00:00:00.0000000Z",
        "time_open": "2021-09-01T16:00:00.0892030Z",
        "time_close": "2021-09-01T23:59:59.6877440Z",
        "price_open": 2.8333,
        "price_high": 2.9052,
        "price_low": 2.8215,
        "price_close": 2.8707,
        "volume_traded": 55459476.5719185,
        "trades_count": 113069
    },
    {
        "time_period_start": "2021-09-02T00:00:00.0000000Z",
        "time_period_end": "2021-09-02T08:00:00.0000000Z",
        "time_open": "2021-09-02T00:00:00.1482090Z",
        "time_close": "2021-09-02T07:59:59.9679090Z",
        "price_open": 2.8706,
        "price_high": 3.0994,
        "price_low": 2.8371,
        "price_close": 3.0161,
        "volume_traded": 104669138.872259,
        "trades_count": 173677
    },
    {
        "time_period_start": "2021-09-02T08:00:00.0000000Z",
        "time_period_end": "2021-09-02T16:00:00.0000000Z",
        "time_open": "2021-09-02T08:00:00.8147760Z",
        "time_close": "2021-09-02T15:59:59.8217400Z",
        "price_open": 3.0161,
        "price_high": 3.063,
        "price_low": 2.9009,
        "price_close": 2.9275,
        "volume_traded": 57076789.7533513,
        "trades_count": 117231
    },
    {
        "time_period_start": "2021-09-02T16:00:00.0000000Z",
        "time_period_end": "2021-09-03T00:00:00.0000000Z",
        "time_open": "2021-09-02T16:00:01.2749760Z",
        "time_close": "2021-09-02T23:59:59.8976690Z",
        "price_open": 2.9273,
        "price_high": 3.0203,
        "price_low": 2.9252,
        "price_close": 2.9635,
        "volume_traded": 48333417.56074784,
        "trades_count": 110427
    },
    {
        "time_period_start": "2021-09-03T00:00:00.0000000Z",
        "time_period_end": "2021-09-03T08:00:00.0000000Z",
        "time_open": "2021-09-03T00:00:00.0328510Z",
        "time_close": "2021-09-03T07:59:59.6536590Z",
        "price_open": 2.9634,
        "price_high": 2.98,
        "price_low": 2.9045,
        "price_close": 2.952,
        "volume_traded": 48246041.11469825,
        "trades_count": 98433
    },
    {
        "time_period_start": "2021-09-03T08:00:00.0000000Z",
        "time_period_end": "2021-09-03T16:00:00.0000000Z",
        "time_open": "2021-09-03T08:00:00.7115120Z",
        "time_close": "2021-09-03T15:59:58.5053540Z",
        "price_open": 2.952,
        "price_high": 3.033869,
        "price_low": 2.9402,
        "price_close": 3.0088,
        "volume_traded": 43535857.78824624,
        "trades_count": 106737
    },
    {
        "time_period_start": "2021-09-03T16:00:00.0000000Z",
        "time_period_end": "2021-09-04T00:00:00.0000000Z",
        "time_open": "2021-09-03T16:00:00.3465080Z",
        "time_close": "2021-09-03T23:59:59.7575740Z",
        "price_open": 3.0089,
        "price_high": 3.0174,
        "price_low": 2.9253,
        "price_close": 2.9677,
        "volume_traded": 36036965.22502458,
        "trades_count": 115042
    },
    {
        "time_period_start": "2021-09-04T00:00:00.0000000Z",
        "time_period_end": "2021-09-04T08:00:00.0000000Z",
        "time_open": "2021-09-04T00:00:00.6636400Z",
        "time_close": "2021-09-04T07:59:59.9776770Z",
        "price_open": 2.968,
        "price_high": 2.968001,
        "price_low": 2.915,
        "price_close": 2.9422,
        "volume_traded": 24504995.8960006,
        "trades_count": 73466
    },
    {
        "time_period_start": "2021-09-04T08:00:00.0000000Z",
        "time_period_end": "2021-09-04T16:00:00.0000000Z",
        "time_open": "2021-09-04T08:00:01.4325580Z",
        "time_close": "2021-09-04T15:59:59.8190880Z",
        "price_open": 2.9422,
        "price_high": 2.9515,
        "price_low": 2.856901,
        "price_close": 2.881,
        "volume_traded": 30683132.85703365,
        "trades_count": 73317
    },
    {
        "time_period_start": "2021-09-04T16:00:00.0000000Z",
        "time_period_end": "2021-09-05T00:00:00.0000000Z",
        "time_open": "2021-09-04T16:00:00.2423510Z",
        "time_close": "2021-09-04T23:59:59.7006050Z",
        "price_open": 2.8809,
        "price_high": 2.8941,
        "price_low": 2.789437,
        "price_close": 2.833,
        "volume_traded": 55587679.69366729,
        "trades_count": 128772
    },
    {
        "time_period_start": "2021-09-05T00:00:00.0000000Z",
        "time_period_end": "2021-09-05T08:00:00.0000000Z",
        "time_open": "2021-09-05T00:00:00.1262320Z",
        "time_close": "2021-09-05T07:59:59.3770150Z",
        "price_open": 2.8334,
        "price_high": 2.9213,
        "price_low": 2.825139,
        "price_close": 2.879,
        "volume_traded": 29562399.12911458,
        "trades_count": 69042
    },
    {
        "time_period_start": "2021-09-05T08:00:00.0000000Z",
        "time_period_end": "2021-09-05T16:00:00.0000000Z",
        "time_open": "2021-09-05T08:00:01.4226030Z",
        "time_close": "2021-09-05T15:59:59.7856120Z",
        "price_open": 2.8786,
        "price_high": 2.9059,
        "price_low": 2.8522,
        "price_close": 2.8614,
        "volume_traded": 22050662.51075731,
        "trades_count": 56129
    },
    {
        "time_period_start": "2021-09-05T16:00:00.0000000Z",
        "time_period_end": "2021-09-06T00:00:00.0000000Z",
        "time_open": "2021-09-05T16:00:00.4629520Z",
        "time_close": "2021-09-05T23:59:58.2399770Z",
        "price_open": 2.8609,
        "price_high": 2.9594,
        "price_low": 2.858326,
        "price_close": 2.9135,
        "volume_traded": 39597626.09404483,
        "trades_count": 90383
    },
    {
        "time_period_start": "2021-09-06T00:00:00.0000000Z",
        "time_period_end": "2021-09-06T08:00:00.0000000Z",
        "time_open": "2021-09-06T00:00:00.3767050Z",
        "time_close": "2021-09-06T07:59:57.3365190Z",
        "price_open": 2.9135,
        "price_high": 2.9303,
        "price_low": 2.8709,
        "price_close": 2.9161,
        "volume_traded": 18751174.60429433,
        "trades_count": 59247
    },
    {
        "time_period_start": "2021-09-06T08:00:00.0000000Z",
        "time_period_end": "2021-09-06T16:00:00.0000000Z",
        "time_open": "2021-09-06T08:00:00.8598300Z",
        "time_close": "2021-09-06T15:59:59.8472980Z",
        "price_open": 2.9158,
        "price_high": 2.917,
        "price_low": 2.8031,
        "price_close": 2.845,
        "volume_traded": 32190844.18244135,
        "trades_count": 74226
    },
    {
        "time_period_start": "2021-09-06T16:00:00.0000000Z",
        "time_period_end": "2021-09-07T00:00:00.0000000Z",
        "time_open": "2021-09-06T16:00:00.0439410Z",
        "time_close": "2021-09-06T23:59:59.9013730Z",
        "price_open": 2.8452,
        "price_high": 2.8594,
        "price_low": 2.81,
        "price_close": 2.8349,
        "volume_traded": 38325182.86879524,
        "trades_count": 97394
    },
    {
        "time_period_start": "2021-09-07T00:00:00.0000000Z",
        "time_period_end": "2021-09-07T08:00:00.0000000Z",
        "time_open": "2021-09-07T00:00:00.4354610Z",
        "time_close": "2021-09-07T07:59:59.3251470Z",
        "price_open": 2.8346,
        "price_high": 2.8769,
        "price_low": 2.5816,
        "price_close": 2.705,
        "volume_traded": 64910589.78013893,
        "trades_count": 132310
    },
    {
        "time_period_start": "2021-09-07T08:00:00.0000000Z",
        "time_period_end": "2021-09-07T16:00:00.0000000Z",
        "time_open": "2021-09-07T08:00:00.0828640Z",
        "time_close": "2021-09-07T15:59:59.9503120Z",
        "price_open": 2.705,
        "price_high": 2.705,
        "price_low": 2.003,
        "price_close": 2.4366,
        "volume_traded": 177555665.22440243,
        "trades_count": 301968
    },
    {
        "time_period_start": "2021-09-07T16:00:00.0000000Z",
        "time_period_end": "2021-09-08T00:00:00.0000000Z",
        "time_open": "2021-09-07T16:00:00.0046980Z",
        "time_close": "2021-09-07T23:59:59.7906370Z",
        "price_open": 2.4366,
        "price_high": 2.58,
        "price_low": 2.255931,
        "price_close": 2.5238,
        "volume_traded": 147881511.43598947,
        "trades_count": 273064
    },
    {
        "time_period_start": "2021-09-08T00:00:00.0000000Z",
        "time_period_end": "2021-09-08T08:00:00.0000000Z",
        "time_open": "2021-09-08T00:00:00.4680000Z",
        "time_close": "2021-09-08T07:59:59.9752300Z",
        "price_open": 2.516003,
        "price_high": 2.58,
        "price_low": 2.25257,
        "price_close": 2.258,
        "volume_traded": 88781587.84230877,
        "trades_count": 145549
    },
    {
        "time_period_start": "2021-09-08T08:00:00.0000000Z",
        "time_period_end": "2021-09-08T16:00:00.0000000Z",
        "time_open": "2021-09-08T08:00:00.2159440Z",
        "time_close": "2021-09-08T15:59:59.1326620Z",
        "price_open": 2.2577,
        "price_high": 2.45,
        "price_low": 2.2,
        "price_close": 2.4085,
        "volume_traded": 91342512.26445638,
        "trades_count": 146710
    },
    {
        "time_period_start": "2021-09-08T16:00:00.0000000Z",
        "time_period_end": "2021-09-09T00:00:00.0000000Z",
        "time_open": "2021-09-08T16:00:00.0533550Z",
        "time_close": "2021-09-08T23:59:59.6658320Z",
        "price_open": 2.4084,
        "price_high": 2.558,
        "price_low": 2.3647,
        "price_close": 2.47,
        "volume_traded": 77498994.63460717,
        "trades_count": 140053
    },
    {
        "time_period_start": "2021-09-09T00:00:00.0000000Z",
        "time_period_end": "2021-09-09T08:00:00.0000000Z",
        "time_open": "2021-09-09T00:00:00.6987450Z",
        "time_close": "2021-09-09T07:59:59.0513400Z",
        "price_open": 2.4708,
        "price_high": 2.564528,
        "price_low": 2.3852,
        "price_close": 2.5458,
        "volume_traded": 75168628.16352245,
        "trades_count": 114301
    },
    {
        "time_period_start": "2021-09-09T08:00:00.0000000Z",
        "time_period_end": "2021-09-09T16:00:00.0000000Z",
        "time_open": "2021-09-09T08:00:01.0465290Z",
        "time_close": "2021-09-09T15:59:59.5243670Z",
        "price_open": 2.5456,
        "price_high": 2.623814,
        "price_low": 2.4819,
        "price_close": 2.5914,
        "volume_traded": 78803449.75627358,
        "trades_count": 114095
    },
    {
        "time_period_start": "2021-09-09T16:00:00.0000000Z",
        "time_period_end": "2021-09-10T00:00:00.0000000Z",
        "time_open": "2021-09-09T16:00:00.2302230Z",
        "time_close": "2021-09-09T23:59:58.9959610Z",
        "price_open": 2.5914,
        "price_high": 2.5958,
        "price_low": 2.486963,
        "price_close": 2.5182,
        "volume_traded": 47328917.86577672,
        "trades_count": 93579
    },
    {
        "time_period_start": "2021-09-10T00:00:00.0000000Z",
        "time_period_end": "2021-09-10T08:00:00.0000000Z",
        "time_open": "2021-09-10T00:00:00.3086620Z",
        "time_close": "2021-09-10T07:59:59.6788580Z",
        "price_open": 2.5182,
        "price_high": 2.5862,
        "price_low": 2.4417,
        "price_close": 2.4742,
        "volume_traded": 34059428.10938056,
        "trades_count": 68237
    },
    {
        "time_period_start": "2021-09-10T08:00:00.0000000Z",
        "time_period_end": "2021-09-10T16:00:00.0000000Z",
        "time_open": "2021-09-10T08:00:00.0130000Z",
        "time_close": "2021-09-10T15:59:59.7532650Z",
        "price_open": 2.471623,
        "price_high": 2.5179,
        "price_low": 2.276,
        "price_close": 2.3912,
        "volume_traded": 86924879.61334108,
        "trades_count": 137084
    },
    {
        "time_period_start": "2021-09-10T16:00:00.0000000Z",
        "time_period_end": "2021-09-11T00:00:00.0000000Z",
        "time_open": "2021-09-10T16:00:00.3744310Z",
        "time_close": "2021-09-10T23:59:59.2945970Z",
        "price_open": 2.3912,
        "price_high": 2.443169,
        "price_low": 2.316002,
        "price_close": 2.3826,
        "volume_traded": 46316914.69892575,
        "trades_count": 101021
    },
    {
        "time_period_start": "2021-09-11T00:00:00.0000000Z",
        "time_period_end": "2021-09-11T08:00:00.0000000Z",
        "time_open": "2021-09-11T00:00:00.0329230Z",
        "time_close": "2021-09-11T07:59:59.8514590Z",
        "price_open": 2.3829,
        "price_high": 2.4424,
        "price_low": 2.3682,
        "price_close": 2.4208,
        "volume_traded": 30863036.77492823,
        "trades_count": 61425
    },
    {
        "time_period_start": "2021-09-11T08:00:00.0000000Z",
        "time_period_end": "2021-09-11T16:00:00.0000000Z",
        "time_open": "2021-09-11T08:00:00.0963420Z",
        "time_close": "2021-09-11T15:59:59.7516530Z",
        "price_open": 2.4208,
        "price_high": 2.8,
        "price_low": 2.3949,
        "price_close": 2.7171,
        "volume_traded": 125687710.03177558,
        "trades_count": 166072
    },
    {
        "time_period_start": "2021-09-11T16:00:00.0000000Z",
        "time_period_end": "2021-09-12T00:00:00.0000000Z",
        "time_open": "2021-09-11T16:00:00.2357680Z",
        "time_close": "2021-09-11T23:59:58.4139070Z",
        "price_open": 2.7165,
        "price_high": 2.756,
        "price_low": 2.54,
        "price_close": 2.6364,
        "volume_traded": 65021862.44644553,
        "trades_count": 114471
    },
    {
        "time_period_start": "2021-09-12T00:00:00.0000000Z",
        "time_period_end": "2021-09-12T08:00:00.0000000Z",
        "time_open": "2021-09-12T00:00:01.3348750Z",
        "time_close": "2021-09-12T07:59:58.6073370Z",
        "price_open": 2.6384,
        "price_high": 2.642,
        "price_low": 2.5033,
        "price_close": 2.59,
        "volume_traded": 39041212.84912577,
        "trades_count": 74332
    },
    {
        "time_period_start": "2021-09-12T08:00:00.0000000Z",
        "time_period_end": "2021-09-12T16:00:00.0000000Z",
        "time_open": "2021-09-12T08:00:00.7054920Z",
        "time_close": "2021-09-12T15:59:59.9103810Z",
        "price_open": 2.5901,
        "price_high": 2.696,
        "price_low": 2.5643,
        "price_close": 2.6588,
        "volume_traded": 40760851.4806116,
        "trades_count": 76527
    },
    {
        "time_period_start": "2021-09-12T16:00:00.0000000Z",
        "time_period_end": "2021-09-13T00:00:00.0000000Z",
        "time_open": "2021-09-12T16:00:00.0390000Z",
        "time_close": "2021-09-12T23:59:58.6213000Z",
        "price_open": 2.660885,
        "price_high": 2.79,
        "price_low": 2.501271,
        "price_close": 2.5806,
        "volume_traded": 106065617.16208756,
        "trades_count": 176224
    },
    {
        "time_period_start": "2021-09-13T00:00:00.0000000Z",
        "time_period_end": "2021-09-13T08:00:00.0000000Z",
        "time_open": "2021-09-13T00:00:00.5079420Z",
        "time_close": "2021-09-13T07:59:59.4952060Z",
        "price_open": 2.5812,
        "price_high": 2.5934,
        "price_low": 2.3,
        "price_close": 2.3598,
        "volume_traded": 83292488.18982385,
        "trades_count": 143947
    },
    {
        "time_period_start": "2021-09-13T08:00:00.0000000Z",
        "time_period_end": "2021-09-13T16:00:00.0000000Z",
        "time_open": "2021-09-13T08:00:00.4051010Z",
        "time_close": "2021-09-13T15:59:59.9907450Z",
        "price_open": 2.3588,
        "price_high": 2.514702,
        "price_low": 2.3111,
        "price_close": 2.4081,
        "volume_traded": 72657549.38550556,
        "trades_count": 141791
    },
    {
        "time_period_start": "2021-09-13T16:00:00.0000000Z",
        "time_period_end": "2021-09-14T00:00:00.0000000Z",
        "time_open": "2021-09-13T16:00:00.2703700Z",
        "time_close": "2021-09-13T23:59:59.5572320Z",
        "price_open": 2.4082,
        "price_high": 2.4619,
        "price_low": 2.3867,
        "price_close": 2.4022,
        "volume_traded": 37717906.68548106,
        "trades_count": 86448
    },
    {
        "time_period_start": "2021-09-14T00:00:00.0000000Z",
        "time_period_end": "2021-09-14T08:00:00.0000000Z",
        "time_open": "2021-09-14T00:00:00.0293280Z",
        "time_close": "2021-09-14T07:59:59.5641500Z",
        "price_open": 2.4021,
        "price_high": 2.4267,
        "price_low": 2.3724,
        "price_close": 2.4045,
        "volume_traded": 28070900.91219412,
        "trades_count": 59157
    },
    {
        "time_period_start": "2021-09-14T08:00:00.0000000Z",
        "time_period_end": "2021-09-14T16:00:00.0000000Z",
        "time_open": "2021-09-14T08:00:00.5192450Z",
        "time_close": "2021-09-14T15:59:59.9632150Z",
        "price_open": 2.4052,
        "price_high": 2.4305,
        "price_low": 2.3217,
        "price_close": 2.3965,
        "volume_traded": 42872514.38688601,
        "trades_count": 79072
    },
    {
        "time_period_start": "2021-09-14T16:00:00.0000000Z",
        "time_period_end": "2021-09-15T00:00:00.0000000Z",
        "time_open": "2021-09-14T16:00:01.5712210Z",
        "time_close": "2021-09-14T23:59:59.8430110Z",
        "price_open": 2.3967,
        "price_high": 2.441028,
        "price_low": 2.355,
        "price_close": 2.3987,
        "volume_traded": 27012911.98444905,
        "trades_count": 60836
    },
    {
        "time_period_start": "2021-09-15T00:00:00.0000000Z",
        "time_period_end": "2021-09-15T08:00:00.0000000Z",
        "time_open": "2021-09-15T00:00:00.1204280Z",
        "time_close": "2021-09-15T07:59:59.5750580Z",
        "price_open": 2.3985,
        "price_high": 2.408,
        "price_low": 2.3632,
        "price_close": 2.3945,
        "volume_traded": 19902004.61569744,
        "trades_count": 48991
    },
    {
        "time_period_start": "2021-09-15T08:00:00.0000000Z",
        "time_period_end": "2021-09-15T16:00:00.0000000Z",
        "time_open": "2021-09-15T08:00:00.0770240Z",
        "time_close": "2021-09-15T15:59:59.9505150Z",
        "price_open": 2.3944,
        "price_high": 2.5862,
        "price_low": 2.3583,
        "price_close": 2.5648,
        "volume_traded": 60393040.74461752,
        "trades_count": 96460
    },
    {
        "time_period_start": "2021-09-15T16:00:00.0000000Z",
        "time_period_end": "2021-09-16T00:00:00.0000000Z",
        "time_open": "2021-09-15T16:00:00.8152510Z",
        "time_close": "2021-09-15T23:59:59.8632250Z",
        "price_open": 2.5649,
        "price_high": 2.593428,
        "price_low": 2.4731,
        "price_close": 2.5052,
        "volume_traded": 44626054.23996823,
        "trades_count": 84951
    },
    {
        "time_period_start": "2021-09-16T00:00:00.0000000Z",
        "time_period_end": "2021-09-16T08:00:00.0000000Z",
        "time_open": "2021-09-16T00:00:01.1995140Z",
        "time_close": "2021-09-16T07:59:59.2324190Z",
        "price_open": 2.5053,
        "price_high": 2.516,
        "price_low": 2.418,
        "price_close": 2.4824,
        "volume_traded": 27129055.61783139,
        "trades_count": 62082
    },
    {
        "time_period_start": "2021-09-16T08:00:00.0000000Z",
        "time_period_end": "2021-09-16T16:00:00.0000000Z",
        "time_open": "2021-09-16T08:00:02.1919880Z",
        "time_close": "2021-09-16T15:59:59.7089180Z",
        "price_open": 2.4825,
        "price_high": 2.5249,
        "price_low": 2.39,
        "price_close": 2.444,
        "volume_traded": 31011756.86972302,
        "trades_count": 62176
    },
    {
        "time_period_start": "2021-09-16T16:00:00.0000000Z",
        "time_period_end": "2021-09-17T00:00:00.0000000Z",
        "time_open": "2021-09-16T16:00:00.4394010Z",
        "time_close": "2021-09-16T23:59:59.8725450Z",
        "price_open": 2.4433,
        "price_high": 2.4603,
        "price_low": 2.3821,
        "price_close": 2.4169,
        "volume_traded": 29875278.12436247,
        "trades_count": 90246
    },
    {
        "time_period_start": "2021-09-17T00:00:00.0000000Z",
        "time_period_end": "2021-09-17T08:00:00.0000000Z",
        "time_open": "2021-09-17T00:00:00.0910680Z",
        "time_close": "2021-09-17T07:35:33.5003270Z",
        "price_open": 2.4169,
        "price_high": 2.4418,
        "price_low": 2.4,
        "price_close": 2.4124,
        "volume_traded": 16609250.11006702,
        "trades_count": 50763
    }
]