[
    {
        "time_period_start": "2021-08-15T00:00:00.0000000Z",
        "time_period_end": "2021-08-15T08:00:00.0000000Z",
        "time_open": "2021-08-15T00:00:00.3984590Z",
        "time_close": "2021-08-15T07:59:58.6190660Z",
        "price_open": 0.2939,
        "price_high": 0.3127195,
        "price_low": 0.2869753,
        "price_close": 0.2918,
        "volume_traded": 453809659.76898694,
        "trades_count": 112661
    },
    {
        "time_period_start": "2021-08-15T08:00:00.0000000Z",
        "time_period_end": "2021-08-15T16:00:00.0000000Z",
        "time_open": "2021-08-15T08:00:01.3245550Z",
        "time_close": "2021-08-15T15:59:59.8020700Z",
        "price_open": 0.2917,
        "price_high": 0.3084559,
        "price_low": 0.2897402,
        "price_close": 0.3071,
        "volume_traded": 188731040.9232393,
        "trades_count": 56018
    },
    {
        "time_period_start": "2021-08-15T16:00:00.0000000Z",
        "time_period_end": "2021-08-16T00:00:00.0000000Z",
        "time_open": "2021-08-15T16:00:00.0256690Z",
        "time_close": "2021-08-15T23:59:59.0520000Z",
        "price_open": 0.3072,
        "price_high": 0.35,
        "price_low": 0.2995,
        "price_close": 0.34006,
        "volume_traded": 780509482.1801015,
        "trades_count": 189954
    },
    {
        "time_period_start": "2021-08-16T00:00:00.0000000Z",
        "time_period_end": "2021-08-16T08:00:00.0000000Z",
        "time_open": "2021-08-16T00:00:01.3421830Z",
        "time_close": "2021-08-16T07:59:59.9030000Z",
        "price_open": 0.3404,
        "price_high": 0.34501,
        "price_low": 0.32959,
        "price_close": 0.33724,
        "volume_traded": 350425178.81755435,
        "trades_count": 103184
    },
    {
        "time_period_start": "2021-08-16T08:00:00.0000000Z",
        "time_period_end": "2021-08-16T16:00:00.0000000Z",
        "time_open": "2021-08-16T08:00:02.9095160Z",
        "time_close": "2021-08-16T15:59:59.9177470Z",
        "price_open": 0.3373,
        "price_high": 0.3519,
        "price_low": 0.31946,
        "price_close": 0.3353,
        "volume_traded": 431896516.03527397,
        "trades_count": 116857
    },
    {
        "time_period_start": "2021-08-16T16:00:00.0000000Z",
        "time_period_end": "2021-08-17T00:00:00.0000000Z",
        "time_open": "2021-08-16T16:00:00.1648240Z",
        "time_close": "2021-08-16T23:59:59.1522940Z",
        "price_open": 0.3353,
        "price_high": 0.3432917,
        "price_low": 0.3092679,
        "price_close": 0.3194,
        "volume_traded": 376039943.7496792,
        "trades_count": 105024
    },
    {
        "time_period_start": "2021-08-17T00:00:00.0000000Z",
        "time_period_end": "2021-08-17T08:00:00.0000000Z",
        "time_open": "2021-08-17T00:00:00.0050000Z",
        "time_close": "2021-08-17T07:59:57.8937750Z",
        "price_open": 0.3193262,
        "price_high": 0.34,
        "price_low": 0.3053,
        "price_close": 0.3266,
        "volume_traded": 354117438.5322948,
        "trades_count": 97308
    },
    {
        "time_period_start": "2021-08-17T08:00:00.0000000Z",
        "time_period_end": "2021-08-17T16:00:00.0000000Z",
        "time_open": "2021-08-17T08:00:01.7770000Z",
        "time_close": "2021-08-17T15:59:59.4516950Z",
        "price_open": 0.32668,
        "price_high": 0.3386,
        "price_low": 0.3163,
        "price_close": 0.3172,
        "volume_traded": 215354940.7312031,
        "trades_count": 66501
    },
    {
        "time_period_start": "2021-08-17T16:00:00.0000000Z",
        "time_period_end": "2021-08-18T00:00:00.0000000Z",
        "time_open": "2021-08-17T16:00:00.6161380Z",
        "time_close": "2021-08-17T23:59:59.8421600Z",
        "price_open": 0.3173,
        "price_high": 0.3244,
        "price_low": 0.2942,
        "price_close": 0.2993,
        "volume_traded": 388342670.22939914,
        "trades_count": 98848
    },
    {
        "time_period_start": "2021-08-18T00:00:00.0000000Z",
        "time_period_end": "2021-08-18T08:00:00.0000000Z",
        "time_open": "2021-08-18T00:00:00.2690400Z",
        "time_close": "2021-08-18T07:59:58.4786470Z",
        "price_open": 0.2993,
        "price_high": 0.305,
        "price_low": 0.27644,
        "price_close": 0.296,
        "volume_traded": 309496185.1796827,
        "trades_count": 85057
    },
    {
        "time_period_start": "2021-08-18T08:00:00.0000000Z",
        "time_period_end": "2021-08-18T16:00:00.0000000Z",
        "time_open": "2021-08-18T08:00:05.1190000Z",
        "time_close": "2021-08-18T15:59:59.8017260Z",
        "price_open": 0.29589,
        "price_high": 0.3215,
        "price_low": 0.2836,
        "price_close": 0.3195,
        "volume_traded": 276427885.96067244,
        "trades_count": 72331
    },
    {
        "time_period_start": "2021-08-18T16:00:00.0000000Z",
        "time_period_end": "2021-08-19T00:00:00.0000000Z",
        "time_open": "2021-08-18T16:00:00.3927840Z",
        "time_close": "2021-08-18T23:59:59.6251040Z",
        "price_open": 0.3196,
        "price_high": 0.326,
        "price_low": 0.2932,
        "price_close": 0.3031,
        "volume_traded": 491782564.50226974,
        "trades_count": 117383
    },
    {
        "time_period_start": "2021-08-19T00:00:00.0000000Z",
        "time_period_end": "2021-08-19T08:00:00.0000000Z",
        "time_open": "2021-08-19T00:00:00.3593910Z",
        "time_close": "2021-08-19T07:59:59.7650000Z",
        "price_open": 0.3032,
        "price_high": 0.312,
        "price_low": 0.2925336,
        "price_close": 0.2998121,
        "volume_traded": 215578272.56749117,
        "trades_count": 62473
    },
    {
        "time_period_start": "2021-08-19T08:00:00.0000000Z",
        "time_period_end": "2021-08-19T16:00:00.0000000Z",
        "time_open": "2021-08-19T08:00:00.0180000Z",
        "time_close": "2021-08-19T15:59:57.9327880Z",
        "price_open": 0.2998121,
        "price_high": 0.3087,
        "price_low": 0.2948,
        "price_close": 0.3073,
        "volume_traded": 120434461.10984556,
        "trades_count": 41649
    },
    {
        "time_period_start": "2021-08-19T16:00:00.0000000Z",
        "time_period_end": "2021-08-20T00:00:00.0000000Z",
        "time_open": "2021-08-19T16:00:00.7944290Z",
        "time_close": "2021-08-19T23:59:58.8325390Z",
        "price_open": 0.3076,
        "price_high": 0.3195656,
        "price_low": 0.3,
        "price_close": 0.3176,
        "volume_traded": 273737138.41636086,
        "trades_count": 71920
    },
    {
        "time_period_start": "2021-08-20T00:00:00.0000000Z",
        "time_period_end": "2021-08-20T08:00:00.0000000Z",
        "time_open": "2021-08-20T00:00:00.4721460Z",
        "time_close": "2021-08-20T07:59:59.5657880Z",
        "price_open": 0.3178,
        "price_high": 0.32726,
        "price_low": 0.3136,
        "price_close": 0.3171,
        "volume_traded": 180197219.22805285,
        "trades_count": 54712
    },
    {
        "time_period_start": "2021-08-20T08:00:00.0000000Z",
        "time_period_end": "2021-08-20T16:00:00.0000000Z",
        "time_open": "2021-08-20T08:00:00.4350000Z",
        "time_close": "2021-08-20T15:59:58.6928230Z",
        "price_open": 0.3170425,
        "price_high": 0.3349,
        "price_low": 0.3154,
        "price_close": 0.3304,
        "volume_traded": 164238592.1485459,
        "trades_count": 51022
    },
    {
        "time_period_start": "2021-08-20T16:00:00.0000000Z",
        "time_period_end": "2021-08-21T00:00:00.0000000Z",
        "time_open": "2021-08-20T16:00:00.5885440Z",
        "time_close": "2021-08-20T23:59:59.5687630Z",
        "price_open": 0.3305,
        "price_high": 0.3318,
        "price_low": 0.3181,
        "price_close": 0.3273,
        "volume_traded": 151190612.72977528,
        "trades_count": 54928
    },
    {
        "time_period_start": "2021-08-21T00:00:00.0000000Z",
        "time_period_end": "2021-08-21T08:00:00.0000000Z",
        "time_open": "2021-08-21T00:00:01.6961410Z",
        "time_close": "2021-08-21T07:59:59.6320000Z",
        "price_open": 0.3276,
        "price_high": 0.3278,
        "price_low": 0.3201,
        "price_close": 0.3265497,
        "volume_traded": 86286448.65764613,
        "trades_count": 34697
    },
    {
        "time_period_start": "2021-08-21T08:00:00.0000000Z",
        "time_period_end": "2021-08-21T16:00:00.0000000Z",
        "time_open": "2021-08-21T08:00:02.5970000Z",
        "time_close": "2021-08-21T15:59:56.8280890Z",
        "price_open": 0.32654,
        "price_high": 0.3296,
        "price_low": 0.3145,
        "price_close": 0.3224,
        "volume_traded": 139053052.43246818,
        "trades_count": 42067
    },
    {
        "time_period_start": "2021-08-21T16:00:00.0000000Z",
        "time_period_end": "2021-08-22T00:00:00.0000000Z",
        "time_open": "2021-08-21T16:00:00.3752940Z",
        "time_close": "2021-08-21T23:59:56.7648630Z",
        "price_open": 0.3225,
        "price_high": 0.3263616,
        "price_low": 0.3156,
        "price_close": 0.3173,
        "volume_traded": 114380663.82720296,
        "trades_count": 37732
    },
    {
        "time_period_start": "2021-08-22T00:00:00.0000000Z",
        "time_period_end": "2021-08-22T08:00:00.0000000Z",
        "time_open": "2021-08-22T00:00:01.8510000Z",
        "time_close": "2021-08-22T07:59:54.0995500Z",
        "price_open": 0.3172,
        "price_high": 0.3213,
        "price_low": 0.312,
        "price_close": 0.3195,
        "volume_traded": 67832571.62721352,
        "trades_count": 27578
    },
    {
        "time_period_start": "2021-08-22T08:00:00.0000000Z",
        "time_period_end": "2021-08-22T16:00:00.0000000Z",
        "time_open": "2021-08-22T08:00:00.0316150Z",
        "time_close": "2021-08-22T15:59:59.8940000Z",
        "price_open": 0.3196,
        "price_high": 0.3217,
        "price_low": 0.3057,
        "price_close": 0.31172,
        "volume_traded": 84550767.35867491,
        "trades_count": 29181
    },
    {
        "time_period_start": "2021-08-22T16:00:00.0000000Z",
        "time_period_end": "2021-08-23T00:00:00.0000000Z",
        "time_open": "2021-08-22T16:00:01.4878740Z",
        "time_close": "2021-08-22T23:59:59.9599120Z",
        "price_open": 0.3117,
        "price_high": 0.3168,
        "price_low": 0.3052,
        "price_close": 0.3149,
        "volume_traded": 96468805.2837406,
        "trades_count": 34211
    },
    {
        "time_period_start": "2021-08-23T00:00:00.0000000Z",
        "time_period_end": "2021-08-23T08:00:00.0000000Z",
        "time_open": "2021-08-23T00:00:01.0295950Z",
        "time_close": "2021-08-23T07:59:59.2581080Z",
        "price_open": 0.3149,
        "price_high": 0.326,
        "price_low": 0.313,
        "price_close": 0.3195,
        "volume_traded": 163258681.6153562,
        "trades_count": 47409
    },
    {
        "time_period_start": "2021-08-23T08:00:00.0000000Z",
        "time_period_end": "2021-08-23T16:00:00.0000000Z",
        "time_open": "2021-08-23T08:00:00.2168730Z",
        "time_close": "2021-08-23T15:59:59.9977030Z",
        "price_open": 0.3196,
        "price_high": 0.32808,
        "price_low": 0.3134,
        "price_close": 0.3176,
        "volume_traded": 129279364.98688939,
        "trades_count": 46423
    },
    {
        "time_period_start": "2021-08-23T16:00:00.0000000Z",
        "time_period_end": "2021-08-24T00:00:00.0000000Z",
        "time_open": "2021-08-23T16:00:00.0017980Z",
        "time_close": "2021-08-23T23:59:56.9103300Z",
        "price_open": 0.3176,
        "price_high": 0.3217,
        "price_low": 0.3128,
        "price_close": 0.3179,
        "volume_traded": 102478926.31962885,
        "trades_count": 37921
    },
    {
        "time_period_start": "2021-08-24T00:00:00.0000000Z",
        "time_period_end": "2021-08-24T08:00:00.0000000Z",
        "time_open": "2021-08-24T00:00:00.0001950Z",
        "time_close": "2021-08-24T07:59:57.6134570Z",
        "price_open": 0.3179,
        "price_high": 0.31974,
        "price_low": 0.311,
        "price_close": 0.316,
        "volume_traded": 87751276.1179503,
        "trades_count": 26753
    },
    {
        "time_period_start": "2021-08-24T08:00:00.0000000Z",
        "time_period_end": "2021-08-24T16:00:00.0000000Z",
        "time_open": "2021-08-24T08:00:07.7208760Z",
        "time_close": "2021-08-24T15:59:57.5621590Z",
        "price_open": 0.3159,
        "price_high": 0.31681,
        "price_low": 0.2919,
        "price_close": 0.2931,
        "volume_traded": 176848315.71453503,
        "trades_count": 53265
    },
    {
        "time_period_start": "2021-08-24T16:00:00.0000000Z",
        "time_period_end": "2021-08-25T00:00:00.0000000Z",
        "time_open": "2021-08-24T16:00:00.3490000Z",
        "time_close": "2021-08-24T23:59:58.9629920Z",
        "price_open": 0.2929172,
        "price_high": 0.3003,
        "price_low": 0.276,
        "price_close": 0.2888,
        "volume_traded": 238595333.08744434,
        "trades_count": 68829
    },
    {
        "time_period_start": "2021-08-25T00:00:00.0000000Z",
        "time_period_end": "2021-08-25T08:00:00.0000000Z",
        "time_open": "2021-08-25T00:00:00.8284250Z",
        "time_close": "2021-08-25T07:59:59.1795340Z",
        "price_open": 0.2888,
        "price_high": 0.297,
        "price_low": 0.2880585,
        "price_close": 0.2919,
        "volume_traded": 84652529.55283442,
        "trades_count": 28467
    },
    {
        "time_period_start": "2021-08-25T08:00:00.0000000Z",
        "time_period_end": "2021-08-25T16:00:00.0000000Z",
        "time_open": "2021-08-25T08:00:09.1949770Z",
        "time_close": "2021-08-25T15:59:58.4503970Z",
        "price_open": 0.2919,
        "price_high": 0.29366,
        "price_low": 0.2795,
        "price_close": 0.2927,
        "volume_traded": 140487601.40559176,
        "trades_count": 45121
    },
    {
        "time_period_start": "2021-08-25T16:00:00.0000000Z",
        "time_period_end": "2021-08-26T00:00:00.0000000Z",
        "time_open": "2021-08-25T16:00:00.2644790Z",
        "time_close": "2021-08-25T23:59:59.8364460Z",
        "price_open": 0.2926,
        "price_high": 0.2954,
        "price_low": 0.2871,
        "price_close": 0.2924,
        "volume_traded": 101888908.35661645,
        "trades_count": 36294
    },
    {
        "time_period_start": "2021-08-26T00:00:00.0000000Z",
        "time_period_end": "2021-08-26T08:00:00.0000000Z",
        "time_open": "2021-08-26T00:00:00.9356250Z",
        "time_close": "2021-08-26T07:59:59.5102520Z",
        "price_open": 0.2926,
        "price_high": 0.2962,
        "price_low": 0.2708,
        "price_close": 0.2757,
        "volume_traded": 146898429.69449788,
        "trades_count": 44257
    },
    {
        "time_period_start": "2021-08-26T08:00:00.0000000Z",
        "time_period_end": "2021-08-26T16:00:00.0000000Z",
        "time_open": "2021-08-26T08:00:04.2412920Z",
        "time_close": "2021-08-26T15:59:59.9963420Z",
        "price_open": 0.2758,
        "price_high": 0.2795,
        "price_low": 0.2683494,
        "price_close": 0.2702,
        "volume_traded": 128651983.228887,
        "trades_count": 43399
    },
    {
        "time_period_start": "2021-08-26T16:00:00.0000000Z",
        "time_period_end": "2021-08-27T00:00:00.0000000Z",
        "time_open": "2021-08-26T16:00:00.5686030Z",
        "time_close": "2021-08-26T23:59:59.0172630Z",
        "price_open": 0.2703,
        "price_high": 0.275,
        "price_low": 0.264,
        "price_close": 0.2684,
        "volume_traded": 155640953.70694745,
        "trades_count": 43703
    },
    {
        "time_period_start": "2021-08-27T00:00:00.0000000Z",
        "time_period_end": "2021-08-27T08:00:00.0000000Z",
        "time_open": "2021-08-27T00:00:00.0564820Z",
        "time_close": "2021-08-27T07:59:57.1859610Z",
        "price_open": 0.2684,
        "price_high": 0.2748,
        "price_low": 0.265,
        "price_close": 0.2739,
        "volume_traded": 76089851.09548052,
        "trades_count": 27725
    },
    {
        "time_period_start": "2021-08-27T08:00:00.0000000Z",
        "time_period_end": "2021-08-27T16:00:00.0000000Z",
        "time_open": "2021-08-27T08:00:08.4631110Z",
        "time_close": "2021-08-27T15:59:59.8925140Z",
        "price_open": 0.274,
        "price_high": 0.2882,
        "price_low": 0.2718,
        "price_close": 0.2849,
        "volume_traded": 117664028.09568354,
        "trades_count": 36099
    },
    {
        "time_period_start": "2021-08-27T16:00:00.0000000Z",
        "time_period_end": "2021-08-28T00:00:00.0000000Z",
        "time_open": "2021-08-27T16:00:00.9570340Z",
        "time_close": "2021-08-27T23:59:56.2552980Z",
        "price_open": 0.285,
        "price_high": 0.2953,
        "price_low": 0.28147,
        "price_close": 0.2948,
        "volume_traded": 129337782.4252817,
        "trades_count": 48671
    },
    {
        "time_period_start": "2021-08-28T00:00:00.0000000Z",
        "time_period_end": "2021-08-28T08:00:00.0000000Z",
        "time_open": "2021-08-28T00:00:02.5073380Z",
        "time_close": "2021-08-28T07:59:58.2012550Z",
        "price_open": 0.2946,
        "price_high": 0.29983,
        "price_low": 0.286,
        "price_close": 0.2883,
        "volume_traded": 85394782.84483972,
        "trades_count": 40948
    },
    {
        "time_period_start": "2021-08-28T08:00:00.0000000Z",
        "time_period_end": "2021-08-28T16:00:00.0000000Z",
        "time_open": "2021-08-28T08:00:01.4449260Z",
        "time_close": "2021-08-28T15:59:59.1318860Z",
        "price_open": 0.2884,
        "price_high": 0.2913,
        "price_low": 0.2835764,
        "price_close": 0.2859,
        "volume_traded": 48658961.02830422,
        "trades_count": 27071
    },
    {
        "time_period_start": "2021-08-28T16:00:00.0000000Z",
        "time_period_end": "2021-08-29T00:00:00.0000000Z",
        "time_open": "2021-08-28T16:00:01.3542100Z",
        "time_close": "2021-08-28T23:59:59.9732500Z",
        "price_open": 0.286,
        "price_high": 0.2888,
        "price_low": 0.2831,
        "price_close": 0.2863,
        "volume_traded": 53059993.21265593,
        "trades_count": 27936
    },
    {
        "time_period_start": "2021-08-29T00:00:00.0000000Z",
        "time_period_end": "2021-08-29T08:00:00.0000000Z",
        "time_open": "2021-08-29T00:00:00.0100570Z",
        "time_close": "2021-08-29T07:59:58.4784950Z",
        "price_open": 0.2863,
        "price_high": 0.2922,
        "price_low": 0.2774899,
        "price_close": 0.2822,
        "volume_traded": 146046251.5822875,
        "trades_count": 45950
    },
    {
        "time_period_start": "2021-08-29T08:00:00.0000000Z",
        "time_period_end": "2021-08-29T16:00:00.0000000Z",
        "time_open": "2021-08-29T08:00:00.0657930Z",
        "time_close": "2021-08-29T15:59:57.3851710Z",
        "price_open": 0.2821,
        "price_high": 0.2835,
        "price_low": 0.27638,
        "price_close": 0.2794,
        "volume_traded": 78726728.25821227,
        "trades_count": 29705
    },
    {
        "time_period_start": "2021-08-29T16:00:00.0000000Z",
        "time_period_end": "2021-08-30T00:00:00.0000000Z",
        "time_open": "2021-08-29T16:00:02.2804640Z",
        "time_close": "2021-08-29T23:59:55.7205480Z",
        "price_open": 0.2794,
        "price_high": 0.2853,
        "price_low": 0.27777,
        "price_close": 0.2813,
        "volume_traded": 67952792.77982582,
        "trades_count": 32558
    },
    {
        "time_period_start": "2021-08-30T00:00:00.0000000Z",
        "time_period_end": "2021-08-30T08:00:00.0000000Z",
        "time_open": "2021-08-30T00:00:02.6589560Z",
        "time_close": "2021-08-30T07:59:56.2574170Z",
        "price_open": 0.2813,
        "price_high": 0.2903,
        "price_low": 0.277,
        "price_close": 0.2813,
        "volume_traded": 184584392.6241164,
        "trades_count": 58092
    },
    {
        "time_period_start": "2021-08-30T08:00:00.0000000Z",
        "time_period_end": "2021-08-30T16:00:00.0000000Z",
        "time_open": "2021-08-30T08:00:01.1379760Z",
        "time_close": "2021-08-30T15:59:59.2922750Z",
        "price_open": 0.2813,
        "price_high": 0.2845,
        "price_low": 0.2705,
        "price_close": 0.277,
        "volume_traded": 134635655.96443582,
        "trades_count": 44086
    },
    {
        "time_period_start": "2021-08-30T16:00:00.0000000Z",
        "time_period_end": "2021-08-31T00:00:00.0000000Z",
        "time_open": "2021-08-30T16:00:00.6564240Z",
        "time_close": "2021-08-30T23:59:58.5606310Z",
        "price_open": 0.2771,
        "price_high": 0.2817,
        "price_low": 0.27,
        "price_close": 0.272,
        "volume_traded": 94466300.40770487,
        "trades_count": 39422
    },
    {
        "time_period_start": "2021-08-31T00:00:00.0000000Z",
        "time_period_end": "2021-08-31T08:00:00.0000000Z",
        "time_open": "2021-08-31T00:00:00.8649710Z",
        "time_close": "2021-08-31T07:59:59.2028420Z",
        "price_open": 0.2721,
        "price_high": 0.2783,
        "price_low": 0.27,
        "price_close": 0.2769,
        "volume_traded": 76410925.06040144,
        "trades_count": 34479
    },
    {
        "time_period_start": "2021-08-31T08:00:00.0000000Z",
        "time_period_end": "2021-08-31T16:00:00.0000000Z",
        "time_open": "2021-08-31T08:00:00.9390000Z",
        "time_close": "2021-08-31T15:59:59.9468470Z",
        "price_open": 0.2766,
        "price_high": 0.2815,
        "price_low": 0.273,
        "price_close": 0.2785,
        "volume_traded": 114286233.5792517,
        "trades_count": 43832
    },
    {
        "time_period_start": "2021-08-31T16:00:00.0000000Z",
        "time_period_end": "2021-09-01T00:00:00.0000000Z",
        "time_open": "2021-08-31T16:00:01.0850480Z",
        "time_close": "2021-08-31T23:59:58.4411300Z",
        "price_open": 0.2785,
        "price_high": 0.2861,
        "price_low": 0.2732,
        "price_close": 0.2783,
        "volume_traded": 144984263.66943684,
        "trades_count": 59803
    },
    {
        "time_period_start": "2021-09-01T00:00:00.0000000Z",
        "time_period_end": "2021-09-01T08:00:00.0000000Z",
        "time_open": "2021-09-01T00:00:01.3618370Z",
        "time_close": "2021-09-01T07:59:52.2081300Z",
        "price_open": 0.2783,
        "price_high": 0.2811,
        "price_low": 0.27298,
        "price_close": 0.2787,
        "volume_traded": 72864390.07378028,
        "trades_count": 31037
    },
    {
        "time_period_start": "2021-09-01T08:00:00.0000000Z",
        "time_period_end": "2021-09-01T16:00:00.0000000Z",
        "time_open": "2021-09-01T08:00:03.0992220Z",
        "time_close": "2021-09-01T15:59:59.3181160Z",
        "price_open": 0.2786,
        "price_high": 0.2849,
        "price_low": 0.2777,
        "price_close": 0.2809,
        "volume_traded": 100341345.42796332,
        "trades_count": 38548
    },
    {
        "time_period_start": "2021-09-01T16:00:00.0000000Z",
        "time_period_end": "2021-09-02T00:00:00.0000000Z",
        "time_open": "2021-09-01T16:00:02.1535620Z",
        "time_close": "2021-09-01T23:59:57.6691610Z",
        "price_open": 0.2809,
        "price_high": 0.29537,
        "price_low": 0.2802,
        "price_close": 0.2945,
        "volume_traded": 240748657.7846871,
        "trades_count": 77817
    },
    {
        "time_period_start": "2021-09-02T00:00:00.0000000Z",
        "time_period_end": "2021-09-02T08:00:00.0000000Z",
        "time_open": "2021-09-02T00:00:01.4258600Z",
        "time_close": "2021-09-02T07:59:59.2314030Z",
        "price_open": 0.2944,
        "price_high": 0.31,
        "price_low": 0.2919,
        "price_close": 0.2996,
        "volume_traded": 357290620.10453343,
        "trades_count": 102039
    },
    {
        "time_period_start": "2021-09-02T08:00:00.0000000Z",
        "time_period_end": "2021-09-02T16:00:00.0000000Z",
        "time_open": "2021-09-02T08:00:00.2890000Z",
        "time_close": "2021-09-02T15:59:57.4121140Z",
        "price_open": 0.2997475,
        "price_high": 0.3096,
        "price_low": 0.293,
        "price_close": 0.2958,
        "volume_traded": 173149763.03728285,
        "trades_count": 62863
    },
    {
        "time_period_start": "2021-09-02T16:00:00.0000000Z",
        "time_period_end": "2021-09-03T00:00:00.0000000Z",
        "time_open": "2021-09-02T16:00:02.6644170Z",
        "time_close": "2021-09-02T23:59:59.6539650Z",
        "price_open": 0.2958,
        "price_high": 0.3011,
        "price_low": 0.29449,
        "price_close": 0.2948,
        "volume_traded": 111908272.3627559,
        "trades_count": 53885
    },
    {
        "time_period_start": "2021-09-03T00:00:00.0000000Z",
        "time_period_end": "2021-09-03T08:00:00.0000000Z",
        "time_open": "2021-09-03T00:00:00.0713090Z",
        "time_close": "2021-09-03T07:59:58.5381640Z",
        "price_open": 0.2948,
        "price_high": 0.2989,
        "price_low": 0.287,
        "price_close": 0.2923,
        "volume_traded": 120032630.69164146,
        "trades_count": 49127
    },
    {
        "time_period_start": "2021-09-03T08:00:00.0000000Z",
        "time_period_end": "2021-09-03T16:00:00.0000000Z",
        "time_open": "2021-09-03T08:00:00.1485760Z",
        "time_close": "2021-09-03T15:59:59.0270000Z",
        "price_open": 0.2923,
        "price_high": 0.305,
        "price_low": 0.2922,
        "price_close": 0.3009384,
        "volume_traded": 164647221.73963255,
        "trades_count": 64490
    },
    {
        "time_period_start": "2021-09-03T16:00:00.0000000Z",
        "time_period_end": "2021-09-04T00:00:00.0000000Z",
        "time_open": "2021-09-03T16:00:01.2042900Z",
        "time_close": "2021-09-03T23:59:58.7121370Z",
        "price_open": 0.3012,
        "price_high": 0.3033,
        "price_low": 0.2890739,
        "price_close": 0.2963,
        "volume_traded": 202158285.88624063,
        "trades_count": 62272
    },
    {
        "time_period_start": "2021-09-04T00:00:00.0000000Z",
        "time_period_end": "2021-09-04T08:00:00.0000000Z",
        "time_open": "2021-09-04T00:00:00.6549360Z",
        "time_close": "2021-09-04T07:59:56.6832390Z",
        "price_open": 0.2963,
        "price_high": 0.2989,
        "price_low": 0.2911806,
        "price_close": 0.2963,
        "volume_traded": 87392078.65139711,
        "trades_count": 36692
    },
    {
        "time_period_start": "2021-09-04T08:00:00.0000000Z",
        "time_period_end": "2021-09-04T16:00:00.0000000Z",
        "time_open": "2021-09-04T08:00:00.1770440Z",
        "time_close": "2021-09-04T15:59:58.8218580Z",
        "price_open": 0.2965,
        "price_high": 0.3117553,
        "price_low": 0.2942,
        "price_close": 0.304,
        "volume_traded": 178827010.16738933,
        "trades_count": 62436
    },
    {
        "time_period_start": "2021-09-04T16:00:00.0000000Z",
        "time_period_end": "2021-09-05T00:00:00.0000000Z",
        "time_open": "2021-09-04T16:00:00.4130000Z",
        "time_close": "2021-09-04T23:59:59.8808190Z",
        "price_open": 0.3040498,
        "price_high": 0.3047022,
        "price_low": 0.2956,
        "price_close": 0.2994,
        "volume_traded": 127457153.77882704,
        "trades_count": 55576
    },
    {
        "time_period_start": "2021-09-05T00:00:00.0000000Z",
        "time_period_end": "2021-09-05T08:00:00.0000000Z",
        "time_open": "2021-09-05T00:00:00.1055480Z",
        "time_close": "2021-09-05T07:59:58.6990370Z",
        "price_open": 0.2995,
        "price_high": 0.30548,
        "price_low": 0.2963,
        "price_close": 0.299,
        "volume_traded": 88850278.13735749,
        "trades_count": 38991
    },
    {
        "time_period_start": "2021-09-05T08:00:00.0000000Z",
        "time_period_end": "2021-09-05T16:00:00.0000000Z",
        "time_open": "2021-09-05T08:00:08.9365700Z",
        "time_close": "2021-09-05T15:59:59.9824040Z",
        "price_open": 0.2989,
        "price_high": 0.308,
        "price_low": 0.298741,
        "price_close": 0.3035,
        "volume_traded": 100890351.75997826,
        "trades_count": 39792
    },
    {
        "time_period_start": "2021-09-05T16:00:00.0000000Z",
        "time_period_end": "2021-09-06T00:00:00.0000000Z",
        "time_open": "2021-09-05T16:00:00.0836470Z",
        "time_close": "2021-09-05T23:59:59.8099000Z",
        "price_open": 0.3034,
        "price_high": 0.3159,
        "price_low": 0.3022,
        "price_close": 0.3147,
        "volume_traded": 229684281.99921432,
        "trades_count": 68742
    },
    {
        "time_period_start": "2021-09-06T00:00:00.0000000Z",
        "time_period_end": "2021-09-06T08:00:00.0000000Z",
        "time_open": "2021-09-06T00:00:00.5284530Z",
        "time_close": "2021-09-06T07:59:59.8548260Z",
        "price_open": 0.3148,
        "price_high": 0.3164,
        "price_low": 0.3093901,
        "price_close": 0.3118,
        "volume_traded": 97466588.14175013,
        "trades_count": 40964
    },
    {
        "time_period_start": "2021-09-06T08:00:00.0000000Z",
        "time_period_end": "2021-09-06T16:00:00.0000000Z",
        "time_open": "2021-09-06T08:00:00.6304900Z",
        "time_close": "2021-09-06T15:59:58.9228130Z",
        "price_open": 0.3118,
        "price_high": 0.3199,
        "price_low": 0.3000973,
        "price_close": 0.3076,
        "volume_traded": 168670168.11604127,
        "trades_count": 65204
    },
    {
        "time_period_start": "2021-09-06T16:00:00.0000000Z",
        "time_period_end": "2021-09-07T00:00:00.0000000Z",
        "time_open": "2021-09-06T16:00:00.1700770Z",
        "time_close": "2021-09-06T23:59:56.6511200Z",
        "price_open": 0.3075,
        "price_high": 0.3118,
        "price_low": 0.3043,
        "price_close": 0.3091,
        "volume_traded": 98276812.3260005,
        "trades_count": 44733
    },
    {
        "time_period_start": "2021-09-07T00:00:00.0000000Z",
        "time_period_end": "2021-09-07T08:00:00.0000000Z",
        "time_open": "2021-09-07T00:00:01.4031460Z",
        "time_close": "2021-09-07T07:59:59.8832650Z",
        "price_open": 0.3092,
        "price_high": 0.3115,
        "price_low": 0.2955,
        "price_close": 0.2988,
        "volume_traded": 112847411.6236415,
        "trades_count": 46798
    },
    {
        "time_period_start": "2021-09-07T08:00:00.0000000Z",
        "time_period_end": "2021-09-07T16:00:00.0000000Z",
        "time_open": "2021-09-07T08:00:00.7439640Z",
        "time_close": "2021-09-07T15:59:59.9499450Z",
        "price_open": 0.2988,
        "price_high": 0.2993,
        "price_low": 0.21,
        "price_close": 0.2526,
        "volume_traded": 648854382.7161821,
        "trades_count": 149257
    },
    {
        "time_period_start": "2021-09-07T16:00:00.0000000Z",
        "time_period_end": "2021-09-08T00:00:00.0000000Z",
        "time_open": "2021-09-07T16:00:00.0054320Z",
        "time_close": "2021-09-07T23:59:59.5220000Z",
        "price_open": 0.2525,
        "price_high": 0.2670681,
        "price_low": 0.24083,
        "price_close": 0.25533,
        "volume_traded": 536968722.2385498,
        "trades_count": 164612
    },
    {
        "time_period_start": "2021-09-08T00:00:00.0000000Z",
        "time_period_end": "2021-09-08T08:00:00.0000000Z",
        "time_open": "2021-09-08T00:00:00.6035180Z",
        "time_close": "2021-09-08T07:59:59.8772750Z",
        "price_open": 0.2556,
        "price_high": 0.266103,
        "price_low": 0.23998,
        "price_close": 0.2406,
        "volume_traded": 276804149.46001863,
        "trades_count": 95816
    },
    {
        "time_period_start": "2021-09-08T08:00:00.0000000Z",
        "time_period_end": "2021-09-08T16:00:00.0000000Z",
        "time_open": "2021-09-08T08:00:00.3945160Z",
        "time_close": "2021-09-08T15:59:59.9743380Z",
        "price_open": 0.2407,
        "price_high": 0.2529,
        "price_low": 0.2334,
        "price_close": 0.2529,
        "volume_traded": 235269986.3120737,
        "trades_count": 80965
    },
    {
        "time_period_start": "2021-09-08T16:00:00.0000000Z",
        "time_period_end": "2021-09-09T00:00:00.0000000Z",
        "time_open": "2021-09-08T16:00:00.1555400Z",
        "time_close": "2021-09-08T23:59:57.1520980Z",
        "price_open": 0.2528,
        "price_high": 0.26339,
        "price_low": 0.2492,
        "price_close": 0.2567,
        "volume_traded": 169180135.36918256,
        "trades_count": 70982
    },
    {
        "time_period_start": "2021-09-09T00:00:00.0000000Z",
        "time_period_end": "2021-09-09T08:00:00.0000000Z",
        "time_open": "2021-09-09T00:00:03.8662030Z",
        "time_close": "2021-09-09T07:59:59.0361830Z",
        "price_open": 0.2566,
        "price_high": 0.2597,
        "price_low": 0.2492,
        "price_close": 0.2565,
        "volume_traded": 111203132.49956027,
        "trades_count": 46129
    },
    {
        "time_period_start": "2021-09-09T08:00:00.0000000Z",
        "time_period_end": "2021-09-09T16:00:00.0000000Z",
        "time_open": "2021-09-09T08:00:05.1777410Z",
        "time_close": "2021-09-09T15:59:58.7969240Z",
        "price_open": 0.2563,
        "price_high": 0.2592,
        "price_low": 0.2486,
        "price_close": 0.2562,
        "volume_traded": 116858102.48861943,
        "trades_count": 44810
    },
    {
        "time_period_start": "2021-09-09T16:00:00.0000000Z",
        "time_period_end": "2021-09-10T00:00:00.0000000Z",
        "time_open": "2021-09-09T16:00:01.0898580Z",
        "time_close": "2021-09-09T23:59:59.2687400Z",
        "price_open": 0.2562,
        "price_high": 0.25882,
        "price_low": 0.25035,
        "price_close": 0.2527,
        "volume_traded": 90486448.68926322,
        "trades_count": 39998
    },
    {
        "time_period_start": "2021-09-10T00:00:00.0000000Z",
        "time_period_end": "2021-09-10T08:00:00.0000000Z",
        "time_open": "2021-09-10T00:00:00.3554480Z",
        "time_close": "2021-09-10T07:59:59.9782820Z",
        "price_open": 0.2527,
        "price_high": 0.262,
        "price_low": 0.2494519,
        "price_close": 0.2507,
        "volume_traded": 94724035.80112311,
        "trades_count": 39505
    },
    {
        "time_period_start": "2021-09-10T08:00:00.0000000Z",
        "time_period_end": "2021-09-10T16:00:00.0000000Z",
        "time_open": "2021-09-10T08:00:00.3835140Z",
        "time_close": "2021-09-10T15:59:59.5609920Z",
        "price_open": 0.2507,
        "price_high": 0.252,
        "price_low": 0.2360904,
        "price_close": 0.2437,
        "volume_traded": 156877927.65812176,
        "trades_count": 59360
    },
    {
        "time_period_start": "2021-09-10T16:00:00.0000000Z",
        "time_period_end": "2021-09-11T00:00:00.0000000Z",
        "time_open": "2021-09-10T16:00:00.0461590Z",
        "time_close": "2021-09-10T23:59:59.0097000Z",
        "price_open": 0.2437,
        "price_high": 0.2458,
        "price_low": 0.2355,
        "price_close": 0.2398,
        "volume_traded": 101046280.58430313,
        "trades_count": 42840
    },
    {
        "time_period_start": "2021-09-11T00:00:00.0000000Z",
        "time_period_end": "2021-09-11T08:00:00.0000000Z",
        "time_open": "2021-09-11T00:00:01.5734370Z",
        "time_close": "2021-09-11T07:59:59.8847940Z",
        "price_open": 0.2398,
        "price_high": 0.2445,
        "price_low": 0.2377,
        "price_close": 0.2403,
        "volume_traded": 57662645.63711402,
        "trades_count": 26671
    },
    {
        "time_period_start": "2021-09-11T08:00:00.0000000Z",
        "time_period_end": "2021-09-11T16:00:00.0000000Z",
        "time_open": "2021-09-11T08:00:00.5463960Z",
        "time_close": "2021-09-11T15:59:59.8282580Z",
        "price_open": 0.2403,
        "price_high": 0.248,
        "price_low": 0.2381,
        "price_close": 0.2449,
        "volume_traded": 51226396.95491966,
        "trades_count": 23605
    },
    {
        "time_period_start": "2021-09-11T16:00:00.0000000Z",
        "time_period_end": "2021-09-12T00:00:00.0000000Z",
        "time_open": "2021-09-11T16:00:00.5082190Z",
        "time_close": "2021-09-11T23:59:59.9341680Z",
        "price_open": 0.2449,
        "price_high": 0.247,
        "price_low": 0.23926,
        "price_close": 0.2411,
        "volume_traded": 51476009.30693423,
        "trades_count": 25827
    },
    {
        "time_period_start": "2021-09-12T00:00:00.0000000Z",
        "time_period_end": "2021-09-12T08:00:00.0000000Z",
        "time_open": "2021-09-12T00:00:01.4020000Z",
        "time_close": "2021-09-12T07:59:55.6115720Z",
        "price_open": 0.24105,
        "price_high": 0.2437,
        "price_low": 0.2388,
        "price_close": 0.2424,
        "volume_traded": 35511495.83031367,
        "trades_count": 18933
    },
    {
        "time_period_start": "2021-09-12T08:00:00.0000000Z",
        "time_period_end": "2021-09-12T16:00:00.0000000Z",
        "time_open": "2021-09-12T08:00:02.0310000Z",
        "time_close": "2021-09-12T15:59:57.4114060Z",
        "price_open": 0.24254,
        "price_high": 0.2481,
        "price_low": 0.24136,
        "price_close": 0.2455,
        "volume_traded": 57305161.82205873,
        "trades_count": 20114
    },
    {
        "time_period_start": "2021-09-12T16:00:00.0000000Z",
        "time_period_end": "2021-09-13T00:00:00.0000000Z",
        "time_open": "2021-09-12T16:00:02.0690000Z",
        "time_close": "2021-09-12T23:59:59.5110000Z",
        "price_open": 0.24555,
        "price_high": 0.2554,
        "price_low": 0.2391624,
        "price_close": 0.2503427,
        "volume_traded": 137052000.95094234,
        "trades_count": 49217
    },
    {
        "time_period_start": "2021-09-13T00:00:00.0000000Z",
        "time_period_end": "2021-09-13T08:00:00.0000000Z",
        "time_open": "2021-09-13T00:00:00.2085570Z",
        "time_close": "2021-09-13T07:59:58.6666160Z",
        "price_open": 0.2502,
        "price_high": 0.2522,
        "price_low": 0.2331,
        "price_close": 0.2353,
        "volume_traded": 128318465.35415062,
        "trades_count": 55573
    },
    {
        "time_period_start": "2021-09-13T08:00:00.0000000Z",
        "time_period_end": "2021-09-13T16:00:00.0000000Z",
        "time_open": "2021-09-13T08:00:01.6062600Z",
        "time_close": "2021-09-13T15:59:59.2312690Z",
        "price_open": 0.2353,
        "price_high": 0.2452,
        "price_low": 0.2282038,
        "price_close": 0.2332,
        "volume_traded": 189878962.16279745,
        "trades_count": 63597
    },
    {
        "time_period_start": "2021-09-13T16:00:00.0000000Z",
        "time_period_end": "2021-09-14T00:00:00.0000000Z",
        "time_open": "2021-09-13T16:00:00.0052410Z",
        "time_close": "2021-09-13T23:59:58.5553640Z",
        "price_open": 0.2333,
        "price_high": 0.2405811,
        "price_low": 0.2325,
        "price_close": 0.236,
        "volume_traded": 68882766.85132357,
        "trades_count": 27749
    },
    {
        "time_period_start": "2021-09-14T00:00:00.0000000Z",
        "time_period_end": "2021-09-14T08:00:00.0000000Z",
        "time_open": "2021-09-14T00:00:00.4351920Z",
        "time_close": "2021-09-14T07:59:58.1833190Z",
        "price_open": 0.2359,
        "price_high": 0.2386,
        "price_low": 0.2338,
        "price_close": 0.2368,
        "volume_traded": 50711468.26820847,
        "trades_count": 22861
    },
    {
        "time_period_start": "2021-09-14T08:00:00.0000000Z",
        "time_period_end": "2021-09-14T16:00:00.0000000Z",
        "time_open": "2021-09-14T08:00:03.7160000Z",
        "time_close": "2021-09-14T15:59:59.9559320Z",
        "price_open": 0.23676,
        "price_high": 0.2414,
        "price_low": 0.2353,
        "price_close": 0.241,
        "volume_traded": 59602973.3957681,
        "trades_count": 22859
    },
    {
        "time_period_start": "2021-09-14T16:00:00.0000000Z",
        "time_period_end": "2021-09-15T00:00:00.0000000Z",
        "time_open": "2021-09-14T16:00:03.4620000Z",
        "time_close": "2021-09-14T23:59:58.1107240Z",
        "price_open": 0.241,
        "price_high": 0.2417,
        "price_low": 0.237,
        "price_close": 0.2407,
        "volume_traded": 42601098.11505245,
        "trades_count": 17797
    },
    {
        "time_period_start": "2021-09-15T00:00:00.0000000Z",
        "time_period_end": "2021-09-15T08:00:00.0000000Z",
        "time_open": "2021-09-15T00:00:00.3914360Z",
        "time_close": "2021-09-15T07:59:59.6389230Z",
        "price_open": 0.2406,
        "price_high": 0.2422,
        "price_low": 0.2391,
        "price_close": 0.2416,
        "volume_traded": 30110439.63146835,
        "trades_count": 16015
    },
    {
        "time_period_start": "2021-09-15T08:00:00.0000000Z",
        "time_period_end": "2021-09-15T16:00:00.0000000Z",
        "time_open": "2021-09-15T08:00:00.0903230Z",
        "time_close": "2021-09-15T15:59:59.9890360Z",
        "price_open": 0.2416,
        "price_high": 0.2467,
        "price_low": 0.2401,
        "price_close": 0.2459,
        "volume_traded": 57984556.7996458,
        "trades_count": 21009
    },
    {
        "time_period_start": "2021-09-15T16:00:00.0000000Z",
        "time_period_end": "2021-09-16T00:00:00.0000000Z",
        "time_open": "2021-09-15T16:00:03.2070000Z",
        "time_close": "2021-09-15T23:59:59.7274650Z",
        "price_open": 0.24588,
        "price_high": 0.2484,
        "price_low": 0.2446,
        "price_close": 0.2477,
        "volume_traded": 52489796.31824186,
        "trades_count": 26504
    },
    {
        "time_period_start": "2021-09-16T00:00:00.0000000Z",
        "time_period_end": "2021-09-16T08:00:00.0000000Z",
        "time_open": "2021-09-16T00:00:00.8989140Z",
        "time_close": "2021-09-16T07:59:58.4837580Z",
        "price_open": 0.2478,
        "price_high": 0.2481,
        "price_low": 0.2413,
        "price_close": 0.2463,
        "volume_traded": 64004646.25495172,
        "trades_count": 22863
    },
    {
        "time_period_start": "2021-09-16T08:00:00.0000000Z",
        "time_period_end": "2021-09-16T16:00:00.0000000Z",
        "time_open": "2021-09-16T08:00:02.9150560Z",
        "time_close": "2021-09-16T15:59:59.7623800Z",
        "price_open": 0.2464,
        "price_high": 0.2466,
        "price_low": 0.2359,
        "price_close": 0.241,
        "volume_traded": 60904433.46658656,
        "trades_count": 22334
    },
    {
        "time_period_start": "2021-09-16T16:00:00.0000000Z",
        "time_period_end": "2021-09-17T00:00:00.0000000Z",
        "time_open": "2021-09-16T16:00:01.2007440Z",
        "time_close": "2021-09-16T23:59:59.9354360Z",
        "price_open": 0.2411,
        "price_high": 0.2439,
        "price_low": 0.2332,
        "price_close": 0.242,
        "volume_traded": 87872956.57178372,
        "trades_count": 47284
    },
    {
        "time_period_start": "2021-09-17T00:00:00.0000000Z",
        "time_period_end": "2021-09-17T08:00:00.0000000Z",
        "time_open": "2021-09-17T00:00:00.7747860Z",
        "time_close": "2021-09-17T07:35:33.5075820Z",
        "price_open": 0.2419,
        "price_high": 0.26,
        "price_low": 0.2387,
        "price_close": 0.2537,
        "volume_traded": 198455086.74949253,
        "trades_count": 62465
    }
]