[
    {
        "time_period_start": "2021-08-15T00:00:00.0000000Z",
        "time_period_end": "2021-08-15T08:00:00.0000000Z",
        "time_open": "2021-08-15T00:00:00.7000000Z",
        "time_close": "2021-08-15T07:59:58.2870000Z",
        "price_open": 1.28058,
        "price_high": 1.3522,
        "price_low": 1.22579,
        "price_close": 1.24943,
        "volume_traded": 52353127.37213829,
        "trades_count": 21471
    },
    {
        "time_period_start": "2021-08-15T08:00:00.0000000Z",
        "time_period_end": "2021-08-15T16:00:00.0000000Z",
        "time_open": "2021-08-15T08:00:01.1820000Z",
        "time_close": "2021-08-15T15:59:56.6750000Z",
        "price_open": 1.24943,
        "price_high": 1.3226,
        "price_low": 1.23456,
        "price_close": 1.2666,
        "volume_traded": 39807280.25943772,
        "trades_count": 15035
    },
    {
        "time_period_start": "2021-08-15T16:00:00.0000000Z",
        "time_period_end": "2021-08-16T00:00:00.0000000Z",
        "time_open": "2021-08-15T16:00:04.1080000Z",
        "time_close": "2021-08-15T23:59:59.0630000Z",
        "price_open": 1.2674,
        "price_high": 1.3143,
        "price_low": 1.2415,
        "price_close": 1.28584,
        "volume_traded": 37028873.77190676,
        "trades_count": 13308
    },
    {
        "time_period_start": "2021-08-16T00:00:00.0000000Z",
        "time_period_end": "2021-08-16T08:00:00.0000000Z",
        "time_open": "2021-08-16T00:00:06.2250000Z",
        "time_close": "2021-08-16T07:59:54.0070000Z",
        "price_open": 1.28486,
        "price_high": 1.34079,
        "price_low": 1.25926,
        "price_close": 1.29266,
        "volume_traded": 33845729.12905847,
        "trades_count": 13690
    },
    {
        "time_period_start": "2021-08-16T08:00:00.0000000Z",
        "time_period_end": "2021-08-16T16:00:00.0000000Z",
        "time_open": "2021-08-16T08:00:13.1860000Z",
        "time_close": "2021-08-16T15:59:59.4680000Z",
        "price_open": 1.29386,
        "price_high": 1.29567,
        "price_low": 1.20418,
        "price_close": 1.24197,
        "volume_traded": 43915223.59486046,
        "trades_count": 22317
    },
    {
        "time_period_start": "2021-08-16T16:00:00.0000000Z",
        "time_period_end": "2021-08-17T00:00:00.0000000Z",
        "time_open": "2021-08-16T16:00:10.2340000Z",
        "time_close": "2021-08-16T23:59:55.8010000Z",
        "price_open": 1.24037,
        "price_high": 1.24622,
        "price_low": 1.13844,
        "price_close": 1.1857,
        "volume_traded": 56880269.50405664,
        "trades_count": 22277
    },
    {
        "time_period_start": "2021-08-17T00:00:00.0000000Z",
        "time_period_end": "2021-08-17T08:00:00.0000000Z",
        "time_open": "2021-08-17T00:00:19.7060000Z",
        "time_close": "2021-08-17T07:59:57.5290000Z",
        "price_open": 1.18539,
        "price_high": 1.225,
        "price_low": 1.11711,
        "price_close": 1.17652,
        "volume_traded": 45782257.6314163,
        "trades_count": 17117
    },
    {
        "time_period_start": "2021-08-17T08:00:00.0000000Z",
        "time_period_end": "2021-08-17T16:00:00.0000000Z",
        "time_open": "2021-08-17T08:00:05.6050000Z",
        "time_close": "2021-08-17T15:59:59.5880000Z",
        "price_open": 1.17685,
        "price_high": 1.22965,
        "price_low": 1.16152,
        "price_close": 1.16536,
        "volume_traded": 46776055.26961236,
        "trades_count": 16430
    },
    {
        "time_period_start": "2021-08-17T16:00:00.0000000Z",
        "time_period_end": "2021-08-18T00:00:00.0000000Z",
        "time_open": "2021-08-17T16:00:01.2900000Z",
        "time_close": "2021-08-17T23:59:53.4030000Z",
        "price_open": 1.16633,
        "price_high": 1.19517,
        "price_low": 1.08485,
        "price_close": 1.09762,
        "volume_traded": 47205925.50424529,
        "trades_count": 18021
    },
    {
        "time_period_start": "2021-08-18T00:00:00.0000000Z",
        "time_period_end": "2021-08-18T08:00:00.0000000Z",
        "time_open": "2021-08-18T00:00:00.6270000Z",
        "time_close": "2021-08-18T07:59:59.8800000Z",
        "price_open": 1.09705,
        "price_high": 1.14843,
        "price_low": 1.05031,
        "price_close": 1.10645,
        "volume_traded": 34105781.50021637,
        "trades_count": 14303
    },
    {
        "time_period_start": "2021-08-18T08:00:00.0000000Z",
        "time_period_end": "2021-08-18T16:00:00.0000000Z",
        "time_open": "2021-08-18T08:00:15.0070000Z",
        "time_close": "2021-08-18T15:59:58.7350000Z",
        "price_open": 1.1066,
        "price_high": 1.14454,
        "price_low": 1.06198,
        "price_close": 1.14388,
        "volume_traded": 41049584.15092422,
        "trades_count": 15945
    },
    {
        "time_period_start": "2021-08-18T16:00:00.0000000Z",
        "time_period_end": "2021-08-19T00:00:00.0000000Z",
        "time_open": "2021-08-18T16:00:00.6700000Z",
        "time_close": "2021-08-18T23:59:56.5690000Z",
        "price_open": 1.14383,
        "price_high": 1.19999,
        "price_low": 1.10167,
        "price_close": 1.1425,
        "volume_traded": 46637805.04551316,
        "trades_count": 18663
    },
    {
        "time_period_start": "2021-08-19T00:00:00.0000000Z",
        "time_period_end": "2021-08-19T08:00:00.0000000Z",
        "time_open": "2021-08-19T00:00:08.7940000Z",
        "time_close": "2021-08-19T07:59:59.9830000Z",
        "price_open": 1.14408,
        "price_high": 1.17062,
        "price_low": 1.10904,
        "price_close": 1.1264,
        "volume_traded": 24622169.75006464,
        "trades_count": 10847
    },
    {
        "time_period_start": "2021-08-19T08:00:00.0000000Z",
        "time_period_end": "2021-08-19T16:00:00.0000000Z",
        "time_open": "2021-08-19T08:00:00.0260000Z",
        "time_close": "2021-08-19T15:59:57.8380000Z",
        "price_open": 1.12734,
        "price_high": 1.1566,
        "price_low": 1.08878,
        "price_close": 1.14968,
        "volume_traded": 32514579.70751265,
        "trades_count": 14067
    },
    {
        "time_period_start": "2021-08-19T16:00:00.0000000Z",
        "time_period_end": "2021-08-20T00:00:00.0000000Z",
        "time_open": "2021-08-19T16:00:04.1720000Z",
        "time_close": "2021-08-19T23:59:57.7290000Z",
        "price_open": 1.15049,
        "price_high": 1.23547,
        "price_low": 1.12707,
        "price_close": 1.23455,
        "volume_traded": 40826330.89294402,
        "trades_count": 16021
    },
    {
        "time_period_start": "2021-08-20T00:00:00.0000000Z",
        "time_period_end": "2021-08-20T08:00:00.0000000Z",
        "time_open": "2021-08-20T00:00:06.5990000Z",
        "time_close": "2021-08-20T07:59:58.0490000Z",
        "price_open": 1.23439,
        "price_high": 1.25961,
        "price_low": 1.1991,
        "price_close": 1.24034,
        "volume_traded": 25746423.47203629,
        "trades_count": 11388
    },
    {
        "time_period_start": "2021-08-20T08:00:00.0000000Z",
        "time_period_end": "2021-08-20T16:00:00.0000000Z",
        "time_open": "2021-08-20T08:00:02.0050000Z",
        "time_close": "2021-08-20T15:59:52.0370000Z",
        "price_open": 1.24052,
        "price_high": 1.28747,
        "price_low": 1.22441,
        "price_close": 1.28361,
        "volume_traded": 37869303.69706597,
        "trades_count": 17850
    },
    {
        "time_period_start": "2021-08-20T16:00:00.0000000Z",
        "time_period_end": "2021-08-21T00:00:00.0000000Z",
        "time_open": "2021-08-20T16:00:01.2030000Z",
        "time_close": "2021-08-20T23:59:41.6760000Z",
        "price_open": 1.28263,
        "price_high": 1.29027,
        "price_low": 1.224,
        "price_close": 1.26374,
        "volume_traded": 19906835.25631447,
        "trades_count": 9748
    },
    {
        "time_period_start": "2021-08-21T00:00:00.0000000Z",
        "time_period_end": "2021-08-21T08:00:00.0000000Z",
        "time_open": "2021-08-21T00:00:13.0210000Z",
        "time_close": "2021-08-21T07:59:54.3460000Z",
        "price_open": 1.26365,
        "price_high": 1.2841,
        "price_low": 1.23147,
        "price_close": 1.26272,
        "volume_traded": 14305434.0044989,
        "trades_count": 6963
    },
    {
        "time_period_start": "2021-08-21T08:00:00.0000000Z",
        "time_period_end": "2021-08-21T16:00:00.0000000Z",
        "time_open": "2021-08-21T08:00:18.8920000Z",
        "time_close": "2021-08-21T15:59:35.7870000Z",
        "price_open": 1.26415,
        "price_high": 1.26778,
        "price_low": 1.21668,
        "price_close": 1.24015,
        "volume_traded": 17818493.44648122,
        "trades_count": 8551
    },
    {
        "time_period_start": "2021-08-21T16:00:00.0000000Z",
        "time_period_end": "2021-08-22T00:00:00.0000000Z",
        "time_open": "2021-08-21T16:00:04.0980000Z",
        "time_close": "2021-08-21T23:59:49.4130000Z",
        "price_open": 1.24057,
        "price_high": 1.24784,
        "price_low": 1.20365,
        "price_close": 1.21726,
        "volume_traded": 18025100.3930821,
        "trades_count": 7317
    },
    {
        "time_period_start": "2021-08-22T00:00:00.0000000Z",
        "time_period_end": "2021-08-22T08:00:00.0000000Z",
        "time_open": "2021-08-22T00:00:07.1970000Z",
        "time_close": "2021-08-22T07:59:50.8960000Z",
        "price_open": 1.21614,
        "price_high": 1.25609,
        "price_low": 1.21481,
        "price_close": 1.2504,
        "volume_traded": 9886715.69841035,
        "trades_count": 4711
    },
    {
        "time_period_start": "2021-08-22T08:00:00.0000000Z",
        "time_period_end": "2021-08-22T16:00:00.0000000Z",
        "time_open": "2021-08-22T08:00:04.4820000Z",
        "time_close": "2021-08-22T15:59:58.9870000Z",
        "price_open": 1.25159,
        "price_high": 1.25708,
        "price_low": 1.17543,
        "price_close": 1.20697,
        "volume_traded": 16418798.26747976,
        "trades_count": 6926
    },
    {
        "time_period_start": "2021-08-22T16:00:00.0000000Z",
        "time_period_end": "2021-08-23T00:00:00.0000000Z",
        "time_open": "2021-08-22T16:00:04.1030000Z",
        "time_close": "2021-08-22T23:59:38.7910000Z",
        "price_open": 1.20681,
        "price_high": 1.23298,
        "price_low": 1.18228,
        "price_close": 1.22737,
        "volume_traded": 18933764.55970431,
        "trades_count": 7144
    },
    {
        "time_period_start": "2021-08-23T00:00:00.0000000Z",
        "time_period_end": "2021-08-23T08:00:00.0000000Z",
        "time_open": "2021-08-23T00:00:09.4860000Z",
        "time_close": "2021-08-23T07:59:59.4370000Z",
        "price_open": 1.22667,
        "price_high": 1.25704,
        "price_low": 1.22132,
        "price_close": 1.24429,
        "volume_traded": 23251709.87596963,
        "trades_count": 11246
    },
    {
        "time_period_start": "2021-08-23T08:00:00.0000000Z",
        "time_period_end": "2021-08-23T16:00:00.0000000Z",
        "time_open": "2021-08-23T08:00:02.7590000Z",
        "time_close": "2021-08-23T15:59:58.4810000Z",
        "price_open": 1.24442,
        "price_high": 1.30441,
        "price_low": 1.19911,
        "price_close": 1.24146,
        "volume_traded": 43341092.00250628,
        "trades_count": 20214
    },
    {
        "time_period_start": "2021-08-23T16:00:00.0000000Z",
        "time_period_end": "2021-08-24T00:00:00.0000000Z",
        "time_open": "2021-08-23T16:00:05.1000000Z",
        "time_close": "2021-08-23T23:59:46.8950000Z",
        "price_open": 1.24242,
        "price_high": 1.26093,
        "price_low": 1.21924,
        "price_close": 1.24621,
        "volume_traded": 10657984.4175362,
        "trades_count": 6354
    },
    {
        "time_period_start": "2021-08-24T00:00:00.0000000Z",
        "time_period_end": "2021-08-24T08:00:00.0000000Z",
        "time_open": "2021-08-24T00:00:05.3240000Z",
        "time_close": "2021-08-24T07:59:11.7930000Z",
        "price_open": 1.24639,
        "price_high": 1.26676,
        "price_low": 1.21573,
        "price_close": 1.25827,
        "volume_traded": 13530726.82590121,
        "trades_count": 6059
    },
    {
        "time_period_start": "2021-08-24T08:00:00.0000000Z",
        "time_period_end": "2021-08-24T16:00:00.0000000Z",
        "time_open": "2021-08-24T08:00:18.0410000Z",
        "time_close": "2021-08-24T15:59:56.3560000Z",
        "price_open": 1.25683,
        "price_high": 1.26533,
        "price_low": 1.16222,
        "price_close": 1.17993,
        "volume_traded": 29366689.14583323,
        "trades_count": 13808
    },
    {
        "time_period_start": "2021-08-24T16:00:00.0000000Z",
        "time_period_end": "2021-08-25T00:00:00.0000000Z",
        "time_open": "2021-08-24T16:00:05.1030000Z",
        "time_close": "2021-08-24T23:59:59.0300000Z",
        "price_open": 1.18079,
        "price_high": 1.19511,
        "price_low": 1.12152,
        "price_close": 1.1352,
        "volume_traded": 35189446.44194633,
        "trades_count": 15277
    },
    {
        "time_period_start": "2021-08-25T00:00:00.0000000Z",
        "time_period_end": "2021-08-25T08:00:00.0000000Z",
        "time_open": "2021-08-25T00:00:04.4940000Z",
        "time_close": "2021-08-25T07:59:43.2250000Z",
        "price_open": 1.13573,
        "price_high": 1.17807,
        "price_low": 1.13429,
        "price_close": 1.15758,
        "volume_traded": 15779951.71768923,
        "trades_count": 6533
    },
    {
        "time_period_start": "2021-08-25T08:00:00.0000000Z",
        "time_period_end": "2021-08-25T16:00:00.0000000Z",
        "time_open": "2021-08-25T08:00:02.4820000Z",
        "time_close": "2021-08-25T15:59:58.4440000Z",
        "price_open": 1.15776,
        "price_high": 1.17706,
        "price_low": 1.10712,
        "price_close": 1.17389,
        "volume_traded": 42751721.21674983,
        "trades_count": 14497
    },
    {
        "time_period_start": "2021-08-25T16:00:00.0000000Z",
        "time_period_end": "2021-08-26T00:00:00.0000000Z",
        "time_open": "2021-08-25T16:00:02.0730000Z",
        "time_close": "2021-08-25T23:59:45.0210000Z",
        "price_open": 1.1743,
        "price_high": 1.17773,
        "price_low": 1.15315,
        "price_close": 1.1751,
        "volume_traded": 23714886.43142637,
        "trades_count": 8184
    },
    {
        "time_period_start": "2021-08-26T00:00:00.0000000Z",
        "time_period_end": "2021-08-26T08:00:00.0000000Z",
        "time_open": "2021-08-26T00:00:10.5340000Z",
        "time_close": "2021-08-26T07:59:52.4940000Z",
        "price_open": 1.1734,
        "price_high": 1.18718,
        "price_low": 1.10173,
        "price_close": 1.12031,
        "volume_traded": 24554296.91110133,
        "trades_count": 9733
    },
    {
        "time_period_start": "2021-08-26T08:00:00.0000000Z",
        "time_period_end": "2021-08-26T16:00:00.0000000Z",
        "time_open": "2021-08-26T08:00:02.2080000Z",
        "time_close": "2021-08-26T15:59:54.4760000Z",
        "price_open": 1.12041,
        "price_high": 1.1281,
        "price_low": 1.06659,
        "price_close": 1.08383,
        "volume_traded": 44482491.51365244,
        "trades_count": 16172
    },
    {
        "time_period_start": "2021-08-26T16:00:00.0000000Z",
        "time_period_end": "2021-08-27T00:00:00.0000000Z",
        "time_open": "2021-08-26T16:00:01.5570000Z",
        "time_close": "2021-08-26T23:59:54.9880000Z",
        "price_open": 1.08495,
        "price_high": 1.11094,
        "price_low": 1.06272,
        "price_close": 1.07225,
        "volume_traded": 20154131.55003332,
        "trades_count": 8562
    },
    {
        "time_period_start": "2021-08-27T00:00:00.0000000Z",
        "time_period_end": "2021-08-27T08:00:00.0000000Z",
        "time_open": "2021-08-27T00:00:05.7950000Z",
        "time_close": "2021-08-27T07:59:53.5920000Z",
        "price_open": 1.07217,
        "price_high": 1.10933,
        "price_low": 1.04985,
        "price_close": 1.10622,
        "volume_traded": 17757473.39895352,
        "trades_count": 8714
    },
    {
        "time_period_start": "2021-08-27T08:00:00.0000000Z",
        "time_period_end": "2021-08-27T16:00:00.0000000Z",
        "time_open": "2021-08-27T08:00:26.6970000Z",
        "time_close": "2021-08-27T15:59:32.1280000Z",
        "price_open": 1.10502,
        "price_high": 1.15899,
        "price_low": 1.08741,
        "price_close": 1.1442,
        "volume_traded": 41525635.54589961,
        "trades_count": 16351
    },
    {
        "time_period_start": "2021-08-27T16:00:00.0000000Z",
        "time_period_end": "2021-08-28T00:00:00.0000000Z",
        "time_open": "2021-08-27T16:00:05.1320000Z",
        "time_close": "2021-08-27T23:59:55.0790000Z",
        "price_open": 1.1458,
        "price_high": 1.19317,
        "price_low": 1.12841,
        "price_close": 1.19235,
        "volume_traded": 17976459.0889997,
        "trades_count": 7410
    },
    {
        "time_period_start": "2021-08-28T00:00:00.0000000Z",
        "time_period_end": "2021-08-28T08:00:00.0000000Z",
        "time_open": "2021-08-28T00:00:05.7360000Z",
        "time_close": "2021-08-28T07:59:58.3470000Z",
        "price_open": 1.19246,
        "price_high": 1.1988,
        "price_low": 1.15203,
        "price_close": 1.16222,
        "volume_traded": 14177228.33777588,
        "trades_count": 6165
    },
    {
        "time_period_start": "2021-08-28T08:00:00.0000000Z",
        "time_period_end": "2021-08-28T16:00:00.0000000Z",
        "time_open": "2021-08-28T08:00:03.2280000Z",
        "time_close": "2021-08-28T15:59:16.7750000Z",
        "price_open": 1.16222,
        "price_high": 1.175,
        "price_low": 1.1335,
        "price_close": 1.14949,
        "volume_traded": 26567844.76797429,
        "trades_count": 7172
    },
    {
        "time_period_start": "2021-08-28T16:00:00.0000000Z",
        "time_period_end": "2021-08-29T00:00:00.0000000Z",
        "time_open": "2021-08-28T16:00:11.2990000Z",
        "time_close": "2021-08-28T23:59:59.6910000Z",
        "price_open": 1.1505,
        "price_high": 1.16006,
        "price_low": 1.13704,
        "price_close": 1.14587,
        "volume_traded": 8346609.27457701,
        "trades_count": 3362
    },
    {
        "time_period_start": "2021-08-29T00:00:00.0000000Z",
        "time_period_end": "2021-08-29T08:00:00.0000000Z",
        "time_open": "2021-08-29T00:00:11.9070000Z",
        "time_close": "2021-08-29T07:59:25.3080000Z",
        "price_open": 1.14697,
        "price_high": 1.16865,
        "price_low": 1.11251,
        "price_close": 1.145,
        "volume_traded": 7792629.80647516,
        "trades_count": 5473
    },
    {
        "time_period_start": "2021-08-29T08:00:00.0000000Z",
        "time_period_end": "2021-08-29T16:00:00.0000000Z",
        "time_open": "2021-08-29T08:00:32.9860000Z",
        "time_close": "2021-08-29T15:59:48.4060000Z",
        "price_open": 1.14549,
        "price_high": 1.15177,
        "price_low": 1.12004,
        "price_close": 1.13237,
        "volume_traded": 21344445.17936335,
        "trades_count": 8799
    },
    {
        "time_period_start": "2021-08-29T16:00:00.0000000Z",
        "time_period_end": "2021-08-30T00:00:00.0000000Z",
        "time_open": "2021-08-29T16:00:04.1060000Z",
        "time_close": "2021-08-29T23:59:54.1220000Z",
        "price_open": 1.13266,
        "price_high": 1.16503,
        "price_low": 1.12993,
        "price_close": 1.14131,
        "volume_traded": 7763565.06324609,
        "trades_count": 4883
    },
    {
        "time_period_start": "2021-08-30T00:00:00.0000000Z",
        "time_period_end": "2021-08-30T08:00:00.0000000Z",
        "time_open": "2021-08-30T00:00:22.2400000Z",
        "time_close": "2021-08-30T07:59:11.8340000Z",
        "price_open": 1.1417,
        "price_high": 1.1451,
        "price_low": 1.11985,
        "price_close": 1.13809,
        "volume_traded": 10462557.5992258,
        "trades_count": 4076
    },
    {
        "time_period_start": "2021-08-30T08:00:00.0000000Z",
        "time_period_end": "2021-08-30T16:00:00.0000000Z",
        "time_open": "2021-08-30T08:00:03.8180000Z",
        "time_close": "2021-08-30T15:59:58.8360000Z",
        "price_open": 1.13796,
        "price_high": 1.14543,
        "price_low": 1.10496,
        "price_close": 1.13044,
        "volume_traded": 24769820.87801463,
        "trades_count": 11548
    },
    {
        "time_period_start": "2021-08-30T16:00:00.0000000Z",
        "time_period_end": "2021-08-31T00:00:00.0000000Z",
        "time_open": "2021-08-30T16:00:21.3690000Z",
        "time_close": "2021-08-30T23:59:35.1340000Z",
        "price_open": 1.12975,
        "price_high": 1.15129,
        "price_low": 1.09475,
        "price_close": 1.101,
        "volume_traded": 16945417.70978628,
        "trades_count": 7008
    },
    {
        "time_period_start": "2021-08-31T00:00:00.0000000Z",
        "time_period_end": "2021-08-31T08:00:00.0000000Z",
        "time_open": "2021-08-31T00:00:14.7680000Z",
        "time_close": "2021-08-31T07:59:57.8950000Z",
        "price_open": 1.09972,
        "price_high": 1.13914,
        "price_low": 1.09176,
        "price_close": 1.1355,
        "volume_traded": 13935844.68764524,
        "trades_count": 5906
    },
    {
        "time_period_start": "2021-08-31T08:00:00.0000000Z",
        "time_period_end": "2021-08-31T16:00:00.0000000Z",
        "time_open": "2021-08-31T08:00:01.5570000Z",
        "time_close": "2021-08-31T15:59:59.2740000Z",
        "price_open": 1.13514,
        "price_high": 1.18139,
        "price_low": 1.11462,
        "price_close": 1.18079,
        "volume_traded": 39223132.93137298,
        "trades_count": 12151
    },
    {
        "time_period_start": "2021-08-31T16:00:00.0000000Z",
        "time_period_end": "2021-09-01T00:00:00.0000000Z",
        "time_open": "2021-08-31T16:00:00.0140000Z",
        "time_close": "2021-08-31T23:59:58.5730000Z",
        "price_open": 1.18146,
        "price_high": 1.24368,
        "price_low": 1.15006,
        "price_close": 1.18651,
        "volume_traded": 52999406.2658498,
        "trades_count": 19752
    },
    {
        "time_period_start": "2021-09-01T00:00:00.0000000Z",
        "time_period_end": "2021-09-01T08:00:00.0000000Z",
        "time_open": "2021-09-01T00:00:10.7480000Z",
        "time_close": "2021-09-01T07:59:37.7230000Z",
        "price_open": 1.18583,
        "price_high": 1.21051,
        "price_low": 1.15896,
        "price_close": 1.18668,
        "volume_traded": 23576799.51681236,
        "trades_count": 10070
    },
    {
        "time_period_start": "2021-09-01T08:00:00.0000000Z",
        "time_period_end": "2021-09-01T16:00:00.0000000Z",
        "time_open": "2021-09-01T08:00:11.2670000Z",
        "time_close": "2021-09-01T15:59:57.2550000Z",
        "price_open": 1.18577,
        "price_high": 1.21884,
        "price_low": 1.182,
        "price_close": 1.1937,
        "volume_traded": 21797675.87229112,
        "trades_count": 9520
    },
    {
        "time_period_start": "2021-09-01T16:00:00.0000000Z",
        "time_period_end": "2021-09-02T00:00:00.0000000Z",
        "time_open": "2021-09-01T16:00:05.1110000Z",
        "time_close": "2021-09-01T23:59:56.6470000Z",
        "price_open": 1.19405,
        "price_high": 1.23815,
        "price_low": 1.1828,
        "price_close": 1.23649,
        "volume_traded": 22089327.33813403,
        "trades_count": 8482
    },
    {
        "time_period_start": "2021-09-02T00:00:00.0000000Z",
        "time_period_end": "2021-09-02T08:00:00.0000000Z",
        "time_open": "2021-09-02T00:00:07.8340000Z",
        "time_close": "2021-09-02T07:59:57.1750000Z",
        "price_open": 1.23755,
        "price_high": 1.27188,
        "price_low": 1.22225,
        "price_close": 1.25065,
        "volume_traded": 22595200.33136049,
        "trades_count": 9110
    },
    {
        "time_period_start": "2021-09-02T08:00:00.0000000Z",
        "time_period_end": "2021-09-02T16:00:00.0000000Z",
        "time_open": "2021-09-02T08:00:04.2430000Z",
        "time_close": "2021-09-02T15:59:57.5660000Z",
        "price_open": 1.25047,
        "price_high": 1.29619,
        "price_low": 1.23578,
        "price_close": 1.24937,
        "volume_traded": 32937267.5842318,
        "trades_count": 14385
    },
    {
        "time_period_start": "2021-09-02T16:00:00.0000000Z",
        "time_period_end": "2021-09-03T00:00:00.0000000Z",
        "time_open": "2021-09-02T16:00:03.3580000Z",
        "time_close": "2021-09-02T23:59:58.2850000Z",
        "price_open": 1.24845,
        "price_high": 1.27999,
        "price_low": 1.24699,
        "price_close": 1.25431,
        "volume_traded": 11792933.20815834,
        "trades_count": 5553
    },
    {
        "time_period_start": "2021-09-03T00:00:00.0000000Z",
        "time_period_end": "2021-09-03T08:00:00.0000000Z",
        "time_open": "2021-09-03T00:00:44.8560000Z",
        "time_close": "2021-09-03T07:59:42.4290000Z",
        "price_open": 1.25356,
        "price_high": 1.29089,
        "price_low": 1.2202,
        "price_close": 1.26145,
        "volume_traded": 18189165.17456763,
        "trades_count": 8194
    },
    {
        "time_period_start": "2021-09-03T08:00:00.0000000Z",
        "time_period_end": "2021-09-03T16:00:00.0000000Z",
        "time_open": "2021-09-03T08:00:01.7070000Z",
        "time_close": "2021-09-03T15:59:46.4130000Z",
        "price_open": 1.26378,
        "price_high": 1.32354,
        "price_low": 1.2609,
        "price_close": 1.30239,
        "volume_traded": 34975540.86820954,
        "trades_count": 17569
    },
    {
        "time_period_start": "2021-09-03T16:00:00.0000000Z",
        "time_period_end": "2021-09-04T00:00:00.0000000Z",
        "time_open": "2021-09-03T16:00:01.5430000Z",
        "time_close": "2021-09-03T23:59:41.2100000Z",
        "price_open": 1.30055,
        "price_high": 1.31911,
        "price_low": 1.272,
        "price_close": 1.29081,
        "volume_traded": 20292127.24992091,
        "trades_count": 8743
    },
    {
        "time_period_start": "2021-09-04T00:00:00.0000000Z",
        "time_period_end": "2021-09-04T08:00:00.0000000Z",
        "time_open": "2021-09-04T00:00:05.9700000Z",
        "time_close": "2021-09-04T07:59:27.4270000Z",
        "price_open": 1.29175,
        "price_high": 1.2981,
        "price_low": 1.26709,
        "price_close": 1.28005,
        "volume_traded": 8032814.01170302,
        "trades_count": 3676
    },
    {
        "time_period_start": "2021-09-04T08:00:00.0000000Z",
        "time_period_end": "2021-09-04T16:00:00.0000000Z",
        "time_open": "2021-09-04T08:00:08.1660000Z",
        "time_close": "2021-09-04T15:59:50.0310000Z",
        "price_open": 1.27961,
        "price_high": 1.28543,
        "price_low": 1.261,
        "price_close": 1.26442,
        "volume_traded": 12326712.11544852,
        "trades_count": 5047
    },
    {
        "time_period_start": "2021-09-04T16:00:00.0000000Z",
        "time_period_end": "2021-09-05T00:00:00.0000000Z",
        "time_open": "2021-09-04T16:00:05.4970000Z",
        "time_close": "2021-09-04T23:59:07.2510000Z",
        "price_open": 1.26516,
        "price_high": 1.27144,
        "price_low": 1.23527,
        "price_close": 1.25559,
        "volume_traded": 14930787.51881768,
        "trades_count": 6434
    },
    {
        "time_period_start": "2021-09-05T00:00:00.0000000Z",
        "time_period_end": "2021-09-05T08:00:00.0000000Z",
        "time_open": "2021-09-05T00:00:19.8340000Z",
        "time_close": "2021-09-05T07:59:26.9420000Z",
        "price_open": 1.25608,
        "price_high": 1.26678,
        "price_low": 1.23736,
        "price_close": 1.24856,
        "volume_traded": 5481130.28565854,
        "trades_count": 3145
    },
    {
        "time_period_start": "2021-09-05T08:00:00.0000000Z",
        "time_period_end": "2021-09-05T16:00:00.0000000Z",
        "time_open": "2021-09-05T08:00:19.5950000Z",
        "time_close": "2021-09-05T15:59:56.0480000Z",
        "price_open": 1.24919,
        "price_high": 1.3,
        "price_low": 1.24825,
        "price_close": 1.28886,
        "volume_traded": 9577667.1059479,
        "trades_count": 4762
    },
    {
        "time_period_start": "2021-09-05T16:00:00.0000000Z",
        "time_period_end": "2021-09-06T00:00:00.0000000Z",
        "time_open": "2021-09-05T16:00:03.9650000Z",
        "time_close": "2021-09-05T23:59:52.7560000Z",
        "price_open": 1.28832,
        "price_high": 1.31307,
        "price_low": 1.28067,
        "price_close": 1.30691,
        "volume_traded": 9884150.22447489,
        "trades_count": 4944
    },
    {
        "time_period_start": "2021-09-06T00:00:00.0000000Z",
        "time_period_end": "2021-09-06T08:00:00.0000000Z",
        "time_open": "2021-09-06T00:00:31.3690000Z",
        "time_close": "2021-09-06T07:59:41.4270000Z",
        "price_open": 1.3083,
        "price_high": 1.34039,
        "price_low": 1.30781,
        "price_close": 1.32224,
        "volume_traded": 17492242.31360343,
        "trades_count": 8186
    },
    {
        "time_period_start": "2021-09-06T08:00:00.0000000Z",
        "time_period_end": "2021-09-06T16:00:00.0000000Z",
        "time_open": "2021-09-06T08:00:01.7750000Z",
        "time_close": "2021-09-06T15:59:54.5250000Z",
        "price_open": 1.32208,
        "price_high": 1.39668,
        "price_low": 1.31429,
        "price_close": 1.36291,
        "volume_traded": 36416768.52043675,
        "trades_count": 17359
    },
    {
        "time_period_start": "2021-09-06T16:00:00.0000000Z",
        "time_period_end": "2021-09-07T00:00:00.0000000Z",
        "time_open": "2021-09-06T16:00:02.1650000Z",
        "time_close": "2021-09-06T23:59:49.6520000Z",
        "price_open": 1.36263,
        "price_high": 1.4168,
        "price_low": 1.35548,
        "price_close": 1.39074,
        "volume_traded": 31326121.32332421,
        "trades_count": 11201
    },
    {
        "time_period_start": "2021-09-07T00:00:00.0000000Z",
        "time_period_end": "2021-09-07T08:00:00.0000000Z",
        "time_open": "2021-09-07T00:00:05.9570000Z",
        "time_close": "2021-09-07T07:59:59.0180000Z",
        "price_open": 1.39032,
        "price_high": 1.39322,
        "price_low": 1.33346,
        "price_close": 1.3532,
        "volume_traded": 17437597.70984981,
        "trades_count": 8654
    },
    {
        "time_period_start": "2021-09-07T08:00:00.0000000Z",
        "time_period_end": "2021-09-07T16:00:00.0000000Z",
        "time_open": "2021-09-07T08:00:05.9620000Z",
        "time_close": "2021-09-07T15:59:58.3040000Z",
        "price_open": 1.35341,
        "price_high": 1.35488,
        "price_low": 0.88204,
        "price_close": 1.13326,
        "volume_traded": 115596470.63521264,
        "trades_count": 48061
    },
    {
        "time_period_start": "2021-09-07T16:00:00.0000000Z",
        "time_period_end": "2021-09-08T00:00:00.0000000Z",
        "time_open": "2021-09-07T16:00:01.3150000Z",
        "time_close": "2021-09-07T23:59:59.2790000Z",
        "price_open": 1.1368,
        "price_high": 1.16402,
        "price_low": 1.0268,
        "price_close": 1.12936,
        "volume_traded": 87195970.10819861,
        "trades_count": 41444
    },
    {
        "time_period_start": "2021-09-08T00:00:00.0000000Z",
        "time_period_end": "2021-09-08T08:00:00.0000000Z",
        "time_open": "2021-09-08T00:00:02.2720000Z",
        "time_close": "2021-09-08T07:59:59.3490000Z",
        "price_open": 1.12953,
        "price_high": 1.1487,
        "price_low": 1.04252,
        "price_close": 1.04718,
        "volume_traded": 44356927.94648952,
        "trades_count": 18029
    },
    {
        "time_period_start": "2021-09-08T08:00:00.0000000Z",
        "time_period_end": "2021-09-08T16:00:00.0000000Z",
        "time_open": "2021-09-08T08:00:00.1090000Z",
        "time_close": "2021-09-08T15:59:57.0160000Z",
        "price_open": 1.04667,
        "price_high": 1.11268,
        "price_low": 1.01291,
        "price_close": 1.10034,
        "volume_traded": 47970288.2192668,
        "trades_count": 19827
    },
    {
        "time_period_start": "2021-09-08T16:00:00.0000000Z",
        "time_period_end": "2021-09-09T00:00:00.0000000Z",
        "time_open": "2021-09-08T16:00:02.8950000Z",
        "time_close": "2021-09-08T23:59:58.4230000Z",
        "price_open": 1.1024,
        "price_high": 1.13396,
        "price_low": 1.07815,
        "price_close": 1.09997,
        "volume_traded": 25018538.87021495,
        "trades_count": 9258
    },
    {
        "time_period_start": "2021-09-09T00:00:00.0000000Z",
        "time_period_end": "2021-09-09T08:00:00.0000000Z",
        "time_open": "2021-09-09T00:00:00.8070000Z",
        "time_close": "2021-09-09T07:59:29.8920000Z",
        "price_open": 1.10069,
        "price_high": 1.12521,
        "price_low": 1.08006,
        "price_close": 1.1121,
        "volume_traded": 23770789.89163361,
        "trades_count": 8211
    },
    {
        "time_period_start": "2021-09-09T08:00:00.0000000Z",
        "time_period_end": "2021-09-09T16:00:00.0000000Z",
        "time_open": "2021-09-09T08:00:01.1990000Z",
        "time_close": "2021-09-09T15:59:51.2640000Z",
        "price_open": 1.11071,
        "price_high": 1.20611,
        "price_low": 1.07207,
        "price_close": 1.11775,
        "volume_traded": 32675428.46517697,
        "trades_count": 12259
    },
    {
        "time_period_start": "2021-09-09T16:00:00.0000000Z",
        "time_period_end": "2021-09-10T00:00:00.0000000Z",
        "time_open": "2021-09-09T16:00:06.2280000Z",
        "time_close": "2021-09-09T23:59:58.2240000Z",
        "price_open": 1.11881,
        "price_high": 1.12669,
        "price_low": 1.08144,
        "price_close": 1.08703,
        "volume_traded": 14668728.40869339,
        "trades_count": 7185
    },
    {
        "time_period_start": "2021-09-10T00:00:00.0000000Z",
        "time_period_end": "2021-09-10T08:00:00.0000000Z",
        "time_open": "2021-09-10T00:00:10.7730000Z",
        "time_close": "2021-09-10T07:59:59.2980000Z",
        "price_open": 1.08726,
        "price_high": 1.24499,
        "price_low": 1.08629,
        "price_close": 1.09798,
        "volume_traded": 48507341.94662644,
        "trades_count": 21336
    },
    {
        "time_period_start": "2021-09-10T08:00:00.0000000Z",
        "time_period_end": "2021-09-10T16:00:00.0000000Z",
        "time_open": "2021-09-10T08:00:01.2010000Z",
        "time_close": "2021-09-10T15:59:53.6160000Z",
        "price_open": 1.09662,
        "price_high": 1.10656,
        "price_low": 1.03062,
        "price_close": 1.0695,
        "volume_traded": 53348767.47833538,
        "trades_count": 23714
    },
    {
        "time_period_start": "2021-09-10T16:00:00.0000000Z",
        "time_period_end": "2021-09-11T00:00:00.0000000Z",
        "time_open": "2021-09-10T16:00:00.7210000Z",
        "time_close": "2021-09-10T23:59:56.7150000Z",
        "price_open": 1.06909,
        "price_high": 1.0864,
        "price_low": 1.02978,
        "price_close": 1.05553,
        "volume_traded": 19153723.34692245,
        "trades_count": 8565
    },
    {
        "time_period_start": "2021-09-11T00:00:00.0000000Z",
        "time_period_end": "2021-09-11T08:00:00.0000000Z",
        "time_open": "2021-09-11T00:00:11.1090000Z",
        "time_close": "2021-09-11T07:59:59.0840000Z",
        "price_open": 1.05581,
        "price_high": 1.07756,
        "price_low": 1.05082,
        "price_close": 1.07,
        "volume_traded": 13560891.07961535,
        "trades_count": 6349
    },
    {
        "time_period_start": "2021-09-11T08:00:00.0000000Z",
        "time_period_end": "2021-09-11T16:00:00.0000000Z",
        "time_open": "2021-09-11T08:00:01.1070000Z",
        "time_close": "2021-09-11T15:59:47.0670000Z",
        "price_open": 1.07,
        "price_high": 1.11292,
        "price_low": 1.0576,
        "price_close": 1.098,
        "volume_traded": 12338344.82619147,
        "trades_count": 6136
    },
    {
        "time_period_start": "2021-09-11T16:00:00.0000000Z",
        "time_period_end": "2021-09-12T00:00:00.0000000Z",
        "time_open": "2021-09-11T16:00:03.5450000Z",
        "time_close": "2021-09-11T23:59:38.8770000Z",
        "price_open": 1.09814,
        "price_high": 1.10997,
        "price_low": 1.06681,
        "price_close": 1.07875,
        "volume_traded": 9202153.81769919,
        "trades_count": 4811
    },
    {
        "time_period_start": "2021-09-12T00:00:00.0000000Z",
        "time_period_end": "2021-09-12T08:00:00.0000000Z",
        "time_open": "2021-09-12T00:00:10.9680000Z",
        "time_close": "2021-09-12T07:59:52.4150000Z",
        "price_open": 1.07826,
        "price_high": 1.08584,
        "price_low": 1.058,
        "price_close": 1.08127,
        "volume_traded": 5656511.85195909,
        "trades_count": 3136
    },
    {
        "time_period_start": "2021-09-12T08:00:00.0000000Z",
        "time_period_end": "2021-09-12T16:00:00.0000000Z",
        "time_open": "2021-09-12T08:00:04.5720000Z",
        "time_close": "2021-09-12T15:59:50.3960000Z",
        "price_open": 1.08084,
        "price_high": 1.1173,
        "price_low": 1.07697,
        "price_close": 1.11018,
        "volume_traded": 8386456.03442873,
        "trades_count": 4492
    },
    {
        "time_period_start": "2021-09-12T16:00:00.0000000Z",
        "time_period_end": "2021-09-13T00:00:00.0000000Z",
        "time_open": "2021-09-12T16:00:04.8470000Z",
        "time_close": "2021-09-12T23:59:52.9970000Z",
        "price_open": 1.10835,
        "price_high": 1.12711,
        "price_low": 1.07765,
        "price_close": 1.1197,
        "volume_traded": 13962223.87590642,
        "trades_count": 6705
    },
    {
        "time_period_start": "2021-09-13T00:00:00.0000000Z",
        "time_period_end": "2021-09-13T08:00:00.0000000Z",
        "time_open": "2021-09-13T00:00:09.9620000Z",
        "time_close": "2021-09-13T07:59:54.0390000Z",
        "price_open": 1.11844,
        "price_high": 1.12625,
        "price_low": 1.0381,
        "price_close": 1.04883,
        "volume_traded": 18551533.06614315,
        "trades_count": 7379
    },
    {
        "time_period_start": "2021-09-13T08:00:00.0000000Z",
        "time_period_end": "2021-09-13T16:00:00.0000000Z",
        "time_open": "2021-09-13T08:00:01.1170000Z",
        "time_close": "2021-09-13T15:59:58.4220000Z",
        "price_open": 1.04941,
        "price_high": 1.10036,
        "price_low": 1.02285,
        "price_close": 1.04829,
        "volume_traded": 33969635.47704042,
        "trades_count": 14441
    },
    {
        "time_period_start": "2021-09-13T16:00:00.0000000Z",
        "time_period_end": "2021-09-14T00:00:00.0000000Z",
        "time_open": "2021-09-13T16:00:02.5250000Z",
        "time_close": "2021-09-13T23:59:48.9130000Z",
        "price_open": 1.04908,
        "price_high": 1.07572,
        "price_low": 1.04383,
        "price_close": 1.06453,
        "volume_traded": 11128102.39824032,
        "trades_count": 4960
    },
    {
        "time_period_start": "2021-09-14T00:00:00.0000000Z",
        "time_period_end": "2021-09-14T08:00:00.0000000Z",
        "time_open": "2021-09-14T00:00:12.8480000Z",
        "time_close": "2021-09-14T07:59:43.8330000Z",
        "price_open": 1.06517,
        "price_high": 1.08361,
        "price_low": 1.05695,
        "price_close": 1.077,
        "volume_traded": 9964824.70870021,
        "trades_count": 4630
    },
    {
        "time_period_start": "2021-09-14T08:00:00.0000000Z",
        "time_period_end": "2021-09-14T16:00:00.0000000Z",
        "time_open": "2021-09-14T08:00:08.1120000Z",
        "time_close": "2021-09-14T15:59:59.6370000Z",
        "price_open": 1.07689,
        "price_high": 1.0888,
        "price_low": 1.0582,
        "price_close": 1.08519,
        "volume_traded": 16381346.38141294,
        "trades_count": 10169
    },
    {
        "time_period_start": "2021-09-14T16:00:00.0000000Z",
        "time_period_end": "2021-09-15T00:00:00.0000000Z",
        "time_open": "2021-09-14T16:00:01.3980000Z",
        "time_close": "2021-09-14T23:59:37.7590000Z",
        "price_open": 1.08451,
        "price_high": 1.09816,
        "price_low": 1.0682,
        "price_close": 1.09621,
        "volume_traded": 8799439.67484932,
        "trades_count": 4641
    },
    {
        "time_period_start": "2021-09-15T00:00:00.0000000Z",
        "time_period_end": "2021-09-15T08:00:00.0000000Z",
        "time_open": "2021-09-15T00:00:09.8350000Z",
        "time_close": "2021-09-15T07:59:59.6120000Z",
        "price_open": 1.09625,
        "price_high": 1.09932,
        "price_low": 1.07912,
        "price_close": 1.09322,
        "volume_traded": 8939319.51523987,
        "trades_count": 3576
    },
    {
        "time_period_start": "2021-09-15T08:00:00.0000000Z",
        "time_period_end": "2021-09-15T16:00:00.0000000Z",
        "time_open": "2021-09-15T08:00:25.6450000Z",
        "time_close": "2021-09-15T15:59:56.7350000Z",
        "price_open": 1.09269,
        "price_high": 1.11518,
        "price_low": 1.08455,
        "price_close": 1.11494,
        "volume_traded": 14868425.30939784,
        "trades_count": 7609
    },
    {
        "time_period_start": "2021-09-15T16:00:00.0000000Z",
        "time_period_end": "2021-09-16T00:00:00.0000000Z",
        "time_open": "2021-09-15T16:00:01.9700000Z",
        "time_close": "2021-09-15T23:59:49.3590000Z",
        "price_open": 1.11477,
        "price_high": 1.13048,
        "price_low": 1.10786,
        "price_close": 1.1212,
        "volume_traded": 10308100.083198,
        "trades_count": 4771
    },
    {
        "time_period_start": "2021-09-16T00:00:00.0000000Z",
        "time_period_end": "2021-09-16T08:00:00.0000000Z",
        "time_open": "2021-09-16T00:01:06.7910000Z",
        "time_close": "2021-09-16T07:59:53.6390000Z",
        "price_open": 1.12029,
        "price_high": 1.13064,
        "price_low": 1.09314,
        "price_close": 1.12355,
        "volume_traded": 9638146.03390534,
        "trades_count": 4012
    },
    {
        "time_period_start": "2021-09-16T08:00:00.0000000Z",
        "time_period_end": "2021-09-16T16:00:00.0000000Z",
        "time_open": "2021-09-16T08:00:29.2450000Z",
        "time_close": "2021-09-16T15:58:33.8070000Z",
        "price_open": 1.12356,
        "price_high": 1.12895,
        "price_low": 1.08437,
        "price_close": 1.10259,
        "volume_traded": 15796717.61038231,
        "trades_count": 6176
    },
    {
        "time_period_start": "2021-09-16T16:00:00.0000000Z",
        "time_period_end": "2021-09-17T00:00:00.0000000Z",
        "time_open": "2021-09-16T16:00:03.9700000Z",
        "time_close": "2021-09-16T23:59:48.6620000Z",
        "price_open": 1.10309,
        "price_high": 1.10569,
        "price_low": 1.06601,
        "price_close": 1.09108,
        "volume_traded": 14872039.18382359,
        "trades_count": 5021
    },
    {
        "time_period_start": "2021-09-17T00:00:00.0000000Z",
        "time_period_end": "2021-09-17T08:00:00.0000000Z",
        "time_open": "2021-09-17T00:00:15.8610000Z",
        "time_close": "2021-09-17T07:35:36.2320000Z",
        "price_open": 1.09096,
        "price_high": 1.10294,
        "price_low": 1.0837,
        "price_close": 1.09131,
        "volume_traded": 7451503.20589766,
        "trades_count": 3133
    }
]