[
    {
        "time_period_start": "2021-08-15T00:00:00.0000000Z",
        "time_period_end": "2021-08-15T08:00:00.0000000Z",
        "time_open": "2021-08-15T00:00:04.4600000Z",
        "time_close": "2021-08-15T07:59:57.2820000Z",
        "price_open": 408.9785,
        "price_high": 411.4068,
        "price_low": 396.3626,
        "price_close": 398.2992,
        "volume_traded": 9596.9,
        "trades_count": 9777
    },
    {
        "time_period_start": "2021-08-15T08:00:00.0000000Z",
        "time_period_end": "2021-08-15T16:00:00.0000000Z",
        "time_open": "2021-08-15T08:00:08.3420000Z",
        "time_close": "2021-08-15T15:59:56.0300000Z",
        "price_open": 398.0839,
        "price_high": 407.1316,
        "price_low": 396.5518,
        "price_close": 403.7914,
        "volume_traded": 6659.32,
        "trades_count": 7323
    },
    {
        "time_period_start": "2021-08-15T16:00:00.0000000Z",
        "time_period_end": "2021-08-16T00:00:00.0000000Z",
        "time_open": "2021-08-15T16:00:07.1450000Z",
        "time_close": "2021-08-15T23:59:59.1780000Z",
        "price_open": 403.782,
        "price_high": 415.1801,
        "price_low": 399.3044,
        "price_close": 414.5065,
        "volume_traded": 11122.14,
        "trades_count": 11065
    },
    {
        "time_period_start": "2021-08-16T00:00:00.0000000Z",
        "time_period_end": "2021-08-16T08:00:00.0000000Z",
        "time_open": "2021-08-16T00:00:00.0940000Z",
        "time_close": "2021-08-16T07:59:38.7450000Z",
        "price_open": 414.612,
        "price_high": 424.4834,
        "price_low": 411.0846,
        "price_close": 420.5462,
        "volume_traded": 11961.07,
        "trades_count": 10497
    },
    {
        "time_period_start": "2021-08-16T08:00:00.0000000Z",
        "time_period_end": "2021-08-16T16:00:00.0000000Z",
        "time_open": "2021-08-16T08:00:15.0370000Z",
        "time_close": "2021-08-16T15:59:56.0950000Z",
        "price_open": 420.9411,
        "price_high": 437.0,
        "price_low": 419.9999,
        "price_close": 426.3651,
        "volume_traded": 17329.13,
        "trades_count": 14000
    },
    {
        "time_period_start": "2021-08-16T16:00:00.0000000Z",
        "time_period_end": "2021-08-17T00:00:00.0000000Z",
        "time_open": "2021-08-16T16:00:05.0980000Z",
        "time_close": "2021-08-16T23:59:58.7130000Z",
        "price_open": 426.3854,
        "price_high": 429.4429,
        "price_low": 413.3481,
        "price_close": 415.8192,
        "volume_traded": 14609.54,
        "trades_count": 11802
    },
    {
        "time_period_start": "2021-08-17T00:00:00.0000000Z",
        "time_period_end": "2021-08-17T08:00:00.0000000Z",
        "time_open": "2021-08-17T00:00:00.0390000Z",
        "time_close": "2021-08-17T07:59:49.8360000Z",
        "price_open": 415.9045,
        "price_high": 429.5952,
        "price_low": 408.7313,
        "price_close": 418.898,
        "volume_traded": 16706.78,
        "trades_count": 11937
    },
    {
        "time_period_start": "2021-08-17T08:00:00.0000000Z",
        "time_period_end": "2021-08-17T16:00:00.0000000Z",
        "time_open": "2021-08-17T08:00:05.6410000Z",
        "time_close": "2021-08-17T15:59:56.4390000Z",
        "price_open": 419.0756,
        "price_high": 435.8096,
        "price_low": 418.4088,
        "price_close": 418.8841,
        "volume_traded": 13870.47,
        "trades_count": 10683
    },
    {
        "time_period_start": "2021-08-17T16:00:00.0000000Z",
        "time_period_end": "2021-08-18T00:00:00.0000000Z",
        "time_open": "2021-08-17T16:00:08.4270000Z",
        "time_close": "2021-08-17T23:59:58.9330000Z",
        "price_open": 418.9319,
        "price_high": 424.6276,
        "price_low": 398.9498,
        "price_close": 401.8306,
        "volume_traded": 21283.11,
        "trades_count": 14693
    },
    {
        "time_period_start": "2021-08-18T00:00:00.0000000Z",
        "time_period_end": "2021-08-18T08:00:00.0000000Z",
        "time_open": "2021-08-18T00:00:00.3060000Z",
        "time_close": "2021-08-18T07:59:58.6990000Z",
        "price_open": 401.8789,
        "price_high": 406.6396,
        "price_low": 385.7486,
        "price_close": 397.6204,
        "volume_traded": 17033.96,
        "trades_count": 12208
    },
    {
        "time_period_start": "2021-08-18T08:00:00.0000000Z",
        "time_period_end": "2021-08-18T16:00:00.0000000Z",
        "time_open": "2021-08-18T08:00:15.2860000Z",
        "time_close": "2021-08-18T15:59:58.0920000Z",
        "price_open": 397.445,
        "price_high": 408.6363,
        "price_low": 389.4201,
        "price_close": 408.4625,
        "volume_traded": 7801.32,
        "trades_count": 6710
    },
    {
        "time_period_start": "2021-08-18T16:00:00.0000000Z",
        "time_period_end": "2021-08-19T00:00:00.0000000Z",
        "time_open": "2021-08-18T16:00:01.0070000Z",
        "time_close": "2021-08-18T23:59:59.4690000Z",
        "price_open": 408.5537,
        "price_high": 413.9816,
        "price_low": 390.1742,
        "price_close": 396.3371,
        "volume_traded": 13630.48,
        "trades_count": 10601
    },
    {
        "time_period_start": "2021-08-19T00:00:00.0000000Z",
        "time_period_end": "2021-08-19T08:00:00.0000000Z",
        "time_open": "2021-08-19T00:00:02.0280000Z",
        "time_close": "2021-08-19T07:59:59.2840000Z",
        "price_open": 396.2735,
        "price_high": 405.4237,
        "price_low": 391.0526,
        "price_close": 397.2986,
        "volume_traded": 10953.43,
        "trades_count": 8868
    },
    {
        "time_period_start": "2021-08-19T08:00:00.0000000Z",
        "time_period_end": "2021-08-19T16:00:00.0000000Z",
        "time_open": "2021-08-19T08:00:00.6940000Z",
        "time_close": "2021-08-19T15:59:57.1600000Z",
        "price_open": 397.5391,
        "price_high": 423.9293,
        "price_low": 397.5212,
        "price_close": 422.8112,
        "volume_traded": 12094.5,
        "trades_count": 10289
    },
    {
        "time_period_start": "2021-08-19T16:00:00.0000000Z",
        "time_period_end": "2021-08-20T00:00:00.0000000Z",
        "time_open": "2021-08-19T16:00:01.9210000Z",
        "time_close": "2021-08-19T23:59:59.0070000Z",
        "price_open": 422.628,
        "price_high": 431.4544,
        "price_low": 416.3814,
        "price_close": 430.8773,
        "volume_traded": 15545.86,
        "trades_count": 12935
    },
    {
        "time_period_start": "2021-08-20T00:00:00.0000000Z",
        "time_period_end": "2021-08-20T08:00:00.0000000Z",
        "time_open": "2021-08-20T00:00:05.0890000Z",
        "time_close": "2021-08-20T07:59:59.3520000Z",
        "price_open": 431.169,
        "price_high": 436.1599,
        "price_low": 423.7709,
        "price_close": 425.1852,
        "volume_traded": 9882.12,
        "trades_count": 8937
    },
    {
        "time_period_start": "2021-08-20T08:00:00.0000000Z",
        "time_period_end": "2021-08-20T16:00:00.0000000Z",
        "time_open": "2021-08-20T08:00:00.7840000Z",
        "time_close": "2021-08-20T15:59:53.4960000Z",
        "price_open": 425.2277,
        "price_high": 449.4882,
        "price_low": 421.7289,
        "price_close": 447.4821,
        "volume_traded": 13080.96,
        "trades_count": 11227
    },
    {
        "time_period_start": "2021-08-20T16:00:00.0000000Z",
        "time_period_end": "2021-08-21T00:00:00.0000000Z",
        "time_open": "2021-08-20T16:00:02.6500000Z",
        "time_close": "2021-08-20T23:59:41.6870000Z",
        "price_open": 447.5445,
        "price_high": 457.9865,
        "price_low": 442.5935,
        "price_close": 455.1663,
        "volume_traded": 12133.71,
        "trades_count": 12728
    },
    {
        "time_period_start": "2021-08-21T00:00:00.0000000Z",
        "time_period_end": "2021-08-21T08:00:00.0000000Z",
        "time_open": "2021-08-21T00:00:00.1320000Z",
        "time_close": "2021-08-21T07:59:59.3550000Z",
        "price_open": 455.2949,
        "price_high": 459.4751,
        "price_low": 445.3352,
        "price_close": 459.3885,
        "volume_traded": 8150.31,
        "trades_count": 9036
    },
    {
        "time_period_start": "2021-08-21T08:00:00.0000000Z",
        "time_period_end": "2021-08-21T16:00:00.0000000Z",
        "time_open": "2021-08-21T08:00:00.0070000Z",
        "time_close": "2021-08-21T15:59:38.0300000Z",
        "price_open": 459.4641,
        "price_high": 460.2272,
        "price_low": 445.1431,
        "price_close": 454.7632,
        "volume_traded": 9328.8,
        "trades_count": 8764
    },
    {
        "time_period_start": "2021-08-21T16:00:00.0000000Z",
        "time_period_end": "2021-08-22T00:00:00.0000000Z",
        "time_open": "2021-08-21T16:00:14.8030000Z",
        "time_close": "2021-08-21T23:59:43.2900000Z",
        "price_open": 454.5462,
        "price_high": 457.7059,
        "price_low": 445.2,
        "price_close": 449.0895,
        "volume_traded": 9565.0,
        "trades_count": 9169
    },
    {
        "time_period_start": "2021-08-22T00:00:00.0000000Z",
        "time_period_end": "2021-08-22T08:00:00.0000000Z",
        "time_open": "2021-08-22T00:00:00.1540000Z",
        "time_close": "2021-08-22T07:59:36.9420000Z",
        "price_open": 449.1108,
        "price_high": 457.5603,
        "price_low": 447.7527,
        "price_close": 455.911,
        "volume_traded": 5185.19,
        "trades_count": 6052
    },
    {
        "time_period_start": "2021-08-22T08:00:00.0000000Z",
        "time_period_end": "2021-08-22T16:00:00.0000000Z",
        "time_open": "2021-08-22T08:00:44.2680000Z",
        "time_close": "2021-08-22T15:59:47.2210000Z",
        "price_open": 456.7075,
        "price_high": 458.5253,
        "price_low": 439.4459,
        "price_close": 444.1881,
        "volume_traded": 7068.78,
        "trades_count": 6851
    },
    {
        "time_period_start": "2021-08-22T16:00:00.0000000Z",
        "time_period_end": "2021-08-23T00:00:00.0000000Z",
        "time_open": "2021-08-22T16:00:02.7330000Z",
        "time_close": "2021-08-22T23:59:55.1680000Z",
        "price_open": 444.2705,
        "price_high": 450.5,
        "price_low": 438.3103,
        "price_close": 448.9412,
        "volume_traded": 6569.86,
        "trades_count": 7761
    },
    {
        "time_period_start": "2021-08-23T00:00:00.0000000Z",
        "time_period_end": "2021-08-23T08:00:00.0000000Z",
        "time_open": "2021-08-23T00:00:01.5960000Z",
        "time_close": "2021-08-23T07:59:57.9920000Z",
        "price_open": 449.1104,
        "price_high": 487.5721,
        "price_low": 446.9865,
        "price_close": 485.3613,
        "volume_traded": 16536.79,
        "trades_count": 17794
    },
    {
        "time_period_start": "2021-08-23T08:00:00.0000000Z",
        "time_period_end": "2021-08-23T16:00:00.0000000Z",
        "time_open": "2021-08-23T08:00:06.7130000Z",
        "time_close": "2021-08-23T15:59:58.7800000Z",
        "price_open": 485.4827,
        "price_high": 506.0211,
        "price_low": 484.0334,
        "price_close": 497.3029,
        "volume_traded": 22200.63,
        "trades_count": 19856
    },
    {
        "time_period_start": "2021-08-23T16:00:00.0000000Z",
        "time_period_end": "2021-08-24T00:00:00.0000000Z",
        "time_open": "2021-08-23T16:00:05.6300000Z",
        "time_close": "2021-08-23T23:59:47.7710000Z",
        "price_open": 497.7113,
        "price_high": 509.8223,
        "price_low": 495.7263,
        "price_close": 499.8901,
        "volume_traded": 16915.07,
        "trades_count": 16345
    },
    {
        "time_period_start": "2021-08-24T00:00:00.0000000Z",
        "time_period_end": "2021-08-24T08:00:00.0000000Z",
        "time_open": "2021-08-24T00:00:01.8190000Z",
        "time_close": "2021-08-24T07:59:45.6870000Z",
        "price_open": 499.2563,
        "price_high": 504.3172,
        "price_low": 491.407,
        "price_close": 496.5193,
        "volume_traded": 9667.48,
        "trades_count": 10161
    },
    {
        "time_period_start": "2021-08-24T08:00:00.0000000Z",
        "time_period_end": "2021-08-24T16:00:00.0000000Z",
        "time_open": "2021-08-24T08:00:36.9320000Z",
        "time_close": "2021-08-24T15:59:53.4170000Z",
        "price_open": 496.5889,
        "price_high": 498.255,
        "price_low": 470.1945,
        "price_close": 472.3395,
        "volume_traded": 12363.78,
        "trades_count": 12023
    },
    {
        "time_period_start": "2021-08-24T16:00:00.0000000Z",
        "time_period_end": "2021-08-25T00:00:00.0000000Z",
        "time_open": "2021-08-24T16:00:00.4930000Z",
        "time_close": "2021-08-24T23:59:58.2620000Z",
        "price_open": 472.8237,
        "price_high": 483.0906,
        "price_low": 461.11,
        "price_close": 471.9016,
        "volume_traded": 17391.35,
        "trades_count": 15048
    },
    {
        "time_period_start": "2021-08-25T00:00:00.0000000Z",
        "time_period_end": "2021-08-25T08:00:00.0000000Z",
        "time_open": "2021-08-25T00:00:00.1380000Z",
        "time_close": "2021-08-25T07:59:56.0510000Z",
        "price_open": 471.8109,
        "price_high": 496.2366,
        "price_low": 471.3056,
        "price_close": 488.1237,
        "volume_traded": 14465.92,
        "trades_count": 12241
    },
    {
        "time_period_start": "2021-08-25T08:00:00.0000000Z",
        "time_period_end": "2021-08-25T16:00:00.0000000Z",
        "time_open": "2021-08-25T08:00:12.5630000Z",
        "time_close": "2021-08-25T15:59:57.5030000Z",
        "price_open": 487.9061,
        "price_high": 504.9996,
        "price_low": 470.1059,
        "price_close": 502.3956,
        "volume_traded": 19562.49,
        "trades_count": 18582
    },
    {
        "time_period_start": "2021-08-25T16:00:00.0000000Z",
        "time_period_end": "2021-08-26T00:00:00.0000000Z",
        "time_open": "2021-08-25T16:00:08.2490000Z",
        "time_close": "2021-08-25T23:59:56.5820000Z",
        "price_open": 502.4782,
        "price_high": 506.9151,
        "price_low": 494.5684,
        "price_close": 503.3585,
        "volume_traded": 13658.28,
        "trades_count": 11436
    },
    {
        "time_period_start": "2021-08-26T00:00:00.0000000Z",
        "time_period_end": "2021-08-26T08:00:00.0000000Z",
        "time_open": "2021-08-26T00:00:00.1230000Z",
        "time_close": "2021-08-26T07:59:58.1550000Z",
        "price_open": 503.2682,
        "price_high": 519.1428,
        "price_low": 475.4305,
        "price_close": 483.0944,
        "volume_traded": 26698.42,
        "trades_count": 25110
    },
    {
        "time_period_start": "2021-08-26T08:00:00.0000000Z",
        "time_period_end": "2021-08-26T16:00:00.0000000Z",
        "time_open": "2021-08-26T08:00:06.6410000Z",
        "time_close": "2021-08-26T15:59:50.7530000Z",
        "price_open": 483.0316,
        "price_high": 493.3265,
        "price_low": 475.3766,
        "price_close": 481.139,
        "volume_traded": 18331.8,
        "trades_count": 16158
    },
    {
        "time_period_start": "2021-08-26T16:00:00.0000000Z",
        "time_period_end": "2021-08-27T00:00:00.0000000Z",
        "time_open": "2021-08-26T16:00:15.4180000Z",
        "time_close": "2021-08-26T23:59:53.8990000Z",
        "price_open": 480.7836,
        "price_high": 487.7515,
        "price_low": 471.9122,
        "price_close": 478.3521,
        "volume_traded": 13580.34,
        "trades_count": 13470
    },
    {
        "time_period_start": "2021-08-27T00:00:00.0000000Z",
        "time_period_end": "2021-08-27T08:00:00.0000000Z",
        "time_open": "2021-08-27T00:00:00.1570000Z",
        "time_close": "2021-08-27T07:59:59.5610000Z",
        "price_open": 478.2941,
        "price_high": 489.2754,
        "price_low": 467.4344,
        "price_close": 481.2477,
        "volume_traded": 16036.41,
        "trades_count": 16227
    },
    {
        "time_period_start": "2021-08-27T08:00:00.0000000Z",
        "time_period_end": "2021-08-27T16:00:00.0000000Z",
        "time_open": "2021-08-27T08:00:03.5790000Z",
        "time_close": "2021-08-27T15:59:52.7860000Z",
        "price_open": 481.1136,
        "price_high": 494.2836,
        "price_low": 474.7364,
        "price_close": 489.2149,
        "volume_traded": 13292.11,
        "trades_count": 12118
    },
    {
        "time_period_start": "2021-08-27T16:00:00.0000000Z",
        "time_period_end": "2021-08-28T00:00:00.0000000Z",
        "time_open": "2021-08-27T16:00:00.4550000Z",
        "time_close": "2021-08-27T23:59:59.9460000Z",
        "price_open": 489.0961,
        "price_high": 495.2141,
        "price_low": 485.0901,
        "price_close": 494.7417,
        "volume_traded": 11205.23,
        "trades_count": 11368
    },
    {
        "time_period_start": "2021-08-28T00:00:00.0000000Z",
        "time_period_end": "2021-08-28T08:00:00.0000000Z",
        "time_open": "2021-08-28T00:00:00.1870000Z",
        "time_close": "2021-08-28T07:59:18.4930000Z",
        "price_open": 494.9394,
        "price_high": 497.0,
        "price_low": 483.5636,
        "price_close": 486.9799,
        "volume_traded": 6536.69,
        "trades_count": 9029
    },
    {
        "time_period_start": "2021-08-28T08:00:00.0000000Z",
        "time_period_end": "2021-08-28T16:00:00.0000000Z",
        "time_open": "2021-08-28T08:00:03.3110000Z",
        "time_close": "2021-08-28T15:59:55.4670000Z",
        "price_open": 486.9254,
        "price_high": 490.0245,
        "price_low": 482.6567,
        "price_close": 486.2429,
        "volume_traded": 5374.57,
        "trades_count": 6445
    },
    {
        "time_period_start": "2021-08-28T16:00:00.0000000Z",
        "time_period_end": "2021-08-29T00:00:00.0000000Z",
        "time_open": "2021-08-28T16:00:00.3840000Z",
        "time_close": "2021-08-28T23:59:56.3930000Z",
        "price_open": 486.3888,
        "price_high": 490.4162,
        "price_low": 484.0202,
        "price_close": 486.3476,
        "volume_traded": 6069.53,
        "trades_count": 7347
    },
    {
        "time_period_start": "2021-08-29T00:00:00.0000000Z",
        "time_period_end": "2021-08-29T08:00:00.0000000Z",
        "time_open": "2021-08-29T00:00:00.0360000Z",
        "time_close": "2021-08-29T07:59:59.3810000Z",
        "price_open": 486.5464,
        "price_high": 496.0329,
        "price_low": 479.1487,
        "price_close": 487.8135,
        "volume_traded": 10671.43,
        "trades_count": 10715
    },
    {
        "time_period_start": "2021-08-29T08:00:00.0000000Z",
        "time_period_end": "2021-08-29T16:00:00.0000000Z",
        "time_open": "2021-08-29T08:00:01.9670000Z",
        "time_close": "2021-08-29T15:59:58.8660000Z",
        "price_open": 487.6563,
        "price_high": 489.8031,
        "price_low": 480.4736,
        "price_close": 483.5113,
        "volume_traded": 4481.22,
        "trades_count": 5734
    },
    {
        "time_period_start": "2021-08-29T16:00:00.0000000Z",
        "time_period_end": "2021-08-30T00:00:00.0000000Z",
        "time_open": "2021-08-29T16:00:00.8650000Z",
        "time_close": "2021-08-29T23:59:51.3550000Z",
        "price_open": 483.5508,
        "price_high": 484.9047,
        "price_low": 476.3065,
        "price_close": 480.0233,
        "volume_traded": 8173.78,
        "trades_count": 8174
    },
    {
        "time_period_start": "2021-08-30T00:00:00.0000000Z",
        "time_period_end": "2021-08-30T08:00:00.0000000Z",
        "time_open": "2021-08-30T00:00:03.6170000Z",
        "time_close": "2021-08-30T07:59:44.4310000Z",
        "price_open": 480.1811,
        "price_high": 480.813,
        "price_low": 471.625,
        "price_close": 478.6368,
        "volume_traded": 6897.76,
        "trades_count": 7768
    },
    {
        "time_period_start": "2021-08-30T08:00:00.0000000Z",
        "time_period_end": "2021-08-30T16:00:00.0000000Z",
        "time_open": "2021-08-30T08:00:23.1420000Z",
        "time_close": "2021-08-30T15:59:51.6840000Z",
        "price_open": 478.3994,
        "price_high": 479.8216,
        "price_low": 462.112,
        "price_close": 473.0036,
        "volume_traded": 6778.83,
        "trades_count": 7456
    },
    {
        "time_period_start": "2021-08-30T16:00:00.0000000Z",
        "time_period_end": "2021-08-31T00:00:00.0000000Z",
        "time_open": "2021-08-30T16:00:04.6520000Z",
        "time_close": "2021-08-30T23:59:51.9760000Z",
        "price_open": 472.8943,
        "price_high": 480.8806,
        "price_low": 452.4895,
        "price_close": 460.2016,
        "volume_traded": 13469.36,
        "trades_count": 12509
    },
    {
        "time_period_start": "2021-08-31T00:00:00.0000000Z",
        "time_period_end": "2021-08-31T08:00:00.0000000Z",
        "time_open": "2021-08-31T00:00:00.2790000Z",
        "time_close": "2021-08-31T07:59:49.7150000Z",
        "price_open": 460.3353,
        "price_high": 468.8677,
        "price_low": 452.127,
        "price_close": 468.069,
        "volume_traded": 10410.39,
        "trades_count": 10243
    },
    {
        "time_period_start": "2021-08-31T08:00:00.0000000Z",
        "time_period_end": "2021-08-31T16:00:00.0000000Z",
        "time_open": "2021-08-31T08:00:11.2760000Z",
        "time_close": "2021-08-31T15:59:47.6810000Z",
        "price_open": 468.2341,
        "price_high": 477.644,
        "price_low": 459.2515,
        "price_close": 472.1124,
        "volume_traded": 10596.4,
        "trades_count": 9795
    },
    {
        "time_period_start": "2021-08-31T16:00:00.0000000Z",
        "time_period_end": "2021-09-01T00:00:00.0000000Z",
        "time_open": "2021-08-31T16:00:09.1530000Z",
        "time_close": "2021-08-31T23:59:59.4650000Z",
        "price_open": 472.1232,
        "price_high": 474.4926,
        "price_low": 457.7387,
        "price_close": 464.0189,
        "volume_traded": 11056.25,
        "trades_count": 10270
    },
    {
        "time_period_start": "2021-09-01T00:00:00.0000000Z",
        "time_period_end": "2021-09-01T08:00:00.0000000Z",
        "time_open": "2021-09-01T00:00:00.0900000Z",
        "time_close": "2021-09-01T07:59:51.6250000Z",
        "price_open": 464.084,
        "price_high": 470.3917,
        "price_low": 454.0,
        "price_close": 468.4515,
        "volume_traded": 10622.04,
        "trades_count": 9056
    },
    {
        "time_period_start": "2021-09-01T08:00:00.0000000Z",
        "time_period_end": "2021-09-01T16:00:00.0000000Z",
        "time_open": "2021-09-01T08:00:55.0060000Z",
        "time_close": "2021-09-01T15:59:55.5180000Z",
        "price_open": 468.8003,
        "price_high": 484.6773,
        "price_low": 467.8756,
        "price_close": 479.8095,
        "volume_traded": 10706.73,
        "trades_count": 8829
    },
    {
        "time_period_start": "2021-09-01T16:00:00.0000000Z",
        "time_period_end": "2021-09-02T00:00:00.0000000Z",
        "time_open": "2021-09-01T16:00:08.4010000Z",
        "time_close": "2021-09-01T23:59:57.5140000Z",
        "price_open": 479.9147,
        "price_high": 490.2522,
        "price_low": 478.5517,
        "price_close": 489.477,
        "volume_traded": 12748.13,
        "trades_count": 11529
    },
    {
        "time_period_start": "2021-09-02T00:00:00.0000000Z",
        "time_period_end": "2021-09-02T08:00:00.0000000Z",
        "time_open": "2021-09-02T00:00:00.1020000Z",
        "time_close": "2021-09-02T07:59:55.0300000Z",
        "price_open": 489.6529,
        "price_high": 505.0,
        "price_low": 486.586,
        "price_close": 489.8979,
        "volume_traded": 15785.42,
        "trades_count": 14555
    },
    {
        "time_period_start": "2021-09-02T08:00:00.0000000Z",
        "time_period_end": "2021-09-02T16:00:00.0000000Z",
        "time_open": "2021-09-02T08:00:05.6990000Z",
        "time_close": "2021-09-02T15:59:58.2680000Z",
        "price_open": 489.8109,
        "price_high": 495.3597,
        "price_low": 478.0,
        "price_close": 482.5558,
        "volume_traded": 11008.13,
        "trades_count": 8903
    },
    {
        "time_period_start": "2021-09-02T16:00:00.0000000Z",
        "time_period_end": "2021-09-03T00:00:00.0000000Z",
        "time_open": "2021-09-02T16:00:00.2680000Z",
        "time_close": "2021-09-02T23:59:59.0970000Z",
        "price_open": 482.4525,
        "price_high": 491.4383,
        "price_low": 482.0746,
        "price_close": 483.8319,
        "volume_traded": 10726.81,
        "trades_count": 10488
    },
    {
        "time_period_start": "2021-09-03T00:00:00.0000000Z",
        "time_period_end": "2021-09-03T08:00:00.0000000Z",
        "time_open": "2021-09-03T00:00:01.9410000Z",
        "time_close": "2021-09-03T07:59:58.0910000Z",
        "price_open": 483.9231,
        "price_high": 489.3822,
        "price_low": 472.74,
        "price_close": 483.9386,
        "volume_traded": 10742.62,
        "trades_count": 10221
    },
    {
        "time_period_start": "2021-09-03T08:00:00.0000000Z",
        "time_period_end": "2021-09-03T16:00:00.0000000Z",
        "time_open": "2021-09-03T08:00:01.0820000Z",
        "time_close": "2021-09-03T15:59:50.9620000Z",
        "price_open": 484.2684,
        "price_high": 494.6627,
        "price_low": 483.3111,
        "price_close": 493.4122,
        "volume_traded": 11798.89,
        "trades_count": 9793
    },
    {
        "time_period_start": "2021-09-03T16:00:00.0000000Z",
        "time_period_end": "2021-09-04T00:00:00.0000000Z",
        "time_open": "2021-09-03T16:00:14.6610000Z",
        "time_close": "2021-09-03T23:59:55.4550000Z",
        "price_open": 493.3726,
        "price_high": 493.9264,
        "price_low": 483.6637,
        "price_close": 488.7756,
        "volume_traded": 9020.38,
        "trades_count": 8061
    },
    {
        "time_period_start": "2021-09-04T00:00:00.0000000Z",
        "time_period_end": "2021-09-04T08:00:00.0000000Z",
        "time_open": "2021-09-04T00:00:00.0840000Z",
        "time_close": "2021-09-04T07:59:18.4160000Z",
        "price_open": 488.6871,
        "price_high": 493.5356,
        "price_low": 485.581,
        "price_close": 490.1326,
        "volume_traded": 7306.98,
        "trades_count": 6636
    },
    {
        "time_period_start": "2021-09-04T08:00:00.0000000Z",
        "time_period_end": "2021-09-04T16:00:00.0000000Z",
        "time_open": "2021-09-04T08:00:20.2600000Z",
        "time_close": "2021-09-04T15:59:58.2670000Z",
        "price_open": 490.2077,
        "price_high": 510.0,
        "price_low": 487.6476,
        "price_close": 500.3985,
        "volume_traded": 16778.21,
        "trades_count": 13110
    },
    {
        "time_period_start": "2021-09-04T16:00:00.0000000Z",
        "time_period_end": "2021-09-05T00:00:00.0000000Z",
        "time_open": "2021-09-04T16:00:00.2660000Z",
        "time_close": "2021-09-04T23:59:25.0280000Z",
        "price_open": 500.4156,
        "price_high": 502.6554,
        "price_low": 490.5937,
        "price_close": 497.6191,
        "volume_traded": 9520.62,
        "trades_count": 8746
    },
    {
        "time_period_start": "2021-09-05T00:00:00.0000000Z",
        "time_period_end": "2021-09-05T08:00:00.0000000Z",
        "time_open": "2021-09-05T00:00:00.0630000Z",
        "time_close": "2021-09-05T07:58:31.5080000Z",
        "price_open": 497.8735,
        "price_high": 500.5169,
        "price_low": 488.8663,
        "price_close": 494.1996,
        "volume_traded": 6904.32,
        "trades_count": 6785
    },
    {
        "time_period_start": "2021-09-05T08:00:00.0000000Z",
        "time_period_end": "2021-09-05T16:00:00.0000000Z",
        "time_open": "2021-09-05T08:00:15.9860000Z",
        "time_close": "2021-09-05T15:59:33.2470000Z",
        "price_open": 494.3499,
        "price_high": 499.6631,
        "price_low": 492.0252,
        "price_close": 495.5164,
        "volume_traded": 8348.43,
        "trades_count": 5715
    },
    {
        "time_period_start": "2021-09-05T16:00:00.0000000Z",
        "time_period_end": "2021-09-06T00:00:00.0000000Z",
        "time_open": "2021-09-05T16:00:06.9280000Z",
        "time_close": "2021-09-05T23:59:59.5120000Z",
        "price_open": 495.5581,
        "price_high": 505.5205,
        "price_low": 495.5038,
        "price_close": 505.5,
        "volume_traded": 11018.61,
        "trades_count": 9035
    },
    {
        "time_period_start": "2021-09-06T00:00:00.0000000Z",
        "time_period_end": "2021-09-06T08:00:00.0000000Z",
        "time_open": "2021-09-06T00:00:00.9480000Z",
        "time_close": "2021-09-06T07:59:57.7370000Z",
        "price_open": 505.4226,
        "price_high": 509.0068,
        "price_low": 497.1429,
        "price_close": 504.6107,
        "volume_traded": 8150.65,
        "trades_count": 8133
    },
    {
        "time_period_start": "2021-09-06T08:00:00.0000000Z",
        "time_period_end": "2021-09-06T16:00:00.0000000Z",
        "time_open": "2021-09-06T08:00:08.8090000Z",
        "time_close": "2021-09-06T15:59:58.3150000Z",
        "price_open": 504.5772,
        "price_high": 507.3967,
        "price_low": 488.0437,
        "price_close": 497.97,
        "volume_traded": 13570.03,
        "trades_count": 8835
    },
    {
        "time_period_start": "2021-09-06T16:00:00.0000000Z",
        "time_period_end": "2021-09-07T00:00:00.0000000Z",
        "time_open": "2021-09-06T16:00:08.4870000Z",
        "time_close": "2021-09-06T23:59:39.4650000Z",
        "price_open": 497.8237,
        "price_high": 500.2371,
        "price_low": 493.9157,
        "price_close": 496.2303,
        "volume_traded": 9219.98,
        "trades_count": 7884
    },
    {
        "time_period_start": "2021-09-07T00:00:00.0000000Z",
        "time_period_end": "2021-09-07T08:00:00.0000000Z",
        "time_open": "2021-09-07T00:00:00.0650000Z",
        "time_close": "2021-09-07T07:59:52.9450000Z",
        "price_open": 496.2342,
        "price_high": 505.0,
        "price_low": 489.5274,
        "price_close": 491.4255,
        "volume_traded": 11384.77,
        "trades_count": 9534
    },
    {
        "time_period_start": "2021-09-07T08:00:00.0000000Z",
        "time_period_end": "2021-09-07T16:00:00.0000000Z",
        "time_open": "2021-09-07T08:00:04.8060000Z",
        "time_close": "2021-09-07T15:59:58.8970000Z",
        "price_open": 491.3012,
        "price_high": 491.3012,
        "price_low": 370.0,
        "price_close": 416.0246,
        "volume_traded": 56410.07,
        "trades_count": 37605
    },
    {
        "time_period_start": "2021-09-07T16:00:00.0000000Z",
        "time_period_end": "2021-09-08T00:00:00.0000000Z",
        "time_open": "2021-09-07T16:00:00.8500000Z",
        "time_close": "2021-09-07T23:59:57.3560000Z",
        "price_open": 415.8614,
        "price_high": 437.324,
        "price_low": 406.3989,
        "price_close": 418.3763,
        "volume_traded": 41411.47,
        "trades_count": 25937
    },
    {
        "time_period_start": "2021-09-08T00:00:00.0000000Z",
        "time_period_end": "2021-09-08T08:00:00.0000000Z",
        "time_open": "2021-09-08T00:00:06.6140000Z",
        "time_close": "2021-09-08T07:59:59.1890000Z",
        "price_open": 418.7431,
        "price_high": 425.5868,
        "price_low": 390.161,
        "price_close": 390.3624,
        "volume_traded": 17554.15,
        "trades_count": 14124
    },
    {
        "time_period_start": "2021-09-08T08:00:00.0000000Z",
        "time_period_end": "2021-09-08T16:00:00.0000000Z",
        "time_open": "2021-09-08T08:00:01.1310000Z",
        "time_close": "2021-09-08T15:59:57.4200000Z",
        "price_open": 390.361,
        "price_high": 417.443,
        "price_low": 383.0188,
        "price_close": 413.4682,
        "volume_traded": 17700.11,
        "trades_count": 14108
    },
    {
        "time_period_start": "2021-09-08T16:00:00.0000000Z",
        "time_period_end": "2021-09-09T00:00:00.0000000Z",
        "time_open": "2021-09-08T16:00:08.9720000Z",
        "time_close": "2021-09-08T23:59:52.8730000Z",
        "price_open": 413.711,
        "price_high": 423.1396,
        "price_low": 410.0435,
        "price_close": 415.318,
        "volume_traded": 13206.4,
        "trades_count": 11147
    },
    {
        "time_period_start": "2021-09-09T00:00:00.0000000Z",
        "time_period_end": "2021-09-09T08:00:00.0000000Z",
        "time_open": "2021-09-09T00:00:00.1550000Z",
        "time_close": "2021-09-09T07:59:59.9060000Z",
        "price_open": 415.5693,
        "price_high": 418.8008,
        "price_low": 403.6275,
        "price_close": 416.5166,
        "volume_traded": 16241.86,
        "trades_count": 12047
    },
    {
        "time_period_start": "2021-09-09T08:00:00.0000000Z",
        "time_period_end": "2021-09-09T16:00:00.0000000Z",
        "time_open": "2021-09-09T08:00:08.5620000Z",
        "time_close": "2021-09-09T15:59:53.1450000Z",
        "price_open": 416.362,
        "price_high": 423.4852,
        "price_low": 405.244,
        "price_close": 419.9891,
        "volume_traded": 21160.79,
        "trades_count": 13132
    },
    {
        "time_period_start": "2021-09-09T16:00:00.0000000Z",
        "time_period_end": "2021-09-10T00:00:00.0000000Z",
        "time_open": "2021-09-09T16:00:02.0880000Z",
        "time_close": "2021-09-09T23:59:48.6080000Z",
        "price_open": 420.2775,
        "price_high": 438.461,
        "price_low": 416.6439,
        "price_close": 421.207,
        "volume_traded": 28593.26,
        "trades_count": 15389
    },
    {
        "time_period_start": "2021-09-10T00:00:00.0000000Z",
        "time_period_end": "2021-09-10T08:00:00.0000000Z",
        "time_open": "2021-09-10T00:00:02.0660000Z",
        "time_close": "2021-09-10T07:59:58.6970000Z",
        "price_open": 421.3992,
        "price_high": 439.3088,
        "price_low": 415.3622,
        "price_close": 417.7088,
        "volume_traded": 16158.18,
        "trades_count": 11813
    },
    {
        "time_period_start": "2021-09-10T08:00:00.0000000Z",
        "time_period_end": "2021-09-10T16:00:00.0000000Z",
        "time_open": "2021-09-10T08:00:06.3510000Z",
        "time_close": "2021-09-10T15:59:59.0000000Z",
        "price_open": 417.8578,
        "price_high": 420.0659,
        "price_low": 393.7852,
        "price_close": 405.7734,
        "volume_traded": 30727.69,
        "trades_count": 18137
    },
    {
        "time_period_start": "2021-09-10T16:00:00.0000000Z",
        "time_period_end": "2021-09-11T00:00:00.0000000Z",
        "time_open": "2021-09-10T16:00:07.6260000Z",
        "time_close": "2021-09-10T23:59:56.3740000Z",
        "price_open": 405.6212,
        "price_high": 409.5044,
        "price_low": 393.6525,
        "price_close": 401.2418,
        "volume_traded": 17681.45,
        "trades_count": 11556
    },
    {
        "time_period_start": "2021-09-11T00:00:00.0000000Z",
        "time_period_end": "2021-09-11T08:00:00.0000000Z",
        "time_open": "2021-09-11T00:00:10.4800000Z",
        "time_close": "2021-09-11T07:59:58.3930000Z",
        "price_open": 401.2516,
        "price_high": 408.9661,
        "price_low": 399.651,
        "price_close": 406.096,
        "volume_traded": 20652.22,
        "trades_count": 10462
    },
    {
        "time_period_start": "2021-09-11T08:00:00.0000000Z",
        "time_period_end": "2021-09-11T16:00:00.0000000Z",
        "time_open": "2021-09-11T08:00:01.1740000Z",
        "time_close": "2021-09-11T15:59:56.8710000Z",
        "price_open": 406.2782,
        "price_high": 415.1004,
        "price_low": 402.8884,
        "price_close": 411.0309,
        "volume_traded": 16029.21,
        "trades_count": 7469
    },
    {
        "time_period_start": "2021-09-11T16:00:00.0000000Z",
        "time_period_end": "2021-09-12T00:00:00.0000000Z",
        "time_open": "2021-09-11T16:00:10.8400000Z",
        "time_close": "2021-09-11T23:59:59.0950000Z",
        "price_open": 411.1472,
        "price_high": 414.4968,
        "price_low": 401.8264,
        "price_close": 404.9651,
        "volume_traded": 14054.67,
        "trades_count": 7850
    },
    {
        "time_period_start": "2021-09-12T00:00:00.0000000Z",
        "time_period_end": "2021-09-12T08:00:00.0000000Z",
        "time_open": "2021-09-12T00:00:00.2040000Z",
        "time_close": "2021-09-12T07:59:25.4560000Z",
        "price_open": 405.0919,
        "price_high": 408.6596,
        "price_low": 397.7923,
        "price_close": 406.8878,
        "volume_traded": 8712.72,
        "trades_count": 5890
    },
    {
        "time_period_start": "2021-09-12T08:00:00.0000000Z",
        "time_period_end": "2021-09-12T16:00:00.0000000Z",
        "time_open": "2021-09-12T08:00:13.9220000Z",
        "time_close": "2021-09-12T15:59:59.6630000Z",
        "price_open": 406.8568,
        "price_high": 421.6258,
        "price_low": 406.6575,
        "price_close": 418.187,
        "volume_traded": 13873.17,
        "trades_count": 7545
    },
    {
        "time_period_start": "2021-09-12T16:00:00.0000000Z",
        "time_period_end": "2021-09-13T00:00:00.0000000Z",
        "time_open": "2021-09-12T16:00:04.7880000Z",
        "time_close": "2021-09-12T23:59:55.8760000Z",
        "price_open": 418.1991,
        "price_high": 420.1312,
        "price_low": 405.5086,
        "price_close": 416.8463,
        "volume_traded": 13763.14,
        "trades_count": 9768
    },
    {
        "time_period_start": "2021-09-13T00:00:00.0000000Z",
        "time_period_end": "2021-09-13T08:00:00.0000000Z",
        "time_open": "2021-09-13T00:00:00.0740000Z",
        "time_close": "2021-09-13T07:59:58.1780000Z",
        "price_open": 416.5539,
        "price_high": 419.6112,
        "price_low": 390.7777,
        "price_close": 393.4933,
        "volume_traded": 19645.42,
        "trades_count": 12776
    },
    {
        "time_period_start": "2021-09-13T08:00:00.0000000Z",
        "time_period_end": "2021-09-13T16:00:00.0000000Z",
        "time_open": "2021-09-13T08:00:15.0350000Z",
        "time_close": "2021-09-13T15:59:58.6090000Z",
        "price_open": 393.1892,
        "price_high": 411.8196,
        "price_low": 384.2628,
        "price_close": 395.2463,
        "volume_traded": 32922.48,
        "trades_count": 17200
    },
    {
        "time_period_start": "2021-09-13T16:00:00.0000000Z",
        "time_period_end": "2021-09-14T00:00:00.0000000Z",
        "time_open": "2021-09-13T16:00:06.1390000Z",
        "time_close": "2021-09-13T23:59:49.4250000Z",
        "price_open": 395.1357,
        "price_high": 403.4745,
        "price_low": 392.8579,
        "price_close": 399.0497,
        "volume_traded": 11197.42,
        "trades_count": 7920
    },
    {
        "time_period_start": "2021-09-14T00:00:00.0000000Z",
        "time_period_end": "2021-09-14T08:00:00.0000000Z",
        "time_open": "2021-09-14T00:00:00.0970000Z",
        "time_close": "2021-09-14T07:59:46.9650000Z",
        "price_open": 399.2399,
        "price_high": 404.5907,
        "price_low": 396.0595,
        "price_close": 402.174,
        "volume_traded": 12046.38,
        "trades_count": 7177
    },
    {
        "time_period_start": "2021-09-14T08:00:00.0000000Z",
        "time_period_end": "2021-09-14T16:00:00.0000000Z",
        "time_open": "2021-09-14T08:00:22.7990000Z",
        "time_close": "2021-09-14T15:59:47.5680000Z",
        "price_open": 402.3574,
        "price_high": 412.2821,
        "price_low": 398.0853,
        "price_close": 408.8516,
        "volume_traded": 16388.44,
        "trades_count": 7558
    },
    {
        "time_period_start": "2021-09-14T16:00:00.0000000Z",
        "time_period_end": "2021-09-15T00:00:00.0000000Z",
        "time_open": "2021-09-14T16:00:10.1600000Z",
        "time_close": "2021-09-14T23:59:58.1410000Z",
        "price_open": 409.1244,
        "price_high": 414.787,
        "price_low": 402.8401,
        "price_close": 414.6472,
        "volume_traded": 15330.77,
        "trades_count": 8033
    },
    {
        "time_period_start": "2021-09-15T00:00:00.0000000Z",
        "time_period_end": "2021-09-15T08:00:00.0000000Z",
        "time_open": "2021-09-15T00:00:00.9750000Z",
        "time_close": "2021-09-15T07:59:59.2890000Z",
        "price_open": 414.5633,
        "price_high": 424.2846,
        "price_low": 410.281,
        "price_close": 422.3,
        "volume_traded": 9556.97,
        "trades_count": 7766
    },
    {
        "time_period_start": "2021-09-15T08:00:00.0000000Z",
        "time_period_end": "2021-09-15T16:00:00.0000000Z",
        "time_open": "2021-09-15T08:00:00.0580000Z",
        "time_close": "2021-09-15T15:59:58.6250000Z",
        "price_open": 422.2,
        "price_high": 436.617,
        "price_low": 421.1091,
        "price_close": 435.1985,
        "volume_traded": 13952.19,
        "trades_count": 9827
    },
    {
        "time_period_start": "2021-09-15T16:00:00.0000000Z",
        "time_period_end": "2021-09-16T00:00:00.0000000Z",
        "time_open": "2021-09-15T16:00:00.2250000Z",
        "time_close": "2021-09-15T23:59:56.3530000Z",
        "price_open": 435.2921,
        "price_high": 436.266,
        "price_low": 426.4184,
        "price_close": 431.4217,
        "volume_traded": 9103.11,
        "trades_count": 7348
    },
    {
        "time_period_start": "2021-09-16T00:00:00.0000000Z",
        "time_period_end": "2021-09-16T08:00:00.0000000Z",
        "time_open": "2021-09-16T00:00:00.1960000Z",
        "time_close": "2021-09-16T07:59:18.6430000Z",
        "price_open": 431.5432,
        "price_high": 433.206,
        "price_low": 421.1376,
        "price_close": 429.9751,
        "volume_traded": 9888.09,
        "trades_count": 7599
    },
    {
        "time_period_start": "2021-09-16T08:00:00.0000000Z",
        "time_period_end": "2021-09-16T16:00:00.0000000Z",
        "time_open": "2021-09-16T08:00:10.2680000Z",
        "time_close": "2021-09-16T15:59:57.9020000Z",
        "price_open": 430.1334,
        "price_high": 433.3248,
        "price_low": 419.1808,
        "price_close": 425.9578,
        "volume_traded": 7829.48,
        "trades_count": 6798
    },
    {
        "time_period_start": "2021-09-16T16:00:00.0000000Z",
        "time_period_end": "2021-09-17T00:00:00.0000000Z",
        "time_open": "2021-09-16T16:00:21.1470000Z",
        "time_close": "2021-09-16T23:59:54.0710000Z",
        "price_open": 425.5731,
        "price_high": 428.6052,
        "price_low": 415.2793,
        "price_close": 424.3984,
        "volume_traded": 8689.29,
        "trades_count": 7415
    },
    {
        "time_period_start": "2021-09-17T00:00:00.0000000Z",
        "time_period_end": "2021-09-17T08:00:00.0000000Z",
        "time_open": "2021-09-17T00:00:00.1630000Z",
        "time_close": "2021-09-17T07:34:58.4710000Z",
        "price_open": 424.4074,
        "price_high": 426.0388,
        "price_low": 418.6842,
        "price_close": 419.5063,
        "volume_traded": 10556.62,
        "trades_count": 7003
    }
]