[
    {
        "time_period_start": "2021-08-15T00:00:00.0000000Z",
        "time_period_end": "2021-08-15T08:00:00.0000000Z",
        "time_open": "2021-08-15T00:00:00.3481990Z",
        "time_close": "2021-08-15T07:59:59.7501110Z",
        "price_open": 3266.52,
        "price_high": 3291.77,
        "price_low": 3153.0,
        "price_close": 3162.43,
        "volume_traded": 69996.50992041,
        "trades_count": 98566
    },
    {
        "time_period_start": "2021-08-15T08:00:00.0000000Z",
        "time_period_end": "2021-08-15T16:00:00.0000000Z",
        "time_open": "2021-08-15T08:00:00.0362740Z",
        "time_close": "2021-08-15T15:59:59.6247820Z",
        "price_open": 3162.39,
        "price_high": 3202.6,
        "price_low": 3133.5,
        "price_close": 3158.98,
        "volume_traded": 90812.10102228,
        "trades_count": 118391
    },
    {
        "time_period_start": "2021-08-15T16:00:00.0000000Z",
        "time_period_end": "2021-08-16T00:00:00.0000000Z",
        "time_open": "2021-08-15T16:00:00.1840000Z",
        "time_close": "2021-08-15T23:59:59.4961050Z",
        "price_open": 3159.07,
        "price_high": 3325.56,
        "price_low": 3111.425,
        "price_close": 3310.93,
        "volume_traded": 136074.79267434,
        "trades_count": 173423
    },
    {
        "time_period_start": "2021-08-16T00:00:00.0000000Z",
        "time_period_end": "2021-08-16T08:00:00.0000000Z",
        "time_open": "2021-08-16T00:00:00.0887940Z",
        "time_close": "2021-08-16T07:59:59.0612440Z",
        "price_open": 3311.02,
        "price_high": 3342.01,
        "price_low": 3257.78,
        "price_close": 3277.31,
        "volume_traded": 100788.9541145,
        "trades_count": 128215
    },
    {
        "time_period_start": "2021-08-16T08:00:00.0000000Z",
        "time_period_end": "2021-08-16T16:00:00.0000000Z",
        "time_open": "2021-08-16T08:00:00.1520000Z",
        "time_close": "2021-08-16T15:59:58.8907980Z",
        "price_open": 3277.255,
        "price_high": 3312.67,
        "price_low": 3180.08,
        "price_close": 3225.79,
        "volume_traded": 125700.8786926,
        "trades_count": 123390
    },
    {
        "time_period_start": "2021-08-16T16:00:00.0000000Z",
        "time_period_end": "2021-08-17T00:00:00.0000000Z",
        "time_open": "2021-08-16T16:00:00.3429890Z",
        "time_close": "2021-08-16T23:59:59.6874550Z",
        "price_open": 3225.47,
        "price_high": 3246.08,
        "price_low": 3132.96,
        "price_close": 3146.6,
        "volume_traded": 111881.33198836,
        "trades_count": 137245
    },
    {
        "time_period_start": "2021-08-17T00:00:00.0000000Z",
        "time_period_end": "2021-08-17T08:00:00.0000000Z",
        "time_open": "2021-08-17T00:00:00.1137450Z",
        "time_close": "2021-08-17T07:59:58.0607540Z",
        "price_open": 3146.6,
        "price_high": 3217.12,
        "price_low": 3115.59,
        "price_close": 3172.31,
        "volume_traded": 85049.71970148,
        "trades_count": 114512
    },
    {
        "time_period_start": "2021-08-17T08:00:00.0000000Z",
        "time_period_end": "2021-08-17T16:00:00.0000000Z",
        "time_open": "2021-08-17T08:00:00.0870000Z",
        "time_close": "2021-08-17T15:59:59.8240860Z",
        "price_open": 3172.02,
        "price_high": 3296.17,
        "price_low": 3160.32,
        "price_close": 3165.16,
        "volume_traded": 131840.75156484,
        "trades_count": 139152
    },
    {
        "time_period_start": "2021-08-17T16:00:00.0000000Z",
        "time_period_end": "2021-08-18T00:00:00.0000000Z",
        "time_open": "2021-08-17T16:00:00.1189010Z",
        "time_close": "2021-08-17T23:59:59.5275800Z",
        "price_open": 3165.15,
        "price_high": 3190.33,
        "price_low": 2990.0,
        "price_close": 3011.01,
        "volume_traded": 234458.78801117,
        "trades_count": 224098
    },
    {
        "time_period_start": "2021-08-18T00:00:00.0000000Z",
        "time_period_end": "2021-08-18T08:00:00.0000000Z",
        "time_open": "2021-08-18T00:00:00.4472100Z",
        "time_close": "2021-08-18T07:59:59.8749010Z",
        "price_open": 3011.77,
        "price_high": 3086.8,
        "price_low": 2951.0,
        "price_close": 3031.2,
        "volume_traded": 120734.08034146,
        "trades_count": 140139
    },
    {
        "time_period_start": "2021-08-18T08:00:00.0000000Z",
        "time_period_end": "2021-08-18T16:00:00.0000000Z",
        "time_open": "2021-08-18T08:00:00.1428550Z",
        "time_close": "2021-08-18T15:59:59.6508670Z",
        "price_open": 3030.99,
        "price_high": 3123.97,
        "price_low": 2989.08,
        "price_close": 3113.11,
        "volume_traded": 99136.00763612,
        "trades_count": 111165
    },
    {
        "time_period_start": "2021-08-18T16:00:00.0000000Z",
        "time_period_end": "2021-08-19T00:00:00.0000000Z",
        "time_open": "2021-08-18T16:00:00.0881280Z",
        "time_close": "2021-08-18T23:59:59.8811800Z",
        "price_open": 3113.27,
        "price_high": 3128.29,
        "price_low": 2997.4,
        "price_close": 3014.38,
        "volume_traded": 117159.79768297,
        "trades_count": 142093
    },
    {
        "time_period_start": "2021-08-19T00:00:00.0000000Z",
        "time_period_end": "2021-08-19T08:00:00.0000000Z",
        "time_open": "2021-08-19T00:00:00.5255950Z",
        "time_close": "2021-08-19T07:59:59.6710000Z",
        "price_open": 3014.38,
        "price_high": 3053.12,
        "price_low": 2957.95,
        "price_close": 2993.63,
        "volume_traded": 87902.37812701,
        "trades_count": 119268
    },
    {
        "time_period_start": "2021-08-19T08:00:00.0000000Z",
        "time_period_end": "2021-08-19T16:00:00.0000000Z",
        "time_open": "2021-08-19T08:00:00.1002180Z",
        "time_close": "2021-08-19T15:59:59.9960000Z",
        "price_open": 2995.55,
        "price_high": 3079.43,
        "price_low": 2962.5,
        "price_close": 3069.5,
        "volume_traded": 88698.26538548,
        "trades_count": 112703
    },
    {
        "time_period_start": "2021-08-19T16:00:00.0000000Z",
        "time_period_end": "2021-08-20T00:00:00.0000000Z",
        "time_open": "2021-08-19T16:00:00.5280000Z",
        "time_close": "2021-08-19T23:59:59.9940000Z",
        "price_open": 3069.5,
        "price_high": 3189.6,
        "price_low": 3023.83,
        "price_close": 3185.18,
        "volume_traded": 126768.21609786,
        "trades_count": 147801
    },
    {
        "time_period_start": "2021-08-20T00:00:00.0000000Z",
        "time_period_end": "2021-08-20T08:00:00.0000000Z",
        "time_open": "2021-08-20T00:00:00.1144890Z",
        "time_close": "2021-08-20T07:59:59.8630000Z",
        "price_open": 3184.32,
        "price_high": 3246.095,
        "price_low": 3178.49,
        "price_close": 3214.89,
        "volume_traded": 101359.05121485,
        "trades_count": 111578
    },
    {
        "time_period_start": "2021-08-20T08:00:00.0000000Z",
        "time_period_end": "2021-08-20T16:00:00.0000000Z",
        "time_open": "2021-08-20T08:00:00.0059240Z",
        "time_close": "2021-08-20T15:59:59.9728170Z",
        "price_open": 3216.58,
        "price_high": 3305.09,
        "price_low": 3185.65,
        "price_close": 3284.27,
        "volume_traded": 118101.11858809,
        "trades_count": 124286
    },
    {
        "time_period_start": "2021-08-20T16:00:00.0000000Z",
        "time_period_end": "2021-08-21T00:00:00.0000000Z",
        "time_open": "2021-08-20T16:00:00.2008590Z",
        "time_close": "2021-08-20T23:59:59.5843390Z",
        "price_open": 3284.27,
        "price_high": 3302.0,
        "price_low": 3218.68,
        "price_close": 3286.58,
        "volume_traded": 107537.15858452,
        "trades_count": 125972
    },
    {
        "time_period_start": "2021-08-21T00:00:00.0000000Z",
        "time_period_end": "2021-08-21T08:00:00.0000000Z",
        "time_open": "2021-08-21T00:00:01.1942180Z",
        "time_close": "2021-08-21T07:59:59.7720000Z",
        "price_open": 3286.82,
        "price_high": 3309.91,
        "price_low": 3233.574,
        "price_close": 3295.57,
        "volume_traded": 68440.81374785,
        "trades_count": 93244
    },
    {
        "time_period_start": "2021-08-21T08:00:00.0000000Z",
        "time_period_end": "2021-08-21T16:00:00.0000000Z",
        "time_open": "2021-08-21T08:00:00.2606050Z",
        "time_close": "2021-08-21T15:59:59.7567270Z",
        "price_open": 3295.29,
        "price_high": 3312.72,
        "price_low": 3241.73,
        "price_close": 3275.14,
        "volume_traded": 61752.1606202,
        "trades_count": 83757
    },
    {
        "time_period_start": "2021-08-21T16:00:00.0000000Z",
        "time_period_end": "2021-08-22T00:00:00.0000000Z",
        "time_open": "2021-08-21T16:00:00.1195210Z",
        "time_close": "2021-08-21T23:59:59.3740000Z",
        "price_open": 3275.15,
        "price_high": 3298.2,
        "price_low": 3200.0,
        "price_close": 3225.99,
        "volume_traded": 69105.33938685,
        "trades_count": 101744
    },
    {
        "time_period_start": "2021-08-22T00:00:00.0000000Z",
        "time_period_end": "2021-08-22T08:00:00.0000000Z",
        "time_open": "2021-08-22T00:00:00.0975370Z",
        "time_close": "2021-08-22T07:59:58.6328990Z",
        "price_open": 3226.38,
        "price_high": 3275.87,
        "price_low": 3218.04,
        "price_close": 3265.31,
        "volume_traded": 30289.84376395,
        "trades_count": 59094
    },
    {
        "time_period_start": "2021-08-22T08:00:00.0000000Z",
        "time_period_end": "2021-08-22T16:00:00.0000000Z",
        "time_open": "2021-08-22T08:00:00.1700000Z",
        "time_close": "2021-08-22T15:59:59.5147440Z",
        "price_open": 3266.34,
        "price_high": 3276.43,
        "price_low": 3152.85,
        "price_close": 3184.0,
        "volume_traded": 64367.33065527,
        "trades_count": 76709
    },
    {
        "time_period_start": "2021-08-22T16:00:00.0000000Z",
        "time_period_end": "2021-08-23T00:00:00.0000000Z",
        "time_open": "2021-08-22T16:00:01.4445660Z",
        "time_close": "2021-08-22T23:59:59.8971100Z",
        "price_open": 3184.0,
        "price_high": 3259.61,
        "price_low": 3127.983,
        "price_close": 3241.42,
        "volume_traded": 76206.63224328,
        "trades_count": 110795
    },
    {
        "time_period_start": "2021-08-23T00:00:00.0000000Z",
        "time_period_end": "2021-08-23T08:00:00.0000000Z",
        "time_open": "2021-08-23T00:00:00.1291680Z",
        "time_close": "2021-08-23T07:59:51.4850000Z",
        "price_open": 3241.41,
        "price_high": 3362.82,
        "price_low": 3233.19,
        "price_close": 3325.056,
        "volume_traded": 139243.95464579,
        "trades_count": 139672
    },
    {
        "time_period_start": "2021-08-23T08:00:00.0000000Z",
        "time_period_end": "2021-08-23T16:00:00.0000000Z",
        "time_open": "2021-08-23T08:00:00.1540000Z",
        "time_close": "2021-08-23T15:59:59.8602760Z",
        "price_open": 3325.234,
        "price_high": 3381.47,
        "price_low": 3295.56,
        "price_close": 3327.43,
        "volume_traded": 92184.24810762,
        "trades_count": 108904
    },
    {
        "time_period_start": "2021-08-23T16:00:00.0000000Z",
        "time_period_end": "2021-08-24T00:00:00.0000000Z",
        "time_open": "2021-08-23T16:00:00.0961240Z",
        "time_close": "2021-08-23T23:59:57.4683970Z",
        "price_open": 3327.13,
        "price_high": 3358.35,
        "price_low": 3278.54,
        "price_close": 3323.12,
        "volume_traded": 91266.66462402,
        "trades_count": 114301
    },
    {
        "time_period_start": "2021-08-24T00:00:00.0000000Z",
        "time_period_end": "2021-08-24T08:00:00.0000000Z",
        "time_open": "2021-08-24T00:00:02.1684550Z",
        "time_close": "2021-08-24T07:59:59.1354190Z",
        "price_open": 3322.76,
        "price_high": 3361.54,
        "price_low": 3281.56,
        "price_close": 3349.42,
        "volume_traded": 57945.1059328,
        "trades_count": 81787
    },
    {
        "time_period_start": "2021-08-24T08:00:00.0000000Z",
        "time_period_end": "2021-08-24T16:00:00.0000000Z",
        "time_open": "2021-08-24T08:00:00.2109570Z",
        "time_close": "2021-08-24T15:59:59.9360000Z",
        "price_open": 3349.42,
        "price_high": 3355.0,
        "price_low": 3199.49,
        "price_close": 3210.28,
        "volume_traded": 97841.61672797,
        "trades_count": 105765
    },
    {
        "time_period_start": "2021-08-24T16:00:00.0000000Z",
        "time_period_end": "2021-08-25T00:00:00.0000000Z",
        "time_open": "2021-08-24T16:00:00.1008550Z",
        "time_close": "2021-08-24T23:59:58.9639610Z",
        "price_open": 3211.91,
        "price_high": 3231.62,
        "price_low": 3142.41,
        "price_close": 3171.52,
        "volume_traded": 124879.54843372,
        "trades_count": 149779
    },
    {
        "time_period_start": "2021-08-25T00:00:00.0000000Z",
        "time_period_end": "2021-08-25T08:00:00.0000000Z",
        "time_open": "2021-08-25T00:00:00.1049500Z",
        "time_close": "2021-08-25T07:59:57.7019080Z",
        "price_open": 3170.94,
        "price_high": 3224.33,
        "price_low": 3155.29,
        "price_close": 3184.35,
        "volume_traded": 53464.44324536,
        "trades_count": 89825
    },
    {
        "time_period_start": "2021-08-25T08:00:00.0000000Z",
        "time_period_end": "2021-08-25T16:00:00.0000000Z",
        "time_open": "2021-08-25T08:00:04.0688070Z",
        "time_close": "2021-08-25T15:59:59.9825130Z",
        "price_open": 3183.86,
        "price_high": 3229.96,
        "price_low": 3077.1,
        "price_close": 3218.84,
        "volume_traded": 124550.65306826,
        "trades_count": 136282
    },
    {
        "time_period_start": "2021-08-25T16:00:00.0000000Z",
        "time_period_end": "2021-08-26T00:00:00.0000000Z",
        "time_open": "2021-08-25T16:00:00.1599840Z",
        "time_close": "2021-08-25T23:59:59.6915010Z",
        "price_open": 3219.08,
        "price_high": 3251.3,
        "price_low": 3199.5,
        "price_close": 3228.51,
        "volume_traded": 81905.47988718,
        "trades_count": 111589
    },
    {
        "time_period_start": "2021-08-26T00:00:00.0000000Z",
        "time_period_end": "2021-08-26T08:00:00.0000000Z",
        "time_open": "2021-08-26T00:00:00.0796960Z",
        "time_close": "2021-08-26T07:59:59.9880000Z",
        "price_open": 3228.51,
        "price_high": 3256.02,
        "price_low": 3052.8,
        "price_close": 3102.0,
        "volume_traded": 110774.23415247,
        "trades_count": 122485
    },
    {
        "time_period_start": "2021-08-26T08:00:00.0000000Z",
        "time_period_end": "2021-08-26T16:00:00.0000000Z",
        "time_open": "2021-08-26T08:00:00.1224710Z",
        "time_close": "2021-08-26T15:59:59.9177940Z",
        "price_open": 3104.96,
        "price_high": 3149.72,
        "price_low": 3055.0,
        "price_close": 3104.81,
        "volume_traded": 88824.15587298,
        "trades_count": 104588
    },
    {
        "time_period_start": "2021-08-26T16:00:00.0000000Z",
        "time_period_end": "2021-08-27T00:00:00.0000000Z",
        "time_open": "2021-08-26T16:00:00.5211110Z",
        "time_close": "2021-08-26T23:59:59.9390000Z",
        "price_open": 3105.1,
        "price_high": 3148.78,
        "price_low": 3076.91,
        "price_close": 3092.74,
        "volume_traded": 55905.17034352,
        "trades_count": 93897
    },
    {
        "time_period_start": "2021-08-27T00:00:00.0000000Z",
        "time_period_end": "2021-08-27T08:00:00.0000000Z",
        "time_open": "2021-08-27T00:00:00.0460000Z",
        "time_close": "2021-08-27T07:59:58.9409050Z",
        "price_open": 3092.74,
        "price_high": 3146.01,
        "price_low": 3050.0,
        "price_close": 3128.25,
        "volume_traded": 69613.79877446,
        "trades_count": 100964
    },
    {
        "time_period_start": "2021-08-27T08:00:00.0000000Z",
        "time_period_end": "2021-08-27T16:00:00.0000000Z",
        "time_open": "2021-08-27T08:00:00.6128920Z",
        "time_close": "2021-08-27T15:59:59.9751980Z",
        "price_open": 3126.97,
        "price_high": 3250.0,
        "price_low": 3103.55,
        "price_close": 3241.18,
        "volume_traded": 134424.53835653,
        "trades_count": 126862
    },
    {
        "time_period_start": "2021-08-27T16:00:00.0000000Z",
        "time_period_end": "2021-08-28T00:00:00.0000000Z",
        "time_open": "2021-08-27T16:00:00.7640000Z",
        "time_close": "2021-08-27T23:59:59.9380000Z",
        "price_open": 3242.35,
        "price_high": 3284.0,
        "price_low": 3213.96,
        "price_close": 3275.92,
        "volume_traded": 92046.35968922,
        "trades_count": 114806
    },
    {
        "time_period_start": "2021-08-28T00:00:00.0000000Z",
        "time_period_end": "2021-08-28T08:00:00.0000000Z",
        "time_open": "2021-08-28T00:00:00.1003800Z",
        "time_close": "2021-08-28T07:59:59.0795730Z",
        "price_open": 3275.32,
        "price_high": 3290.51,
        "price_low": 3227.33,
        "price_close": 3231.95,
        "volume_traded": 44636.29627209,
        "trades_count": 73158
    },
    {
        "time_period_start": "2021-08-28T08:00:00.0000000Z",
        "time_period_end": "2021-08-28T16:00:00.0000000Z",
        "time_open": "2021-08-28T08:00:00.0875200Z",
        "time_close": "2021-08-28T15:59:57.3257040Z",
        "price_open": 3232.13,
        "price_high": 3261.2,
        "price_low": 3211.06,
        "price_close": 3249.07,
        "volume_traded": 34040.46669334,
        "trades_count": 58789
    },
    {
        "time_period_start": "2021-08-28T16:00:00.0000000Z",
        "time_period_end": "2021-08-29T00:00:00.0000000Z",
        "time_open": "2021-08-28T16:00:00.1640000Z",
        "time_close": "2021-08-28T23:59:59.6820000Z",
        "price_open": 3249.476,
        "price_high": 3268.98,
        "price_low": 3221.76,
        "price_close": 3246.37,
        "volume_traded": 44456.31032436,
        "trades_count": 75200
    },
    {
        "time_period_start": "2021-08-29T00:00:00.0000000Z",
        "time_period_end": "2021-08-29T08:00:00.0000000Z",
        "time_open": "2021-08-29T00:00:00.1141480Z",
        "time_close": "2021-08-29T07:59:59.9482310Z",
        "price_open": 3247.99,
        "price_high": 3288.81,
        "price_low": 3152.19,
        "price_close": 3208.67,
        "volume_traded": 87650.8526382,
        "trades_count": 105270
    },
    {
        "time_period_start": "2021-08-29T08:00:00.0000000Z",
        "time_period_end": "2021-08-29T16:00:00.0000000Z",
        "time_open": "2021-08-29T08:00:00.2280000Z",
        "time_close": "2021-08-29T15:59:58.1797200Z",
        "price_open": 3208.71,
        "price_high": 3222.62,
        "price_low": 3168.5,
        "price_close": 3189.89,
        "volume_traded": 26726.76486345,
        "trades_count": 55612
    },
    {
        "time_period_start": "2021-08-29T16:00:00.0000000Z",
        "time_period_end": "2021-08-30T00:00:00.0000000Z",
        "time_open": "2021-08-29T16:00:01.1603530Z",
        "time_close": "2021-08-29T23:59:59.9680830Z",
        "price_open": 3189.99,
        "price_high": 3260.86,
        "price_low": 3183.36,
        "price_close": 3226.46,
        "volume_traded": 41352.38548467,
        "trades_count": 84332
    },
    {
        "time_period_start": "2021-08-30T00:00:00.0000000Z",
        "time_period_end": "2021-08-30T08:00:00.0000000Z",
        "time_open": "2021-08-30T00:00:00.3748630Z",
        "time_close": "2021-08-30T07:59:58.9993290Z",
        "price_open": 3226.45,
        "price_high": 3231.87,
        "price_low": 3136.23,
        "price_close": 3182.19,
        "volume_traded": 64651.34859491,
        "trades_count": 94376
    },
    {
        "time_period_start": "2021-08-30T08:00:00.0000000Z",
        "time_period_end": "2021-08-30T16:00:00.0000000Z",
        "time_open": "2021-08-30T08:00:00.1247150Z",
        "time_close": "2021-08-30T15:59:59.7655860Z",
        "price_open": 3182.18,
        "price_high": 3229.69,
        "price_low": 3151.01,
        "price_close": 3219.99,
        "volume_traded": 73741.65971017,
        "trades_count": 86814
    },
    {
        "time_period_start": "2021-08-30T16:00:00.0000000Z",
        "time_period_end": "2021-08-31T00:00:00.0000000Z",
        "time_open": "2021-08-30T16:00:00.1103120Z",
        "time_close": "2021-08-30T23:59:59.2146980Z",
        "price_open": 3219.99,
        "price_high": 3350.26,
        "price_low": 3208.42,
        "price_close": 3229.01,
        "volume_traded": 235059.66934028,
        "trades_count": 208586
    },
    {
        "time_period_start": "2021-08-31T00:00:00.0000000Z",
        "time_period_end": "2021-08-31T08:00:00.0000000Z",
        "time_open": "2021-08-31T00:00:00.1210570Z",
        "time_close": "2021-08-31T07:59:59.6956290Z",
        "price_open": 3229.02,
        "price_high": 3373.44,
        "price_low": 3188.0,
        "price_close": 3359.89,
        "volume_traded": 146348.35192216,
        "trades_count": 154510
    },
    {
        "time_period_start": "2021-08-31T08:00:00.0000000Z",
        "time_period_end": "2021-08-31T16:00:00.0000000Z",
        "time_open": "2021-08-31T08:00:00.0798600Z",
        "time_close": "2021-08-31T15:59:59.5803820Z",
        "price_open": 3359.74,
        "price_high": 3486.8,
        "price_low": 3310.26,
        "price_close": 3389.0,
        "volume_traded": 238721.19272286,
        "trades_count": 227757
    },
    {
        "time_period_start": "2021-08-31T16:00:00.0000000Z",
        "time_period_end": "2021-09-01T00:00:00.0000000Z",
        "time_open": "2021-08-31T16:00:00.1430540Z",
        "time_close": "2021-08-31T23:59:59.1754970Z",
        "price_open": 3389.56,
        "price_high": 3446.498,
        "price_low": 3339.86,
        "price_close": 3430.23,
        "volume_traded": 145418.77421164,
        "trades_count": 177633
    },
    {
        "time_period_start": "2021-09-01T00:00:00.0000000Z",
        "time_period_end": "2021-09-01T08:00:00.0000000Z",
        "time_open": "2021-09-01T00:00:00.0704820Z",
        "time_close": "2021-09-01T07:59:59.9890000Z",
        "price_open": 3430.0,
        "price_high": 3549.85,
        "price_low": 3383.35,
        "price_close": 3518.15,
        "volume_traded": 147784.70937331,
        "trades_count": 174364
    },
    {
        "time_period_start": "2021-09-01T08:00:00.0000000Z",
        "time_period_end": "2021-09-01T16:00:00.0000000Z",
        "time_open": "2021-09-01T08:00:00.1385190Z",
        "time_close": "2021-09-01T15:59:59.6720000Z",
        "price_open": 3518.64,
        "price_high": 3590.0,
        "price_low": 3512.85,
        "price_close": 3583.54,
        "volume_traded": 125979.85536485,
        "trades_count": 186622
    },
    {
        "time_period_start": "2021-09-01T16:00:00.0000000Z",
        "time_period_end": "2021-09-02T00:00:00.0000000Z",
        "time_open": "2021-09-01T16:00:00.0859040Z",
        "time_close": "2021-09-01T23:59:59.6109450Z",
        "price_open": 3583.58,
        "price_high": 3849.14,
        "price_low": 3579.27,
        "price_close": 3829.39,
        "volume_traded": 233704.12253503,
        "trades_count": 299046
    },
    {
        "time_period_start": "2021-09-02T00:00:00.0000000Z",
        "time_period_end": "2021-09-02T08:00:00.0000000Z",
        "time_open": "2021-09-02T00:00:00.0519720Z",
        "time_close": "2021-09-02T07:59:58.7577700Z",
        "price_open": 3829.29,
        "price_high": 3841.35,
        "price_low": 3722.65,
        "price_close": 3735.55,
        "volume_traded": 121589.1834609,
        "trades_count": 171940
    },
    {
        "time_period_start": "2021-09-02T08:00:00.0000000Z",
        "time_period_end": "2021-09-02T16:00:00.0000000Z",
        "time_open": "2021-09-02T08:00:00.1279030Z",
        "time_close": "2021-09-02T15:59:59.9788000Z",
        "price_open": 3735.14,
        "price_high": 3836.99,
        "price_low": 3726.58,
        "price_close": 3757.2,
        "volume_traded": 94412.71399524,
        "trades_count": 134367
    },
    {
        "time_period_start": "2021-09-02T16:00:00.0000000Z",
        "time_period_end": "2021-09-03T00:00:00.0000000Z",
        "time_open": "2021-09-02T16:00:00.1323290Z",
        "time_close": "2021-09-02T23:59:59.3782250Z",
        "price_open": 3757.19,
        "price_high": 3833.54,
        "price_low": 3756.07,
        "price_close": 3787.97,
        "volume_traded": 91004.47669671,
        "trades_count": 145100
    },
    {
        "time_period_start": "2021-09-03T00:00:00.0000000Z",
        "time_period_end": "2021-09-03T08:00:00.0000000Z",
        "time_open": "2021-09-03T00:00:00.1602800Z",
        "time_close": "2021-09-03T07:59:59.9893310Z",
        "price_open": 3788.2,
        "price_high": 3828.64,
        "price_low": 3708.89,
        "price_close": 3797.02,
        "volume_traded": 119533.16921706,
        "trades_count": 153035
    },
    {
        "time_period_start": "2021-09-03T08:00:00.0000000Z",
        "time_period_end": "2021-09-03T16:00:00.0000000Z",
        "time_open": "2021-09-03T08:00:00.1780000Z",
        "time_close": "2021-09-03T15:59:59.4281390Z",
        "price_open": 3798.09,
        "price_high": 4030.82,
        "price_low": 3790.34,
        "price_close": 3969.83,
        "volume_traded": 208772.01608481,
        "trades_count": 238193
    },
    {
        "time_period_start": "2021-09-03T16:00:00.0000000Z",
        "time_period_end": "2021-09-04T00:00:00.0000000Z",
        "time_open": "2021-09-03T16:00:00.1077510Z",
        "time_close": "2021-09-03T23:59:59.9343760Z",
        "price_open": 3970.13,
        "price_high": 3986.41,
        "price_low": 3859.12,
        "price_close": 3940.06,
        "volume_traded": 110806.78230591,
        "trades_count": 177416
    },
    {
        "time_period_start": "2021-09-04T00:00:00.0000000Z",
        "time_period_end": "2021-09-04T08:00:00.0000000Z",
        "time_open": "2021-09-04T00:00:00.1318020Z",
        "time_close": "2021-09-04T07:59:59.5761200Z",
        "price_open": 3940.06,
        "price_high": 3974.25,
        "price_low": 3891.99,
        "price_close": 3916.22,
        "volume_traded": 70212.26107024,
        "trades_count": 114746
    },
    {
        "time_period_start": "2021-09-04T08:00:00.0000000Z",
        "time_period_end": "2021-09-04T16:00:00.0000000Z",
        "time_open": "2021-09-04T08:00:00.0858610Z",
        "time_close": "2021-09-04T15:59:59.5991640Z",
        "price_open": 3916.55,
        "price_high": 3955.52,
        "price_low": 3880.0,
        "price_close": 3920.48,
        "volume_traded": 57102.72351831,
        "trades_count": 100696
    },
    {
        "time_period_start": "2021-09-04T16:00:00.0000000Z",
        "time_period_end": "2021-09-05T00:00:00.0000000Z",
        "time_open": "2021-09-04T16:00:00.5406570Z",
        "time_close": "2021-09-04T23:59:59.2912640Z",
        "price_open": 3920.48,
        "price_high": 3927.236,
        "price_low": 3832.02,
        "price_close": 3887.53,
        "volume_traded": 70636.78979243,
        "trades_count": 124447
    },
    {
        "time_period_start": "2021-09-05T00:00:00.0000000Z",
        "time_period_end": "2021-09-05T08:00:00.0000000Z",
        "time_open": "2021-09-05T00:00:00.0892140Z",
        "time_close": "2021-09-05T07:59:57.1232110Z",
        "price_open": 3887.58,
        "price_high": 3916.57,
        "price_low": 3834.43,
        "price_close": 3873.51,
        "volume_traded": 38235.64077487,
        "trades_count": 84581
    },
    {
        "time_period_start": "2021-09-05T08:00:00.0000000Z",
        "time_period_end": "2021-09-05T16:00:00.0000000Z",
        "time_open": "2021-09-05T08:00:00.6219600Z",
        "time_close": "2021-09-05T15:59:59.7400000Z",
        "price_open": 3873.51,
        "price_high": 3963.33,
        "price_low": 3857.97,
        "price_close": 3910.375,
        "volume_traded": 54691.18608086,
        "trades_count": 92355
    },
    {
        "time_period_start": "2021-09-05T16:00:00.0000000Z",
        "time_period_end": "2021-09-06T00:00:00.0000000Z",
        "time_open": "2021-09-05T16:00:00.1064760Z",
        "time_close": "2021-09-05T23:59:59.3320000Z",
        "price_open": 3909.52,
        "price_high": 3987.06,
        "price_low": 3899.63,
        "price_close": 3952.63,
        "volume_traded": 67837.29445332,
        "trades_count": 119244
    },
    {
        "time_period_start": "2021-09-06T00:00:00.0000000Z",
        "time_period_end": "2021-09-06T08:00:00.0000000Z",
        "time_open": "2021-09-06T00:00:00.2896850Z",
        "time_close": "2021-09-06T07:59:58.7529070Z",
        "price_open": 3951.68,
        "price_high": 3964.56,
        "price_low": 3896.33,
        "price_close": 3945.98,
        "volume_traded": 52816.63808919,
        "trades_count": 96481
    },
    {
        "time_period_start": "2021-09-06T08:00:00.0000000Z",
        "time_period_end": "2021-09-06T16:00:00.0000000Z",
        "time_open": "2021-09-06T08:00:00.6478830Z",
        "time_close": "2021-09-06T15:59:58.0460650Z",
        "price_open": 3945.98,
        "price_high": 3975.0,
        "price_low": 3863.58,
        "price_close": 3926.81,
        "volume_traded": 75477.54287832,
        "trades_count": 105778
    },
    {
        "time_period_start": "2021-09-06T16:00:00.0000000Z",
        "time_period_end": "2021-09-07T00:00:00.0000000Z",
        "time_open": "2021-09-06T16:00:00.0271410Z",
        "time_close": "2021-09-06T23:59:58.1214830Z",
        "price_open": 3926.75,
        "price_high": 3974.26,
        "price_low": 3913.48,
        "price_close": 3928.89,
        "volume_traded": 54521.94241519,
        "trades_count": 120335
    },
    {
        "time_period_start": "2021-09-07T00:00:00.0000000Z",
        "time_period_end": "2021-09-07T08:00:00.0000000Z",
        "time_open": "2021-09-07T00:00:00.1167810Z",
        "time_close": "2021-09-07T07:59:58.6018590Z",
        "price_open": 3928.72,
        "price_high": 3949.0,
        "price_low": 3878.52,
        "price_close": 3884.84,
        "volume_traded": 77592.91736646,
        "trades_count": 128290
    },
    {
        "time_period_start": "2021-09-07T08:00:00.0000000Z",
        "time_period_end": "2021-09-07T16:00:00.0000000Z",
        "time_open": "2021-09-07T08:00:00.1610000Z",
        "time_close": "2021-09-07T15:59:59.9488550Z",
        "price_open": 3885.878,
        "price_high": 3886.37,
        "price_low": 2900.0,
        "price_close": 3463.49,
        "volume_traded": 457320.98748229,
        "trades_count": 391132
    },
    {
        "time_period_start": "2021-09-07T16:00:00.0000000Z",
        "time_period_end": "2021-09-08T00:00:00.0000000Z",
        "time_open": "2021-09-07T16:00:00.4530000Z",
        "time_close": "2021-09-07T23:59:59.6580000Z",
        "price_open": 3462.23,
        "price_high": 3583.74,
        "price_low": 3314.51,
        "price_close": 3432.33,
        "volume_traded": 348109.91153864,
        "trades_count": 406254
    },
    {
        "time_period_start": "2021-09-08T00:00:00.0000000Z",
        "time_period_end": "2021-09-08T08:00:00.0000000Z",
        "time_open": "2021-09-08T00:00:00.0964130Z",
        "time_close": "2021-09-08T07:59:59.9137880Z",
        "price_open": 3436.75,
        "price_high": 3545.6,
        "price_low": 3245.57,
        "price_close": 3259.72,
        "volume_traded": 217515.32358693,
        "trades_count": 272527
    },
    {
        "time_period_start": "2021-09-08T08:00:00.0000000Z",
        "time_period_end": "2021-09-08T16:00:00.0000000Z",
        "time_open": "2021-09-08T08:00:00.0468700Z",
        "time_close": "2021-09-08T15:59:59.9257500Z",
        "price_open": 3260.38,
        "price_high": 3462.5,
        "price_low": 3213.51,
        "price_close": 3420.94,
        "volume_traded": 190664.70606976,
        "trades_count": 220080
    },
    {
        "time_period_start": "2021-09-08T16:00:00.0000000Z",
        "time_period_end": "2021-09-09T00:00:00.0000000Z",
        "time_open": "2021-09-08T16:00:00.1287460Z",
        "time_close": "2021-09-08T23:59:59.5810480Z",
        "price_open": 3420.6,
        "price_high": 3562.98,
        "price_low": 3399.393,
        "price_close": 3500.34,
        "volume_traded": 148389.76426975,
        "trades_count": 191806
    },
    {
        "time_period_start": "2021-09-09T00:00:00.0000000Z",
        "time_period_end": "2021-09-09T08:00:00.0000000Z",
        "time_open": "2021-09-09T00:00:00.2776820Z",
        "time_close": "2021-09-09T07:59:59.3959410Z",
        "price_open": 3499.54,
        "price_high": 3524.62,
        "price_low": 3421.53,
        "price_close": 3499.74,
        "volume_traded": 102948.71731057,
        "trades_count": 141529
    },
    {
        "time_period_start": "2021-09-09T08:00:00.0000000Z",
        "time_period_end": "2021-09-09T16:00:00.0000000Z",
        "time_open": "2021-09-09T08:00:03.4123270Z",
        "time_close": "2021-09-09T15:59:59.6415680Z",
        "price_open": 3500.1,
        "price_high": 3571.91,
        "price_low": 3387.62,
        "price_close": 3524.14,
        "volume_traded": 166175.61840562,
        "trades_count": 195841
    },
    {
        "time_period_start": "2021-09-09T16:00:00.0000000Z",
        "time_period_end": "2021-09-10T00:00:00.0000000Z",
        "time_open": "2021-09-09T16:00:00.1432000Z",
        "time_close": "2021-09-09T23:59:58.9694140Z",
        "price_open": 3524.38,
        "price_high": 3562.43,
        "price_low": 3415.0,
        "price_close": 3424.95,
        "volume_traded": 131397.02204411,
        "trades_count": 181481
    },
    {
        "time_period_start": "2021-09-10T00:00:00.0000000Z",
        "time_period_end": "2021-09-10T08:00:00.0000000Z",
        "time_open": "2021-09-10T00:00:00.0862260Z",
        "time_close": "2021-09-10T07:59:59.9910000Z",
        "price_open": 3424.32,
        "price_high": 3515.0,
        "price_low": 3390.01,
        "price_close": 3400.01,
        "volume_traded": 90396.40444097,
        "trades_count": 131101
    },
    {
        "time_period_start": "2021-09-10T08:00:00.0000000Z",
        "time_period_end": "2021-09-10T16:00:00.0000000Z",
        "time_open": "2021-09-10T08:00:00.1880000Z",
        "time_close": "2021-09-10T15:59:59.9018620Z",
        "price_open": 3400.0,
        "price_high": 3429.94,
        "price_low": 3206.41,
        "price_close": 3299.16,
        "volume_traded": 206279.45488585,
        "trades_count": 258829
    },
    {
        "time_period_start": "2021-09-10T16:00:00.0000000Z",
        "time_period_end": "2021-09-11T00:00:00.0000000Z",
        "time_open": "2021-09-10T16:00:00.1398930Z",
        "time_close": "2021-09-10T23:59:59.0282460Z",
        "price_open": 3299.17,
        "price_high": 3345.39,
        "price_low": 3142.67,
        "price_close": 3209.82,
        "volume_traded": 167390.48147842,
        "trades_count": 211317
    },
    {
        "time_period_start": "2021-09-11T00:00:00.0000000Z",
        "time_period_end": "2021-09-11T08:00:00.0000000Z",
        "time_open": "2021-09-11T00:00:00.3166060Z",
        "time_close": "2021-09-11T07:59:59.9233030Z",
        "price_open": 3209.29,
        "price_high": 3298.15,
        "price_low": 3199.602,
        "price_close": 3247.65,
        "volume_traded": 101528.4692745,
        "trades_count": 135164
    },
    {
        "time_period_start": "2021-09-11T08:00:00.0000000Z",
        "time_period_end": "2021-09-11T16:00:00.0000000Z",
        "time_open": "2021-09-11T08:00:00.1870000Z",
        "time_close": "2021-09-11T15:59:59.6979580Z",
        "price_open": 3248.592,
        "price_high": 3349.81,
        "price_low": 3214.19,
        "price_close": 3312.46,
        "volume_traded": 75063.70481869,
        "trades_count": 110455
    },
    {
        "time_period_start": "2021-09-11T16:00:00.0000000Z",
        "time_period_end": "2021-09-12T00:00:00.0000000Z",
        "time_open": "2021-09-11T16:00:00.0867000Z",
        "time_close": "2021-09-11T23:59:59.6228850Z",
        "price_open": 3312.27,
        "price_high": 3344.16,
        "price_low": 3242.929,
        "price_close": 3266.77,
        "volume_traded": 58006.42166718,
        "trades_count": 107293
    },
    {
        "time_period_start": "2021-09-12T00:00:00.0000000Z",
        "time_period_end": "2021-09-12T08:00:00.0000000Z",
        "time_open": "2021-09-12T00:00:00.0950400Z",
        "time_close": "2021-09-12T07:59:59.6181490Z",
        "price_open": 3266.97,
        "price_high": 3340.7,
        "price_low": 3231.09,
        "price_close": 3322.12,
        "volume_traded": 49999.70641617,
        "trades_count": 85469
    },
    {
        "time_period_start": "2021-09-12T08:00:00.0000000Z",
        "time_period_end": "2021-09-12T16:00:00.0000000Z",
        "time_open": "2021-09-12T08:00:00.1094210Z",
        "time_close": "2021-09-12T15:59:59.4571380Z",
        "price_open": 3322.06,
        "price_high": 3473.1,
        "price_low": 3315.6,
        "price_close": 3417.95,
        "volume_traded": 78190.81957498,
        "trades_count": 111655
    },
    {
        "time_period_start": "2021-09-12T16:00:00.0000000Z",
        "time_period_end": "2021-09-13T00:00:00.0000000Z",
        "time_open": "2021-09-12T16:00:00.0780770Z",
        "time_close": "2021-09-12T23:59:58.9909630Z",
        "price_open": 3417.41,
        "price_high": 3448.57,
        "price_low": 3305.0,
        "price_close": 3403.75,
        "volume_traded": 89494.21293112,
        "trades_count": 133583
    },
    {
        "time_period_start": "2021-09-13T00:00:00.0000000Z",
        "time_period_end": "2021-09-13T08:00:00.0000000Z",
        "time_open": "2021-09-13T00:00:00.1251050Z",
        "time_close": "2021-09-13T07:59:59.9450490Z",
        "price_open": 3403.81,
        "price_high": 3430.95,
        "price_low": 3176.08,
        "price_close": 3204.77,
        "volume_traded": 129917.56603711,
        "trades_count": 172043
    },
    {
        "time_period_start": "2021-09-13T08:00:00.0000000Z",
        "time_period_end": "2021-09-13T16:00:00.0000000Z",
        "time_open": "2021-09-13T08:00:00.0953520Z",
        "time_close": "2021-09-13T15:59:59.9207460Z",
        "price_open": 3204.2,
        "price_high": 3389.0,
        "price_low": 3106.98,
        "price_close": 3203.62,
        "volume_traded": 197037.1571567,
        "trades_count": 234110
    },
    {
        "time_period_start": "2021-09-13T16:00:00.0000000Z",
        "time_period_end": "2021-09-14T00:00:00.0000000Z",
        "time_open": "2021-09-13T16:00:00.0409690Z",
        "time_close": "2021-09-13T23:59:59.2387610Z",
        "price_open": 3203.51,
        "price_high": 3307.37,
        "price_low": 3184.268,
        "price_close": 3286.2,
        "volume_traded": 81489.1487374,
        "trades_count": 137709
    },
    {
        "time_period_start": "2021-09-14T00:00:00.0000000Z",
        "time_period_end": "2021-09-14T08:00:00.0000000Z",
        "time_open": "2021-09-14T00:00:00.1410490Z",
        "time_close": "2021-09-14T07:59:59.4242090Z",
        "price_open": 3285.66,
        "price_high": 3340.23,
        "price_low": 3270.74,
        "price_close": 3312.24,
        "volume_traded": 71747.87847181,
        "trades_count": 117720
    },
    {
        "time_period_start": "2021-09-14T08:00:00.0000000Z",
        "time_period_end": "2021-09-14T16:00:00.0000000Z",
        "time_open": "2021-09-14T08:00:00.0908920Z",
        "time_close": "2021-09-14T15:59:59.9713350Z",
        "price_open": 3312.59,
        "price_high": 3409.84,
        "price_low": 3292.216,
        "price_close": 3388.55,
        "volume_traded": 102411.76220768,
        "trades_count": 136192
    },
    {
        "time_period_start": "2021-09-14T16:00:00.0000000Z",
        "time_period_end": "2021-09-15T00:00:00.0000000Z",
        "time_open": "2021-09-14T16:00:00.0713660Z",
        "time_close": "2021-09-14T23:59:59.8730000Z",
        "price_open": 3388.56,
        "price_high": 3439.3,
        "price_low": 3331.85,
        "price_close": 3436.81,
        "volume_traded": 70675.69314628,
        "trades_count": 108159
    },
    {
        "time_period_start": "2021-09-15T00:00:00.0000000Z",
        "time_period_end": "2021-09-15T08:00:00.0000000Z",
        "time_open": "2021-09-15T00:00:00.0734850Z",
        "time_close": "2021-09-15T07:59:59.6530350Z",
        "price_open": 3436.29,
        "price_high": 3453.45,
        "price_low": 3358.521,
        "price_close": 3405.49,
        "volume_traded": 56016.54337721,
        "trades_count": 99695
    },
    {
        "time_period_start": "2021-09-15T08:00:00.0000000Z",
        "time_period_end": "2021-09-15T16:00:00.0000000Z",
        "time_open": "2021-09-15T08:00:00.0340740Z",
        "time_close": "2021-09-15T15:59:59.9740420Z",
        "price_open": 3404.99,
        "price_high": 3512.47,
        "price_low": 3380.0,
        "price_close": 3499.67,
        "volume_traded": 97097.02931511,
        "trades_count": 134717
    },
    {
        "time_period_start": "2021-09-15T16:00:00.0000000Z",
        "time_period_end": "2021-09-16T00:00:00.0000000Z",
        "time_open": "2021-09-15T16:00:00.0016700Z",
        "time_close": "2021-09-15T23:59:59.3832340Z",
        "price_open": 3499.67,
        "price_high": 3621.15,
        "price_low": 3497.21,
        "price_close": 3615.65,
        "volume_traded": 116471.57379853,
        "trades_count": 171106
    },
    {
        "time_period_start": "2021-09-16T00:00:00.0000000Z",
        "time_period_end": "2021-09-16T08:00:00.0000000Z",
        "time_open": "2021-09-16T00:00:00.1168980Z",
        "time_close": "2021-09-16T07:59:59.8331780Z",
        "price_open": 3615.68,
        "price_high": 3679.47,
        "price_low": 3525.86,
        "price_close": 3634.4,
        "volume_traded": 120900.23675054,
        "trades_count": 162495
    },
    {
        "time_period_start": "2021-09-16T08:00:00.0000000Z",
        "time_period_end": "2021-09-16T16:00:00.0000000Z",
        "time_open": "2021-09-16T08:00:00.1079990Z",
        "time_close": "2021-09-16T15:59:59.9780000Z",
        "price_open": 3634.11,
        "price_high": 3645.398,
        "price_low": 3521.69,
        "price_close": 3618.02,
        "volume_traded": 101440.33400904,
        "trades_count": 135504
    },
    {
        "time_period_start": "2021-09-16T16:00:00.0000000Z",
        "time_period_end": "2021-09-17T00:00:00.0000000Z",
        "time_open": "2021-09-16T16:00:00.3013010Z",
        "time_close": "2021-09-16T23:59:59.4944300Z",
        "price_open": 3618.46,
        "price_high": 3636.8,
        "price_low": 3482.691,
        "price_close": 3568.66,
        "volume_traded": 109332.25871962,
        "trades_count": 168933
    },
    {
        "time_period_start": "2021-09-17T00:00:00.0000000Z",
        "time_period_end": "2021-09-17T08:00:00.0000000Z",
        "time_open": "2021-09-17T00:00:00.1020150Z",
        "time_close": "2021-09-17T07:35:36.4256740Z",
        "price_open": 3568.77,
        "price_high": 3596.21,
        "price_low": 3528.78,
        "price_close": 3542.57,
        "volume_traded": 49158.12312479,
        "trades_count": 105621
    }
]