{

    "$schema": "https://vega.github.io/schema/vega-lite/v5.json",

    "data": {

      "url": "https://api.allorigins.win/raw?url=https://api.ons.gov.uk/timeseries/hf6x/dataset/pusf/data",

      "format": {
        "type":"json",
        "property": "quarters"

      }},

    "mark":{

      "type": "bar",
      "color": "rebeccapurple",
      "strokeWidth":2,
      "opacity":1

    },

    "transform": [

 

      {"calculate":"substring(datum.quarter,1)*3-1", "as": "quarter_n"},

      {"calculate":"join([datum.year, datum.quarter_n],['-'])", "as": "date2"},

      {"calculate":"timeParse(datum.date2, '%Y-%m')", "as": "date3"},

 

      {

      "impute": "value",

      "key": "date3",

      "groupby": ["year"],

      "method": "median",

      "frame":[3, 1]

      

}

 

    ],

    "title": {
    "text": "Net borrowing",
    "subtitle": "% GDP. Including public sector banks. Source: ONS",
    "subtitleFontStyle":"italic",
    "subtitleFontSize":10,
    "anchor": "start",
    "color": "black"

  },


    "width":280,
    "height":300,

    "encoding": {

      "x": {
        "field": "date3", 
        "type": "temporal",
        "title":null
        },

      "y": {
        "field": "value", 
        "type": "quantitative",
        "title":null
        },
        "tooltip": [
      {"field": "date3", "type": "temporal", "title": "Date", "timeUnit": "yearmonth"},
      {"field": "value", "type": "quantitative", "title": "Net borrowing (% GDP)"}
   
    ]

    }

}
