{
  "$schema": "https://vega.github.io/schema/vega-lite/v5.json",
  "description": "Sugar 4b",
  "width": 260,
  "height": 300,
  "data": {
    "url": "https://raw.githubusercontent.com/RDeconomist/observatory/main/sugar_C4b.csv"
  },
  "encoding": {
    "x": {
      "field": "Sugar intensity (g per 100ml)",
      "type": "nominal",
      "sort": ["0"],
      "title": "Sugar intensity (g per 100g)",
      "axis": {"labelAngle": 60, "labelFontSize":6}
    }
  },
  "layer": [
    {
      "mark": {"opacity": 0.5, "type": "bar", "color": "#e6224b"},
      "encoding": {
        "y": {
          "field": "Number of products ",
          "type": "quantitative",
          "scale": {"domain": [0, 350]},
          "title": "Number of products",
          "axis": {"titleColor": "#e6224b"}
        }
      }
    },
    {
      "mark": {"stroke": "#36b7b4", "type": "line", "interpolate": "monotone"},
      "encoding": {
        "y": {
          "field": "Tax (pence per g sugar)",
          "type": "quantitative",
          "title": "Tax (pence per g sugar)",
          "axis": {"titleColor": "#36b7b4"}
        }
      }
    }
  ],
  "resolve": {"scale": {"y": "independent"}}
}
