{
    "$schema": "https://vega.github.io/schema/vega-lite/v5.json",

    "title": {
      "text": "Cases: UK nations",
      "subtitle":"New cases by publish date, rolling rate",
      "subtitleFontStyle":"italic",
      "subtitleFontSize":10,
      "anchor": "start",
      "color": "black"},

    
    "data": {
      "url": "https://api.coronavirus.data.gov.uk/v2/data?areaType=nation&metric=newCasesByPublishDateRollingRate&format=csv",
      "format": {"type": "csv"}
    },
   
    "height": 300,
    "width": 300,
   
    "mark": {"type": "line", "point": false},
    
    "encoding": {
      
      "x": {
        "field": "date",
        "type": "temporal",
        "title": null,
        "axis": {"grid": false}},
   
      "y": {
        "field": "newCasesByPublishDateRollingRate",
        "type": "quantitative",
        "title": null,
        "axis": {"grid": false}},

      "color": {
        "field": "areaName",
        "type": "nominal",
        "scale": {"scheme": "set1"},
        "title": null,
        "legend": {"orient": "top-right"}
   
     }
  }
}