{
  "$schema": "https://vega.github.io/schema/vega-lite/v5.json",
  "description": "SAS litter",
  "title": {

    "text": "UK beach litter - by brand",

    "subtitle": "Share of litter found. Source: SAS 2021 Brand Audit.",

    "subtitleFontStyle":"italic",

    "subtitleFontSize":10,

    "anchor": "start",

    "color": "black"
 },

  "data": {"url": "https://raw.githubusercontent.com/RDeconomist/RDeconomist.github.io/main/data/chartENV17.csv"},
  "mark":{

 

      "type": "bar",

      "color": "#86d0bb",

      "strokeWidth":2,

      "opacity":1

 

    },
  "height": 300,
  "width": 250,

  "encoding": {
    "y": {"field": "Brand", "type": "ordinal", "sort":[], "title": null},




    "x": {"field": "Value", "type": "quantitative", "title": null, "scale": {"domain": [0, 18]}}
 

    }


}
