{
  "$schema": "https://vega.github.io/schema/vega-lite/v5.json",

    "data": {
    "url": "https://raw.githubusercontent.com/RDeconomist/RDeconomist.github.io/main/charts/colour/dataKlein.csv"
    },

    "title": {
      "text": "Yves Klein",
      "subtitle": "IKB 79 (1959)",
      "subtitleFontStyle":"italic",
      "subtitleFontSize":10,
      "anchor": "start",
      "color": "black"
    },

  "config":{
    "background": "#FAFAFA"},

  "height": 300,
  "width": 300,

  "mark":{
     "type": "bar",
     "width":300,
     "color":"rgb(0,47,167)"},

  "encoding": {

    "x": {
      "field": "column", 
      "type": "ordinal",
      "axis": null
      },

    "y": {
      "field": "height", 
      "type": "quantitative",
      "axis": null
    }
  }
}