{
    "$schema": "https://vega.github.io/schema/vega-lite/v5.json",
  
      "data": {
      "url": "https://raw.githubusercontent.com/RDeconomist/RDeconomist.github.io/main/charts/colour/dataHirst.csv"
      },
  
      "title": {
        "text": "Damien Hirst",
        "subtitle": ["Untitled (with Black Dot), 1988",""],
        "subtitleFontStyle":"italic",
        "subtitleFontSize":10,
        "anchor": "start",
        "color": "black"
      },
  
      "config":{
        "background": "#FAFAFA",
        "view": {"stroke":null}},
  
    "height": 300,
    "width": 300,
  
    "mark":{
       "type": "circle",
       "size":100},
  
    "encoding": {
      "x": {
        "field": "x", 
        "type": "quantitative",
        "axis": null},
      "y": {
        "field": "y", 
        "type": "quantitative",
        "axis": null},
      "color": {
        "field": "random", 
        "type": "quantitative",
        "legend":null,
        "scale": {"scheme":"set1"}}
      }
  }