{
  "$schema": "https://vega.github.io/schema/vega-lite/v5.json",

    "data": {
    "url": "https://raw.githubusercontent.com/RDeconomist/vega/master/Albers.csv"
    },

    "title": {
      "text": "Josef Albers",
      "subtitle": "Homage to the Square (1967)",
      "subtitleFontStyle":"italic",
      "subtitleFontSize":10,
      "anchor": "start",
      "color": "black"
    },

  "config":{
    "background": "#FAFAFA"
     
    },

  "height": 300,
  "width": 300,

  "mark":{
     "type": "bar",
     "width":30},

  "encoding": {

    "x": {
      "field": "Stacks", 
      "type": "ordinal",
      "axis": null
      },

    "y": {
      "field": "Height", 
      "type": "quantitative",
      "sort":"descending",
      "axis": null
      },

    "color": {
      "field": "Tone", 
      "type": "ordinal",
      "legend":null,
      "scale": {
        "domain": ["a","b","c","d","e","f","g"],
        "range": ["rgb(225,167,0)","rgb(238,93,3)","rgb(347,98,0)","rgb(221,33,1)","rgb(347,98,0)","rgb(238,93,3)","rgb(225,167,0)"]
            }
          }
        }
}