{
  "$schema": "https://vega.github.io/schema/vega-lite/v5.json",
  "data": {
    "url": "https://api.allorigins.win/raw?url=https://api.ons.gov.uk/timeseries/abml/dataset/qna/data",
    "format": {"type": "json", "property": "quarters"}
  },
  "mark": {"type": "line", "color": "#122b39", "strokeWidth": 2, "opacity": 1},
  "transform": [
    {"calculate": "substring(datum.quarter,1)*3-1", "as": "quarter_n"},
    {"calculate": "join([datum.year, datum.quarter_n],['-'])", "as": "date2"},
    {"calculate": "timeParse(datum.date2, '%Y-%m')", "as": "date3"},
    {"filter": "datum.year>minYear"},
    {"filter": "datum.year<maxYear"}
  ],
  "title": {
    "text": "Gross Value Added (GVA)",
    "subtitle": "At basic prices (£m). Source: ONS",
    "subtitleFontStyle": "italic",
    "subtitleFontSize": 10,
    "anchor": "start",
    "color": "black"
  },
  "params": [
    {
      "name": "minYear",
      "value": 2005,
      "bind": {
        "input": "range",
        "min": 2005,
        "max": 2022,
        "step": 1,
        "name": "Start year:"
      }
    },
    {
      "name": "maxYear",
      "value": 2022,
      "bind": {
        "input": "range",
        "min": 2005,
        "max": 2022,
        "step": 1,
        "name": "End year:"
      }
    }
  ],
  "width": 280,
  "height": 300,
  "encoding": {
    "x": {"field": "date3", "type": "temporal", "title": null},
    "y": {"field": "value", "type": "quantitative", "title": null},
    "tooltip": [
      {"field": "date3", "type": "temporal", "title": "Date"},
      {"field": "value", "type": "quantitative", "title": "GVA (£m)"}
    ]
  },
  "config": {}
}