{

    "$schema": "https://vega.github.io/schema/vega-lite/v5.json",

 

    "data": {

 

      "url": "https://api.allorigins.win/raw?url=https://api.ons.gov.uk/timeseries/ybus/dataset/lms/data",

 

      "format": {

        "type":"json",

        "property": "quarters"

 

      }},

 

    "mark":{

 

      "type": "line",

      "color":"seagreen",

      "strokeWidth":2,

      "opacity":1

 

    },

 

    "transform": [

 

      {"calculate":"substring(datum.quarter,1)*3-1", "as": "quarter_n"},

      {"calculate":"join([datum.year, datum.quarter_n],['-'])", "as": "date2"},

      {"calculate":"timeParse(datum.date2, '%Y-%m')", "as": "date3"}

 

    ],

 

    "title": {

    "text": "Total weekly hours",

    "subtitle": "United Kingdom (millions), 16+, seasonally adjusted",

    "subtitleFontStyle":"italic",

    "subtitleFontSize":10,

    "anchor": "start",

    "color": "black"

 

  },

 

    "width":300,

    "height":300,

 

    "encoding": {

 

      "x": {

        "field": "date3",

        "type": "temporal",

        "title":null

        },

 

      "y": {

        "field": "value",

        "type": "quantitative",

        "scale": {"domain": [600, 1200]},

        "title":null

        },

        "tooltip": [

      {"field": "date3", "type": "temporal", "title": "Year", "timeUnit": "year"},

      {"field": "value", "type": "quantitative", "title": "Total weekly hours (millions)"}

   

    ]

 

    }


}
